# Blender 5.2.0 LTS
# www.blender.org
mtllib Untitled.mtl
o GeometryNode_1100
v 0.736007 3.005302 1.570162
v 0.707201 3.248590 1.511636
v 0.551801 2.993555 1.616133
v 0.522880 3.239210 1.557508
v 0.551801 2.993555 1.616133
v 0.522880 3.239210 1.557508
v 0.497423 2.930999 1.377313
v 0.468616 3.174287 1.318787
v 0.497423 2.930999 1.377313
v 0.468616 3.174287 1.318787
v 0.681744 2.940379 1.331441
v 0.652822 3.186033 1.272816
v 0.681744 2.940379 1.331441
v 0.652822 3.186033 1.272816
v 0.736007 3.005302 1.570162
v 0.707201 3.248590 1.511636
v 0.468616 3.174287 1.318787
v 0.522880 3.239210 1.557508
v 0.652822 3.186033 1.272816
v 0.707201 3.248590 1.511636
v 0.551801 2.993555 1.616133
v 0.497423 2.930999 1.377313
v 0.736007 3.005302 1.570162
v 0.681744 2.940379 1.331441
v 0.588545 1.352514 0.097071
v 0.545004 2.168108 0.055421
v -0.292289 1.329909 0.575220
v -0.335830 2.145502 0.533570
v -0.292289 1.329909 0.575220
v -0.335830 2.145502 0.533570
v -0.797239 1.259781 -0.358300
v -0.840779 2.075374 -0.399950
v -0.797239 1.259781 -0.358300
v -0.840779 2.075374 -0.399950
v 0.083596 1.282387 -0.836449
v 0.040055 2.097980 -0.878099
v 0.083596 1.282387 -0.836449
v 0.040055 2.097980 -0.878099
v 0.588545 1.352514 0.097071
v 0.545004 2.168108 0.055421
v -0.840779 2.075374 -0.399950
v -0.335830 2.145502 0.533570
v 0.040055 2.097980 -0.878099
v 0.545004 2.168108 0.055421
v -0.292289 1.329909 0.575220
v -0.797239 1.259781 -0.358300
v 0.588545 1.352514 0.097071
v 0.083596 1.282387 -0.836449
v 0.060001 1.396714 -0.739024
v 0.070129 2.081827 -0.687975
v -0.375694 1.396830 -0.672875
v -0.365565 2.081944 -0.621826
v -0.375694 1.396830 -0.672875
v -0.365565 2.081944 -0.621826
v -0.469937 1.446352 -1.288873
v -0.459808 2.131465 -1.237824
v -0.469937 1.446352 -1.288873
v -0.459808 2.131465 -1.237824
v -0.034243 1.446235 -1.355023
v -0.024114 2.131348 -1.303974
v -0.034243 1.446235 -1.355023
v -0.024114 2.131348 -1.303974
v 0.060001 1.396714 -0.739024
v 0.070129 2.081827 -0.687975
v -0.459808 2.131465 -1.237824
v -0.365565 2.081944 -0.621826
v -0.024114 2.131348 -1.303974
v 0.070129 2.081827 -0.687975
v -0.375694 1.396830 -0.672875
v -0.469937 1.446352 -1.288873
v 0.060001 1.396714 -0.739024
v -0.034243 1.446235 -1.355023
v -0.028982 1.469161 -1.319726
v -0.011293 2.090003 -1.237422
v -0.458996 1.469453 -1.236174
v -0.441307 2.090295 -1.153871
v -0.458996 1.469453 -1.236174
v -0.441307 2.090295 -1.153871
v -0.574673 1.549971 -1.842584
v -0.556984 2.170813 -1.760280
v -0.574673 1.549971 -1.842584
v -0.556984 2.170813 -1.760280
v -0.144659 1.549680 -1.926135
v -0.126970 2.170522 -1.843832
v -0.144659 1.549680 -1.926135
v -0.126970 2.170522 -1.843832
v -0.028982 1.469161 -1.319726
v -0.011293 2.090003 -1.237422
v -0.556984 2.170813 -1.760280
v -0.441307 2.090295 -1.153871
v -0.126970 2.170522 -1.843832
v -0.011293 2.090003 -1.237422
v -0.458996 1.469453 -1.236174
v -0.574673 1.549971 -1.842584
v -0.028982 1.469161 -1.319726
v -0.144659 1.549680 -1.926135
v -0.165403 1.575589 -1.883773
v -0.144548 2.131471 -1.794508
v -0.524225 1.573466 -1.775176
v -0.503111 2.124019 -1.685687
v -0.524225 1.573466 -1.775176
v -0.503111 2.124019 -1.685687
v -0.682647 1.661132 -2.308525
v -0.661792 2.217015 -2.219260
v -0.682647 1.661132 -2.308525
v -0.661792 2.217015 -2.219260
v -0.324084 1.668584 -2.417345
v -0.302970 2.219138 -2.327857
v -0.324084 1.668584 -2.417345
v -0.302970 2.219138 -2.327857
v -0.165403 1.575589 -1.883773
v -0.144548 2.131471 -1.794508
v -0.661792 2.217015 -2.219260
v -0.503111 2.124019 -1.685687
v -0.302970 2.219138 -2.327857
v -0.144548 2.131471 -1.794508
v -0.524225 1.573466 -1.775176
v -0.682647 1.661132 -2.308525
v -0.165403 1.575589 -1.883773
v -0.324084 1.668584 -2.417345
v -0.448694 2.183725 -2.156677
v -0.444595 2.306938 -2.137141
v -0.484226 2.204057 -2.275179
v -0.480127 2.327269 -2.255643
v -0.484226 2.204057 -2.275179
v -0.480127 2.327269 -2.255643
v -0.448694 2.183725 -2.156677
v -0.444595 2.306938 -2.137141
v -0.333083 1.720070 -2.344845
v -0.318259 2.155370 -2.283535
v -0.622519 1.715060 -2.234095
v -0.613049 2.145595 -2.176163
v -0.622519 1.715060 -2.234095
v -0.613049 2.145595 -2.176163
v -0.841299 1.797938 -2.814381
v -0.826474 2.233238 -2.753072
v -0.841299 1.797938 -2.814381
v -0.826474 2.233238 -2.753072
v -0.546509 1.807712 -2.921753
v -0.537038 2.238247 -2.863822
v -0.546509 1.807712 -2.921753
v -0.537038 2.238247 -2.863822
v -0.333083 1.720070 -2.344845
v -0.318259 2.155370 -2.283535
v -0.826474 2.233238 -2.753072
v -0.613049 2.145595 -2.176163
v -0.537038 2.238247 -2.863822
v -0.318259 2.155370 -2.283535
v -0.622519 1.715060 -2.234095
v -0.841299 1.797938 -2.814381
v -0.333083 1.720070 -2.344845
v -0.546509 1.807712 -2.921753
v -0.519798 2.171433 -2.373476
v -0.516530 2.295213 -2.356266
v -0.563165 2.188810 -2.489573
v -0.559897 2.312589 -2.472364
v -0.563165 2.188810 -2.489573
v -0.559897 2.312589 -2.472364
v -0.519798 2.171433 -2.373476
v -0.516530 2.295213 -2.356266
v -0.606891 2.190823 -2.607536
v -0.603623 2.314602 -2.590326
v -0.650258 2.208200 -2.723633
v -0.646990 2.331979 -2.706424
v -0.650258 2.208200 -2.723633
v -0.646990 2.331979 -2.706424
v -0.606891 2.190823 -2.607536
v -0.603623 2.314602 -2.590326
v -0.547546 1.863744 -2.841964
v -0.550378 2.176826 -2.822165
v -0.774101 1.857101 -2.738728
v -0.779686 2.169837 -2.724018
v -0.774101 1.857101 -2.738728
v -0.779686 2.169837 -2.724018
v -1.053423 1.893693 -3.369018
v -1.056255 2.206776 -3.349220
v -1.053423 1.893693 -3.369018
v -1.056255 2.206776 -3.349220
v -0.824115 1.900683 -3.467165
v -0.829700 2.213419 -3.452455
v -0.824115 1.900683 -3.467165
v -0.829700 2.213419 -3.452455
v -0.547546 1.863744 -2.841964
v -0.550378 2.176826 -2.822165
v -1.056255 2.206776 -3.349220
v -0.779686 2.169837 -2.724018
v -0.829700 2.213419 -3.452455
v -0.550378 2.176826 -2.822165
v -0.774101 1.857101 -2.738728
v -1.053423 1.893693 -3.369018
v -0.547546 1.863744 -2.841964
v -0.824115 1.900683 -3.467165
v -0.702105 2.177831 -2.857954
v -0.702970 2.302356 -2.849930
v -0.752577 2.184776 -2.971810
v -0.753442 2.309301 -2.963786
v -0.752577 2.184776 -2.971810
v -0.753442 2.309301 -2.963786
v -0.702105 2.177831 -2.857954
v -0.702970 2.302356 -2.849930
v -0.803110 2.175597 -3.087159
v -0.803975 2.300123 -3.079135
v -0.853582 2.182543 -3.201015
v -0.854447 2.307068 -3.192991
v -0.853582 2.182543 -3.201015
v -0.854447 2.307068 -3.192991
v -0.803110 2.175597 -3.087159
v -0.803975 2.300123 -3.079135
v -0.903423 2.111015 -3.319783
v -0.904983 2.297837 -3.308345
v -0.954103 2.117982 -3.434099
v -0.955663 2.304804 -3.422661
v -0.954103 2.117982 -3.434099
v -0.955663 2.304804 -3.422661
v -0.903423 2.111015 -3.319783
v -0.904983 2.297837 -3.308345
v -0.845419 1.964485 -3.432098
v -0.863482 2.148799 -3.460696
v -1.017579 1.959257 -3.357944
v -1.035641 2.143571 -3.386541
v -1.017579 1.959257 -3.357944
v -1.035641 2.143571 -3.386541
v -1.286966 1.828118 -3.977464
v -1.305029 2.012432 -4.006062
v -1.286966 1.828118 -3.977464
v -1.305029 2.012432 -4.006062
v -1.114807 1.833346 -4.051619
v -1.132869 2.017660 -4.080216
v -1.114807 1.833346 -4.051619
v -1.132869 2.017660 -4.080216
v -0.845419 1.964485 -3.432098
v -0.863482 2.148799 -3.460696
v -1.305029 2.012432 -4.006062
v -1.035641 2.143571 -3.386541
v -1.132869 2.017660 -4.080216
v -0.863482 2.148799 -3.460696
v -1.017579 1.959257 -3.357944
v -1.286966 1.828118 -3.977464
v -0.845419 1.964485 -3.432098
v -1.114807 1.833346 -4.051619
v -1.008579 2.085358 -3.560225
v -1.021737 2.208012 -3.580306
v -1.057431 2.061641 -3.672846
v -1.070590 2.184295 -3.692927
v -1.057431 2.061641 -3.672846
v -1.070590 2.184295 -3.692927
v -1.008579 2.085358 -3.560225
v -1.021737 2.208012 -3.580306
v -1.103987 1.909161 -3.906146
v -1.121875 2.022292 -3.953829
v -1.224553 1.901543 -3.877628
v -1.242441 2.014674 -3.925311
v -1.224553 1.901543 -3.877628
v -1.242441 2.014674 -3.925311
v -1.350990 1.610932 -4.490719
v -1.368878 1.724063 -4.538402
v -1.350990 1.610932 -4.490719
v -1.368878 1.724063 -4.538402
v -1.230424 1.618550 -4.519237
v -1.248312 1.731681 -4.566919
v -1.230424 1.618550 -4.519237
v -1.248312 1.731681 -4.566919
v -1.103987 1.909161 -3.906146
v -1.121875 2.022292 -3.953829
v -1.368878 1.724063 -4.538402
v -1.242441 2.014674 -3.925311
v -1.248312 1.731681 -4.566919
v -1.121875 2.022292 -3.953829
v -1.224553 1.901543 -3.877628
v -1.350990 1.610932 -4.490719
v -1.103987 1.909161 -3.906146
v -1.230424 1.618550 -4.519237
v -1.260475 1.673206 -4.466957
v -1.271051 1.728952 -4.492869
v -1.323148 1.665858 -4.460379
v -1.331825 1.721653 -4.487323
v -1.323148 1.665858 -4.460379
v -1.331825 1.721653 -4.487323
v -1.348429 1.414163 -4.963042
v -1.359004 1.469909 -4.988954
v -1.348429 1.414163 -4.963042
v -1.359004 1.469909 -4.988954
v -1.287655 1.421462 -4.968588
v -1.296331 1.477257 -4.995532
v -1.287655 1.421462 -4.968588
v -1.296331 1.477257 -4.995532
v -1.260475 1.673206 -4.466957
v -1.271051 1.728952 -4.492869
v -1.359004 1.469909 -4.988954
v -1.331825 1.721653 -4.487323
v -1.296331 1.477257 -4.995532
v -1.271051 1.728952 -4.492869
v -1.323148 1.665858 -4.460379
v -1.348429 1.414163 -4.963042
v -1.260475 1.673206 -4.466957
v -1.287655 1.421462 -4.968588
v -0.372093 1.399714 -0.582245
v -0.416029 2.086474 -0.611690
v -0.701133 1.390321 -0.294653
v -0.745069 2.077081 -0.324098
v -0.701133 1.390321 -0.294653
v -0.745069 2.077081 -0.324098
v -1.115680 1.344962 -0.765574
v -1.159616 2.031723 -0.795020
v -1.115680 1.344962 -0.765574
v -1.159616 2.031723 -0.795020
v -0.786640 1.354356 -1.053166
v -0.830576 2.041116 -1.082611
v -0.786640 1.354356 -1.053166
v -0.830576 2.041116 -1.082611
v -0.372093 1.399714 -0.582245
v -0.416029 2.086474 -0.611690
v -1.159616 2.031723 -0.795020
v -0.745069 2.077081 -0.324098
v -0.830576 2.041116 -1.082611
v -0.416029 2.086474 -0.611690
v -0.701133 1.390321 -0.294653
v -1.115680 1.344962 -0.765574
v -0.372093 1.399714 -0.582245
v -0.786640 1.354356 -1.053166
v -0.734187 1.394104 -0.985147
v -0.789198 2.015126 -1.029980
v -1.078157 1.383587 -0.714417
v -1.133169 2.004610 -0.759250
v -1.078157 1.383587 -0.714417
v -1.133169 2.004610 -0.759250
v -1.461025 1.313144 -1.205884
v -1.516036 1.934167 -1.250717
v -1.461025 1.313144 -1.205884
v -1.516036 1.934167 -1.250717
v -1.117054 1.323660 -1.476614
v -1.172065 1.944683 -1.521447
v -1.117054 1.323660 -1.476614
v -1.172065 1.944683 -1.521447
v -0.734187 1.394104 -0.985147
v -0.789198 2.015126 -1.029980
v -1.516036 1.934167 -1.250717
v -1.133169 2.004610 -0.759250
v -1.172065 1.944683 -1.521447
v -0.789198 2.015126 -1.029980
v -1.078157 1.383587 -0.714417
v -1.461025 1.313144 -1.205884
v -0.734187 1.394104 -0.985147
v -1.117054 1.323660 -1.476614
v -1.088938 1.369510 -1.381520
v -1.170450 1.921720 -1.467205
v -1.388105 1.364402 -1.157864
v -1.469371 1.911544 -1.243336
v -1.388105 1.364402 -1.157864
v -1.469371 1.911544 -1.243336
v -1.712789 1.243594 -1.600559
v -1.794301 1.795805 -1.686243
v -1.712789 1.243594 -1.600559
v -1.794301 1.795805 -1.686243
v -1.413868 1.253770 -1.824428
v -1.495134 1.800912 -1.909900
v -1.413868 1.253770 -1.824428
v -1.495134 1.800912 -1.909900
v -1.088938 1.369510 -1.381520
v -1.170450 1.921720 -1.467205
v -1.794301 1.795805 -1.686243
v -1.469371 1.911544 -1.243336
v -1.495134 1.800912 -1.909900
v -1.170450 1.921720 -1.467205
v -1.388105 1.364402 -1.157864
v -1.712789 1.243594 -1.600559
v -1.088938 1.369510 -1.381520
v -1.413868 1.253770 -1.824428
v -1.570332 1.809530 -1.698459
v -1.588832 1.931316 -1.718218
v -1.641985 1.782846 -1.796781
v -1.660485 1.904632 -1.816540
v -1.641985 1.782846 -1.796781
v -1.660485 1.904632 -1.816540
v -1.570332 1.809530 -1.698459
v -1.588832 1.931316 -1.718218
v -1.401126 1.334569 -1.755574
v -1.483858 1.754396 -1.846285
v -1.650449 1.325963 -1.566652
v -1.730258 1.745866 -1.658950
v -1.650449 1.325963 -1.566652
v -1.730258 1.745866 -1.658950
v -2.012730 1.154631 -2.046854
v -2.095462 1.574458 -2.137566
v -2.012730 1.154631 -2.046854
v -2.095462 1.574458 -2.137566
v -1.766331 1.163161 -2.234189
v -1.846140 1.583063 -2.326487
v -1.766331 1.163161 -2.234189
v -1.846140 1.583063 -2.326487
v -1.401126 1.334569 -1.755574
v -1.483858 1.754396 -1.846285
v -2.095462 1.574458 -2.137566
v -1.730258 1.745866 -1.658950
v -1.846140 1.583063 -2.326487
v -1.483858 1.754396 -1.846285
v -1.650449 1.325963 -1.566652
v -2.012730 1.154631 -2.046854
v -1.401126 1.334569 -1.755574
v -1.766331 1.163161 -2.234189
v -1.697871 1.707909 -1.872087
v -1.721135 1.827942 -1.897999
v -1.770440 1.673353 -1.967560
v -1.793704 1.793386 -1.993472
v -1.770440 1.673353 -1.967560
v -1.793704 1.793386 -1.993472
v -1.697871 1.707909 -1.872087
v -1.721135 1.827942 -1.897999
v -1.840413 1.623892 -2.060153
v -1.863678 1.743925 -2.086066
v -1.912982 1.589335 -2.155626
v -1.936247 1.709369 -2.181539
v -1.912982 1.589335 -2.155626
v -1.936247 1.709369 -2.181539
v -1.840413 1.623892 -2.060153
v -1.863678 1.743925 -2.086066
v -1.763907 1.242414 -2.189090
v -1.831045 1.534801 -2.264253
v -1.946804 1.240667 -2.019577
v -2.019974 1.536474 -2.098752
v -1.946804 1.240667 -2.019577
v -2.019974 1.536474 -2.098752
v -2.385781 1.013029 -2.499015
v -2.452919 1.305416 -2.574177
v -2.385781 1.013029 -2.499015
v -2.452919 1.305416 -2.574177
v -2.196851 1.011356 -2.664516
v -2.270021 1.307163 -2.743690
v -2.196851 1.011356 -2.664516
v -2.270021 1.307163 -2.743690
v -1.763907 1.242414 -2.189090
v -1.831045 1.534801 -2.264253
v -2.452919 1.305416 -2.574177
v -2.019974 1.536474 -2.098752
v -2.270021 1.307163 -2.743690
v -1.831045 1.534801 -2.264253
v -1.946804 1.240667 -2.019577
v -2.385781 1.013029 -2.499015
v -1.763907 1.242414 -2.189090
v -2.196851 1.011356 -2.664516
v -1.984949 1.504678 -2.246394
v -2.012766 1.622761 -2.277127
v -2.064470 1.463010 -2.333946
v -2.092287 1.581093 -2.364678
v -2.064470 1.463010 -2.333946
v -2.092287 1.581093 -2.364678
v -1.984949 1.504678 -2.246394
v -2.012766 1.622761 -2.277127
v -2.139954 1.406094 -2.416678
v -2.167771 1.524176 -2.447411
v -2.219475 1.364426 -2.504230
v -2.247292 1.482509 -2.534962
v -2.219475 1.364426 -2.504230
v -2.247292 1.482509 -2.534962
v -2.139954 1.406094 -2.416678
v -2.167771 1.524176 -2.447411
v -2.280924 1.248358 -2.571377
v -2.322761 1.425590 -2.617765
v -2.360478 1.206964 -2.658880
v -2.402315 1.384196 -2.705268
v -2.360478 1.206964 -2.658880
v -2.402315 1.384196 -2.705268
v -2.280924 1.248358 -2.571377
v -2.322761 1.425590 -2.617765
v -2.207588 1.076729 -2.645229
v -2.238695 1.257914 -2.685999
v -2.314709 1.090986 -2.491272
v -2.345816 1.272171 -2.532042
v -2.314709 1.090986 -2.491272
v -2.345816 1.272171 -2.532042
v -2.865230 0.916381 -2.860258
v -2.896337 1.097566 -2.901028
v -2.865230 0.916381 -2.860258
v -2.896337 1.097566 -2.901028
v -2.758109 0.902124 -3.014215
v -2.789216 1.083309 -3.054985
v -2.758109 0.902124 -3.014215
v -2.789216 1.083309 -3.054985
v -2.207588 1.076729 -2.645229
v -2.238695 1.257914 -2.685999
v -2.896337 1.097566 -2.901028
v -2.345816 1.272171 -2.532042
v -2.789216 1.083309 -3.054985
v -2.238695 1.257914 -2.685999
v -2.314709 1.090986 -2.491272
v -2.865230 0.916381 -2.860258
v -2.207588 1.076729 -2.645229
v -2.758109 0.902124 -3.014215
v -2.461980 1.179330 -2.718657
v -2.482413 1.299649 -2.744720
v -2.562342 1.147382 -2.786278
v -2.582775 1.267701 -2.812341
v -2.562342 1.147382 -2.786278
v -2.582775 1.267701 -2.812341
v -2.461980 1.179330 -2.718657
v -2.482413 1.299649 -2.744720
v -2.748695 0.929189 -2.981108
v -2.740170 1.053208 -2.994175
v -2.801341 0.944782 -2.869541
v -2.792815 1.068802 -2.882608
v -2.801341 0.944782 -2.869541
v -2.792815 1.068802 -2.882608
v -3.425127 0.954695 -3.160973
v -3.416601 1.078714 -3.174040
v -3.425127 0.954695 -3.160973
v -3.416601 1.078714 -3.174040
v -3.372482 0.939101 -3.272540
v -3.363956 1.063121 -3.285606
v -3.372482 0.939101 -3.272540
v -3.363956 1.063121 -3.285606
v -2.748695 0.929189 -2.981108
v -2.740170 1.053208 -2.994175
v -3.416601 1.078714 -3.174040
v -2.792815 1.068802 -2.882608
v -3.363956 1.063121 -3.285606
v -2.740170 1.053208 -2.994175
v -2.801341 0.944782 -2.869541
v -3.425127 0.954695 -3.160973
v -2.748695 0.929189 -2.981108
v -3.372482 0.939101 -3.272540
v -3.328154 0.964767 -3.223594
v -3.318149 1.025204 -3.228847
v -3.352294 0.971793 -3.168199
v -3.340574 1.033915 -3.170213
v -3.352294 0.971793 -3.168199
v -3.340574 1.033915 -3.170213
v -3.861965 1.058295 -3.386378
v -3.851959 1.118731 -3.391630
v -3.861965 1.058295 -3.386378
v -3.851959 1.118731 -3.391630
v -3.839540 1.049583 -3.445011
v -3.827819 1.111706 -3.447025
v -3.839540 1.049583 -3.445011
v -3.827819 1.111706 -3.447025
v -3.328154 0.964767 -3.223594
v -3.318149 1.025204 -3.228847
v -3.851959 1.118731 -3.391630
v -3.340574 1.033915 -3.170213
v -3.827819 1.111706 -3.447025
v -3.318149 1.025204 -3.228847
v -3.352294 0.971793 -3.168199
v -3.861965 1.058295 -3.386378
v -3.328154 0.964767 -3.223594
v -3.839540 1.049583 -3.445011
v 0.825147 1.763580 0.686029
v 0.643379 2.424861 0.382445
v 0.056340 1.743849 1.103366
v -0.125428 2.405130 0.799781
v 0.056340 1.743849 1.103366
v -0.125428 2.405130 0.799781
v -0.252217 1.390413 0.518240
v -0.433985 2.051694 0.214656
v -0.252217 1.390413 0.518240
v -0.433985 2.051694 0.214656
v 0.516590 1.410143 0.100904
v 0.334823 2.071425 -0.202681
v 0.516590 1.410143 0.100904
v 0.334823 2.071425 -0.202681
v 0.825147 1.763580 0.686029
v 0.643379 2.424861 0.382445
v -0.433985 2.051694 0.214656
v -0.125428 2.405130 0.799781
v 0.334823 2.071425 -0.202681
v 0.643379 2.424861 0.382445
v 0.056340 1.743849 1.103366
v -0.252217 1.390413 0.518240
v 0.825147 1.763580 0.686029
v 0.516590 1.410143 0.100904
v 0.833659 1.405139 0.270124
v 0.774408 1.959303 0.341398
v 0.615702 1.365503 0.387908
v 0.556451 1.919667 0.459182
v 0.615702 1.365503 0.387908
v 0.556451 1.919667 0.459182
v 0.496567 1.379713 0.169113
v 0.437316 1.933877 0.240386
v 0.496567 1.379713 0.169113
v 0.437316 1.933877 0.240386
v 0.714524 1.419349 0.051328
v 0.655274 1.973513 0.122602
v 0.714524 1.419349 0.051328
v 0.655274 1.973513 0.122602
v 0.833659 1.405139 0.270124
v 0.774408 1.959303 0.341398
v 0.437316 1.933877 0.240386
v 0.556451 1.919667 0.459182
v 0.655274 1.973513 0.122602
v 0.774408 1.959303 0.341398
v 0.615702 1.365503 0.387908
v 0.496567 1.379713 0.169113
v 0.833659 1.405139 0.270124
v 0.714524 1.419349 0.051328
v 0.963106 1.268981 0.601413
v 0.813270 1.420499 0.371490
v 0.853850 1.250166 0.658835
v 0.705256 1.401840 0.431207
v 0.853850 1.250166 0.658835
v 0.705256 1.401840 0.431207
v 0.840916 1.142324 0.598762
v 0.691081 1.293842 0.368839
v 0.840916 1.142324 0.598762
v 0.691081 1.293842 0.368839
v 0.948931 1.160982 0.539044
v 0.800337 1.312657 0.311416
v 0.948931 1.160982 0.539044
v 0.800337 1.312657 0.311416
v 0.963106 1.268981 0.601413
v 0.813270 1.420499 0.371490
v 0.691081 1.293842 0.368839
v 0.705256 1.401840 0.431207
v 0.800337 1.312657 0.311416
v 0.813270 1.420499 0.371490
v 0.853850 1.250166 0.658835
v 0.840916 1.142324 0.598762
v 0.963106 1.268981 0.601413
v 0.948931 1.160982 0.539044
v 0.859078 1.424389 0.388792
v 0.708256 1.576166 0.159513
v 0.694926 1.395218 0.476298
v 0.544104 1.546996 0.247019
v 0.694926 1.395218 0.476298
v 0.544104 1.546996 0.247019
v 0.673243 1.232635 0.383520
v 0.522421 1.384413 0.154241
v 0.673243 1.232635 0.383520
v 0.522421 1.384413 0.154241
v 0.837395 1.261806 0.296014
v 0.686573 1.413583 0.066735
v 0.837395 1.261806 0.296014
v 0.686573 1.413583 0.066735
v 0.859078 1.424389 0.388792
v 0.708256 1.576166 0.159513
v 0.522421 1.384413 0.154241
v 0.544104 1.546996 0.247019
v 0.686573 1.413583 0.066735
v 0.708256 1.576166 0.159513
v 0.694926 1.395218 0.476298
v 0.673243 1.232635 0.383520
v 0.859078 1.424389 0.388792
v 0.837395 1.261806 0.296014
v 1.050840 1.102300 0.639682
v 0.992398 1.275562 0.586235
v 0.884919 1.073297 0.729148
v 0.826477 1.246559 0.675700
v 0.884919 1.073297 0.729148
v 0.826477 1.246559 0.675700
v 0.859787 1.048603 0.674603
v 0.801345 1.221865 0.621156
v 0.859787 1.048603 0.674603
v 0.801345 1.221865 0.621156
v 1.025708 1.077606 0.585138
v 0.967266 1.250868 0.531690
v 1.025708 1.077606 0.585138
v 0.967266 1.250868 0.531690
v 1.050840 1.102300 0.639682
v 0.992398 1.275562 0.586235
v 0.801345 1.221865 0.621156
v 0.826477 1.246559 0.675700
v 0.967266 1.250868 0.531690
v 0.992398 1.275562 0.586235
v 0.884919 1.073297 0.729148
v 0.859787 1.048603 0.674603
v 1.050840 1.102300 0.639682
v 1.025708 1.077606 0.585138
v 0.934404 0.968073 0.719249
v 0.938532 1.091668 0.697784
v 0.877199 0.974102 0.747089
v 0.881274 1.098783 0.725578
v 0.877199 0.974102 0.747089
v 0.881274 1.098783 0.725578
v 0.848395 0.965991 0.690958
v 0.852523 1.089585 0.669493
v 0.848395 0.965991 0.690958
v 0.852523 1.089585 0.669493
v 0.905652 0.958875 0.663163
v 0.909728 1.083556 0.641652
v 0.905652 0.958875 0.663163
v 0.909728 1.083556 0.641652
v 0.934404 0.968073 0.719249
v 0.938532 1.091668 0.697784
v 0.852523 1.089585 0.669493
v 0.881274 1.098783 0.725578
v 0.909728 1.083556 0.641652
v 0.938532 1.091668 0.697784
v 0.877199 0.974102 0.747089
v 0.848395 0.965991 0.690958
v 0.934404 0.968073 0.719249
v 0.905652 0.958875 0.663163
v 0.919965 0.844127 0.721014
v 0.933661 0.968214 0.718855
v 0.863772 0.851213 0.748195
v 0.877754 0.975336 0.746564
v 0.863772 0.851213 0.748195
v 0.877754 0.975336 0.746564
v 0.836295 0.852956 0.692338
v 0.849990 0.977043 0.690179
v 0.836295 0.852956 0.692338
v 0.849990 0.977043 0.690179
v 0.892202 0.845834 0.664629
v 0.906184 0.969957 0.662998
v 0.892202 0.845834 0.664629
v 0.906184 0.969957 0.662998
v 0.919965 0.844127 0.721014
v 0.933661 0.968214 0.718855
v 0.849990 0.977043 0.690179
v 0.877754 0.975336 0.746564
v 0.906184 0.969957 0.662998
v 0.933661 0.968214 0.718855
v 0.863772 0.851213 0.748195
v 0.836295 0.852956 0.692338
v 0.919965 0.844127 0.721014
v 0.892202 0.845834 0.664629
v 0.875051 0.790845 0.714233
v 0.891815 0.847355 0.734666
v 0.852331 0.816618 0.661847
v 0.869095 0.873128 0.682280
v 0.852331 0.816618 0.661847
v 0.869095 0.873128 0.682280
v 0.875051 0.790845 0.714233
v 0.891815 0.847355 0.734666
v 0.999486 0.971992 0.636853
v 0.995391 1.093854 0.668450
v 0.944122 0.962509 0.666599
v 0.939467 1.084357 0.698500
v 0.944122 0.962509 0.666599
v 0.939467 1.084357 0.698500
v 0.912319 0.975953 0.612655
v 0.908224 1.097816 0.644252
v 0.912319 0.975953 0.612655
v 0.908224 1.097816 0.644252
v 0.968243 0.985450 0.582604
v 0.963588 1.107299 0.614505
v 0.968243 0.985450 0.582604
v 0.963588 1.107299 0.614505
v 0.999486 0.971992 0.636853
v 0.995391 1.093854 0.668450
v 0.908224 1.097816 0.644252
v 0.939467 1.084357 0.698500
v 0.963588 1.107299 0.614505
v 0.995391 1.093854 0.668450
v 0.944122 0.962509 0.666599
v 0.912319 0.975953 0.612655
v 0.999486 0.971992 0.636853
v 0.968243 0.985450 0.582604
v 0.992180 0.858231 0.587366
v 0.998707 0.972856 0.636540
v 0.937857 0.848718 0.616416
v 0.943830 0.963329 0.665890
v 0.937857 0.848718 0.616416
v 0.943830 0.963329 0.665890
v 0.906909 0.871765 0.567104
v 0.913435 0.986390 0.616277
v 0.906909 0.871765 0.567104
v 0.913435 0.986390 0.616277
v 0.961785 0.881292 0.537753
v 0.967758 0.995903 0.587228
v 0.961785 0.881292 0.537753
v 0.967758 0.995903 0.587228
v 0.992180 0.858231 0.587366
v 0.998707 0.972856 0.636540
v 0.913435 0.986390 0.616277
v 0.943830 0.963329 0.665890
v 0.967758 0.995903 0.587228
v 0.998707 0.972856 0.636540
v 0.937857 0.848718 0.616416
v 0.906909 0.871765 0.567104
v 0.992180 0.858231 0.587366
v 0.961785 0.881292 0.537753
v 0.950043 0.809333 0.559780
v 0.964905 0.853253 0.601793
v 0.923135 0.852795 0.523872
v 0.937996 0.896715 0.565884
v 0.923135 0.852795 0.523872
v 0.937996 0.896715 0.565884
v 0.950043 0.809333 0.559780
v 0.964905 0.853253 0.601793
v 1.067658 1.015909 0.583575
v 1.044047 1.126520 0.638301
v 1.017780 0.990413 0.613235
v 0.993391 1.101005 0.668384
v 1.017780 0.990413 0.613235
v 0.993391 1.101005 0.668384
v 0.979781 1.007203 0.564485
v 0.956170 1.117814 0.619211
v 0.979781 1.007203 0.564485
v 0.956170 1.117814 0.619211
v 1.030438 1.032719 0.534402
v 1.006048 1.143310 0.589551
v 1.030438 1.032719 0.534402
v 1.006048 1.143310 0.589551
v 1.067658 1.015909 0.583575
v 1.044047 1.126520 0.638301
v 0.956170 1.117814 0.619211
v 0.993391 1.101005 0.668384
v 1.006048 1.143310 0.589551
v 1.044047 1.126520 0.638301
v 1.017780 0.990413 0.613235
v 0.979781 1.007203 0.564485
v 1.067658 1.015909 0.583575
v 1.030438 1.032719 0.534402
v 1.077122 0.913905 0.512894
v 1.066143 1.016399 0.583545
v 1.028097 0.888649 0.542197
v 1.017117 0.991142 0.612848
v 1.028097 0.888649 0.542197
v 1.017117 0.991142 0.612848
v 0.990458 0.913975 0.499684
v 0.979479 1.016469 0.570335
v 0.990458 0.913975 0.499684
v 0.979479 1.016469 0.570335
v 1.039484 0.939232 0.470381
v 1.028504 1.041725 0.541032
v 1.039484 0.939232 0.470381
v 1.028504 1.041725 0.541032
v 1.077122 0.913905 0.512894
v 1.066143 1.016399 0.583545
v 0.979479 1.016469 0.570335
v 1.017117 0.991142 0.612848
v 1.028504 1.041725 0.541032
v 1.066143 1.016399 0.583545
v 1.028097 0.888649 0.542197
v 0.990458 0.913975 0.499684
v 1.077122 0.913905 0.512894
v 1.039484 0.939232 0.470381
v 1.043016 0.863426 0.478930
v 1.052699 0.901094 0.527677
v 1.005735 0.906550 0.452962
v 1.015418 0.944219 0.501709
v 1.005735 0.906550 0.452962
v 1.015418 0.944219 0.501709
v 1.043016 0.863426 0.478930
v 1.052699 0.901094 0.527677
v -0.016797 1.523551 1.113567
v 0.004059 1.955637 0.753169
v -0.241844 1.604349 1.196923
v -0.217850 2.036515 0.834822
v -0.241844 1.604349 1.196923
v -0.217850 2.036515 0.834822
v -0.353470 1.467094 1.022233
v -0.332614 1.899179 0.661835
v -0.353470 1.467094 1.022233
v -0.332614 1.899179 0.661835
v -0.131560 1.386215 0.940579
v -0.107567 1.818381 0.578479
v -0.131560 1.386215 0.940579
v -0.107567 1.818381 0.578479
v -0.016797 1.523551 1.113567
v 0.004059 1.955637 0.753169
v -0.332614 1.899179 0.661835
v -0.217850 2.036515 0.834822
v -0.107567 1.818381 0.578479
v 0.004059 1.955637 0.753169
v -0.241844 1.604349 1.196923
v -0.353470 1.467094 1.022233
v -0.016797 1.523551 1.113567
v -0.131560 1.386215 0.940579
v -0.113566 1.670398 1.239059
v -0.107504 1.581459 0.936419
v -0.298942 1.710897 1.221222
v -0.291465 1.622136 0.921197
v -0.298942 1.710897 1.221222
v -0.291465 1.622136 0.921197
v -0.341840 1.534021 1.273458
v -0.335779 1.445082 0.970817
v -0.341840 1.534021 1.273458
v -0.335779 1.445082 0.970817
v -0.157879 1.493344 1.288680
v -0.150402 1.404583 0.988655
v -0.157879 1.493344 1.288680
v -0.150402 1.404583 0.988655
v -0.113566 1.670398 1.239059
v -0.107504 1.581459 0.936419
v -0.335779 1.445082 0.970817
v -0.291465 1.622136 0.921197
v -0.150402 1.404583 0.988655
v -0.107504 1.581459 0.936419
v -0.298942 1.710897 1.221222
v -0.341840 1.534021 1.273458
v -0.113566 1.670398 1.239059
v -0.157879 1.493344 1.288680
v -0.156179 1.740860 1.509435
v -0.148337 1.651898 1.210044
v -0.278746 1.768361 1.497816
v -0.270904 1.679400 1.198426
v -0.278746 1.768361 1.497816
v -0.270904 1.679400 1.198426
v -0.307862 1.652263 1.530611
v -0.300020 1.563302 1.231221
v -0.307862 1.652263 1.530611
v -0.300020 1.563302 1.231221
v -0.185295 1.624761 1.542230
v -0.177453 1.535800 1.242840
v -0.185295 1.624761 1.542230
v -0.177453 1.535800 1.242840
v -0.156179 1.740860 1.509435
v -0.148337 1.651898 1.210044
v -0.300020 1.563302 1.231221
v -0.270904 1.679400 1.198426
v -0.177453 1.535800 1.242840
v -0.148337 1.651898 1.210044
v -0.278746 1.768361 1.497816
v -0.307862 1.652263 1.530611
v -0.156179 1.740860 1.509435
v -0.185295 1.624761 1.542230
v -0.143970 1.725526 1.699087
v -0.124553 1.735022 1.510831
v -0.329415 1.766240 1.682629
v -0.310049 1.776760 1.494330
v -0.329415 1.766240 1.682629
v -0.310049 1.776760 1.494330
v -0.342929 1.703661 1.677224
v -0.323512 1.713156 1.488968
v -0.342929 1.703661 1.677224
v -0.323512 1.713156 1.488968
v -0.157433 1.661923 1.693725
v -0.138066 1.672442 1.505426
v -0.157433 1.661923 1.693725
v -0.138066 1.672442 1.505426
v -0.143970 1.725526 1.699087
v -0.124553 1.735022 1.510831
v -0.323512 1.713156 1.488968
v -0.310049 1.776760 1.494330
v -0.138066 1.672442 1.505426
v -0.124553 1.735022 1.510831
v -0.329415 1.766240 1.682629
v -0.342929 1.703661 1.677224
v -0.143970 1.725526 1.699087
v -0.157433 1.661923 1.693725
v -0.129911 1.688492 1.792771
v -0.142588 1.732343 1.674785
v -0.191847 1.697074 1.802158
v -0.205261 1.740907 1.684573
v -0.191847 1.697074 1.802158
v -0.205261 1.740907 1.684573
v -0.203236 1.637866 1.781893
v -0.215914 1.681717 1.663908
v -0.203236 1.637866 1.781893
v -0.215914 1.681717 1.663908
v -0.140564 1.629302 1.772105
v -0.153978 1.673135 1.654520
v -0.140564 1.629302 1.772105
v -0.153978 1.673135 1.654520
v -0.129911 1.688492 1.792771
v -0.142588 1.732343 1.674785
v -0.215914 1.681717 1.663908
v -0.205261 1.740907 1.684573
v -0.153978 1.673135 1.654520
v -0.142588 1.732343 1.674785
v -0.191847 1.697074 1.802158
v -0.203236 1.637866 1.781893
v -0.129911 1.688492 1.792771
v -0.140564 1.629302 1.772105
v -0.121585 1.624842 1.899366
v -0.130204 1.687655 1.791936
v -0.183031 1.633564 1.909110
v -0.191651 1.696376 1.801679
v -0.183031 1.633564 1.909110
v -0.191651 1.696376 1.801679
v -0.195217 1.580390 1.878898
v -0.203836 1.643203 1.771467
v -0.195217 1.580390 1.878898
v -0.203836 1.643203 1.771467
v -0.133770 1.571668 1.869154
v -0.142390 1.634481 1.761724
v -0.133770 1.571668 1.869154
v -0.142390 1.634481 1.761724
v -0.121585 1.624842 1.899366
v -0.130204 1.687655 1.791936
v -0.203836 1.643203 1.771467
v -0.191651 1.696376 1.801679
v -0.142390 1.634481 1.761724
v -0.130204 1.687655 1.791936
v -0.183031 1.633564 1.909110
v -0.195217 1.580390 1.878898
v -0.121585 1.624842 1.899366
v -0.133770 1.571668 1.869154
v -0.152980 1.579426 1.942413
v -0.152382 1.629112 1.904508
v -0.165753 1.542371 1.893646
v -0.165155 1.592058 1.855741
v -0.165753 1.542371 1.893646
v -0.165155 1.592058 1.855741
v -0.152980 1.579426 1.942413
v -0.152382 1.629112 1.904508
v -0.222883 1.710381 1.813553
v -0.205627 1.738641 1.691982
v -0.285731 1.724222 1.808008
v -0.267574 1.752506 1.685948
v -0.285731 1.724222 1.808008
v -0.267574 1.752506 1.685948
v -0.297409 1.663937 1.792238
v -0.280153 1.692197 1.670666
v -0.297409 1.663937 1.792238
v -0.280153 1.692197 1.670666
v -0.235462 1.650072 1.798272
v -0.217306 1.678355 1.676212
v -0.235462 1.650072 1.798272
v -0.217306 1.678355 1.676212
v -0.222883 1.710381 1.813553
v -0.205627 1.738641 1.691982
v -0.280153 1.692197 1.670666
v -0.267574 1.752506 1.685948
v -0.217306 1.678355 1.676212
v -0.205627 1.738641 1.691982
v -0.285731 1.724222 1.808008
v -0.297409 1.663937 1.792238
v -0.222883 1.710381 1.813553
v -0.235462 1.650072 1.798272
v -0.244869 1.662163 1.926272
v -0.223815 1.710717 1.813152
v -0.305990 1.676392 1.920624
v -0.284889 1.723981 1.807544
v -0.305990 1.676392 1.920624
v -0.284889 1.723981 1.807544
v -0.316200 1.619637 1.894964
v -0.295145 1.668191 1.781844
v -0.316200 1.619637 1.894964
v -0.295145 1.668191 1.781844
v -0.255126 1.606373 1.900572
v -0.234025 1.653962 1.787492
v -0.255126 1.606373 1.900572
v -0.234025 1.653962 1.787492
v -0.244869 1.662163 1.926272
v -0.223815 1.710717 1.813152
v -0.295145 1.668191 1.781844
v -0.284889 1.723981 1.807544
v -0.234025 1.653962 1.787492
v -0.223815 1.710717 1.813152
v -0.305990 1.676392 1.920624
v -0.316200 1.619637 1.894964
v -0.244869 1.662163 1.926272
v -0.255126 1.606373 1.900572
v -0.289252 1.625449 1.966242
v -0.275488 1.669284 1.923628
v -0.294678 1.583022 1.920848
v -0.280914 1.626858 1.878234
v -0.294678 1.583022 1.920848
v -0.280914 1.626858 1.878234
v -0.289252 1.625449 1.966242
v -0.275488 1.669284 1.923628
v -0.321302 1.674568 1.759454
v -0.265926 1.754929 1.679267
v -0.378693 1.692924 1.738917
v -0.323317 1.773284 1.658730
v -0.378693 1.692924 1.738917
v -0.323317 1.773284 1.658730
v -0.377458 1.647121 1.694387
v -0.322082 1.727481 1.614200
v -0.377458 1.647121 1.694387
v -0.322082 1.727481 1.614200
v -0.320067 1.628765 1.714925
v -0.264691 1.709126 1.634737
v -0.320067 1.628765 1.714925
v -0.264691 1.709126 1.634737
v -0.321302 1.674568 1.759454
v -0.265926 1.754929 1.679267
v -0.322082 1.727481 1.614200
v -0.323317 1.773284 1.658730
v -0.264691 1.709126 1.634737
v -0.265926 1.754929 1.679267
v -0.378693 1.692924 1.738917
v -0.377458 1.647121 1.694387
v -0.321302 1.674568 1.759454
v -0.320067 1.628765 1.714925
v -0.375072 1.580806 1.821229
v -0.322212 1.674636 1.758397
v -0.431333 1.598618 1.800752
v -0.378472 1.692448 1.737920
v -0.431333 1.598618 1.800752
v -0.378472 1.692448 1.737920
v -0.424560 1.561195 1.750928
v -0.371700 1.655025 1.688095
v -0.424560 1.561195 1.750928
v -0.371700 1.655025 1.688095
v -0.368299 1.543383 1.771405
v -0.315439 1.637213 1.708572
v -0.368299 1.543383 1.771405
v -0.315439 1.637213 1.708572
v -0.375072 1.580806 1.821229
v -0.322212 1.674636 1.758397
v -0.371700 1.655025 1.688095
v -0.378472 1.692448 1.737920
v -0.315439 1.637213 1.708572
v -0.322212 1.674636 1.758397
v -0.431333 1.598618 1.800752
v -0.424560 1.561195 1.750928
v -0.375072 1.580806 1.821229
v -0.368299 1.543383 1.771405
v -0.425528 1.531893 1.820729
v -0.403397 1.589395 1.811070
v -0.409158 1.515619 1.762646
v -0.387027 1.573120 1.752988
v -0.409158 1.515619 1.762646
v -0.387027 1.573120 1.752988
v -0.425528 1.531893 1.820729
v -0.403397 1.589395 1.811070
v 0.785815 2.407678 0.906103
v 0.499414 2.610468 0.388089
v 0.236667 2.393585 1.204201
v -0.049734 2.596375 0.686187
v 0.236667 2.393585 1.204201
v -0.049734 2.596375 0.686187
v 0.151626 1.801838 1.019564
v -0.134775 2.004628 0.501550
v 0.151626 1.801838 1.019564
v -0.134775 2.004628 0.501550
v 0.700774 1.815931 0.721466
v 0.414373 2.018721 0.203452
v 0.700774 1.815931 0.721466
v 0.414373 2.018721 0.203452
v 0.785815 2.407678 0.906103
v 0.499414 2.610468 0.388089
v -0.134775 2.004628 0.501550
v -0.049734 2.596375 0.686187
v 0.414373 2.018721 0.203452
v 0.499414 2.610468 0.388089
v 0.236667 2.393585 1.204201
v 0.151626 1.801838 1.019564
v 0.785815 2.407678 0.906103
v 0.700774 1.815931 0.721466
v 0.762215 2.603314 1.002914
v 0.576445 2.936291 0.676437
v 0.322896 2.592039 1.241393
v 0.137126 2.925017 0.914915
v 0.322896 2.592039 1.241393
v 0.137126 2.925017 0.914915
v 0.191487 2.266273 0.983914
v 0.005718 2.599250 0.657436
v 0.191487 2.266273 0.983914
v 0.005718 2.599250 0.657436
v 0.630806 2.277548 0.745435
v 0.445037 2.610525 0.418958
v 0.630806 2.277548 0.745435
v 0.445037 2.610525 0.418958
v 0.762215 2.603314 1.002914
v 0.576445 2.936291 0.676437
v 0.005718 2.599250 0.657436
v 0.137126 2.925017 0.914915
v 0.445037 2.610525 0.418958
v 0.576445 2.936291 0.676437
v 0.322896 2.592039 1.241393
v 0.191487 2.266273 0.983914
v 0.762215 2.603314 1.002914
v 0.630806 2.277548 0.745435
v 0.801842 2.682591 1.145183
v 0.710573 3.084721 0.996060
v 0.417438 2.672726 1.353851
v 0.326169 3.074856 1.204729
v 0.417438 2.672726 1.353851
v 0.326169 3.074856 1.204729
v 0.256476 2.524523 1.050323
v 0.165207 2.926652 0.901201
v 0.256476 2.524523 1.050323
v 0.165207 2.926652 0.901201
v 0.640879 2.534388 0.841655
v 0.549610 2.936518 0.692532
v 0.640879 2.534388 0.841655
v 0.549610 2.936518 0.692532
v 0.801842 2.682591 1.145183
v 0.710573 3.084721 0.996060
v 0.165207 2.926652 0.901201
v 0.326169 3.074856 1.204729
v 0.549610 2.936518 0.692532
v 0.710573 3.084721 0.996060
v 0.417438 2.672726 1.353851
v 0.256476 2.524523 1.050323
v 0.801842 2.682591 1.145183
v 0.640879 2.534388 0.841655
v 0.869335 2.710805 1.526626
v 0.833269 3.146744 1.480798
v 0.444866 2.687095 1.630676
v 0.408801 3.123034 1.584848
v 0.444866 2.687095 1.630676
v 0.408801 3.123034 1.584848
v 0.345045 2.634333 1.204772
v 0.308979 3.070272 1.158943
v 0.345045 2.634333 1.204772
v 0.308979 3.070272 1.158943
v 0.769513 2.658043 1.100721
v 0.733448 3.093982 1.054893
v 0.769513 2.658043 1.100721
v 0.733448 3.093982 1.054893
v 0.869335 2.710805 1.526626
v 0.833269 3.146744 1.480798
v 0.308979 3.070272 1.158943
v 0.408801 3.123034 1.584848
v 0.733448 3.093982 1.054893
v 0.833269 3.146744 1.480798
v 0.444866 2.687095 1.630676
v 0.345045 2.634333 1.204772
v 0.869335 2.710805 1.526626
v 0.769513 2.658043 1.100721
v 0.853700 2.913638 1.505461
v 0.843425 3.037838 1.492405
v 0.732768 2.906884 1.535105
v 0.722493 3.031083 1.522049
v 0.732768 2.906884 1.535105
v 0.722493 3.031083 1.522049
v 0.704329 2.891851 1.413765
v 0.694054 3.016051 1.400708
v 0.704329 2.891851 1.413765
v 0.694054 3.016051 1.400708
v 0.825260 2.898607 1.384121
v 0.814985 3.022806 1.371064
v 0.825260 2.898607 1.384121
v 0.814985 3.022806 1.371064
v 0.853700 2.913638 1.505461
v 0.843425 3.037838 1.492405
v 0.694054 3.016051 1.400708
v 0.722493 3.031083 1.522049
v 0.814985 3.022806 1.371064
v 0.843425 3.037838 1.492405
v 0.732768 2.906884 1.535105
v 0.704329 2.891851 1.413765
v 0.853700 2.913638 1.505461
v 0.825260 2.898607 1.384121
v 0.805487 2.911076 1.517713
v 0.795225 3.035136 1.504674
v 0.744789 2.907756 1.532314
v 0.734528 3.031816 1.519276
v 0.744789 2.907756 1.532314
v 0.734528 3.031816 1.519276
v 0.805487 2.911076 1.517713
v 0.795225 3.035136 1.504674
v 0.847159 2.912096 1.502021
v 0.836782 3.037537 1.488834
v 0.725019 2.905273 1.531961
v 0.714641 3.030714 1.518774
v 0.725019 2.905273 1.531961
v 0.714641 3.030714 1.518774
v 0.696295 2.890090 1.409407
v 0.685917 3.015532 1.396220
v 0.696295 2.890090 1.409407
v 0.685917 3.015532 1.396220
v 0.818435 2.896913 1.379467
v 0.808058 3.022355 1.366280
v 0.818435 2.896913 1.379467
v 0.808058 3.022355 1.366280
v 0.847159 2.912096 1.502021
v 0.836782 3.037537 1.488834
v 0.685917 3.015532 1.396220
v 0.714641 3.030714 1.518774
v 0.808058 3.022355 1.366280
v 0.836782 3.037537 1.488834
v 0.725019 2.905273 1.531961
v 0.696295 2.890090 1.409407
v 0.847159 2.912096 1.502021
v 0.818435 2.896913 1.379467
v 0.545505 2.894470 1.584184
v 0.535231 3.018669 1.571128
v 0.424574 2.887714 1.613828
v 0.414299 3.011914 1.600772
v 0.424574 2.887714 1.613828
v 0.414299 3.011914 1.600772
v 0.396135 2.872683 1.492488
v 0.385860 2.996882 1.479432
v 0.396135 2.872683 1.492488
v 0.385860 2.996882 1.479432
v 0.517067 2.879437 1.462844
v 0.506792 3.003637 1.449788
v 0.517067 2.879437 1.462844
v 0.506792 3.003637 1.449788
v 0.545505 2.894470 1.584184
v 0.535231 3.018669 1.571128
v 0.385860 2.996882 1.479432
v 0.414299 3.011914 1.600772
v 0.506792 3.003637 1.449788
v 0.535231 3.018669 1.571128
v 0.424574 2.887714 1.613828
v 0.396135 2.872683 1.492488
v 0.545505 2.894470 1.584184
v 0.517067 2.879437 1.462844
v 0.491224 2.891545 1.597899
v 0.480963 3.015604 1.584860
v 0.430527 2.888224 1.612500
v 0.420265 3.012284 1.599462
v 0.430527 2.888224 1.612500
v 0.420265 3.012284 1.599462
v 0.491224 2.891545 1.597899
v 0.480963 3.015604 1.584860
v 0.553604 2.895225 1.573062
v 0.543226 3.020667 1.559875
v 0.431463 2.888402 1.603002
v 0.421086 3.013844 1.589815
v 0.431463 2.888402 1.603002
v 0.421086 3.013844 1.589815
v 0.402739 2.873220 1.480448
v 0.392362 2.998662 1.467261
v 0.402739 2.873220 1.480448
v 0.392362 2.998662 1.467261
v 0.524880 2.880043 1.450508
v 0.514502 3.005484 1.437321
v 0.524880 2.880043 1.450508
v 0.514502 3.005484 1.437321
v 0.553604 2.895225 1.573062
v 0.543226 3.020667 1.559875
v 0.392362 2.998662 1.467261
v 0.421086 3.013844 1.589815
v 0.514502 3.005484 1.437321
v 0.543226 3.020667 1.559875
v 0.431463 2.888402 1.603002
v 0.402739 2.873220 1.480448
v 0.553604 2.895225 1.573062
v 0.524880 2.880043 1.450508
v 0.854974 2.609688 1.708647
v 0.857972 2.666346 1.734932
v 0.551472 2.592366 1.781626
v 0.554471 2.649024 1.807912
v 0.551472 2.592366 1.781626
v 0.554471 2.649024 1.807912
v 0.492530 2.699707 1.563595
v 0.495529 2.756365 1.589880
v 0.492530 2.699707 1.563595
v 0.495529 2.756365 1.589880
v 0.796032 2.717030 1.490615
v 0.799030 2.773687 1.516901
v 0.796032 2.717030 1.490615
v 0.799030 2.773687 1.516901
v 0.854974 2.609688 1.708647
v 0.857972 2.666346 1.734932
v 0.495529 2.756365 1.589880
v 0.554471 2.649024 1.807912
v 0.799030 2.773687 1.516901
v 0.857972 2.666346 1.734932
v 0.551472 2.592366 1.781626
v 0.492530 2.699707 1.563595
v 0.854974 2.609688 1.708647
v 0.796032 2.717030 1.490615
v 0.826295 2.691701 1.612563
v 0.829548 2.748143 1.639637
v 0.796830 2.745379 1.503804
v 0.800084 2.801821 1.530878
v 0.796830 2.745379 1.503804
v 0.800084 2.801821 1.530878
v 0.826295 2.691701 1.612563
v 0.829548 2.748143 1.639637
v 0.857826 2.667284 1.734700
v 0.817106 2.704539 1.764340
v 0.812890 2.624921 1.726029
v 0.772170 2.662177 1.755668
v 0.812890 2.624921 1.726029
v 0.772170 2.662177 1.755668
v 0.857826 2.667284 1.734700
v 0.817106 2.704539 1.764340
v 0.597411 2.610558 1.777194
v 0.642347 2.652920 1.785865
v 0.556691 2.647813 1.806834
v 0.601627 2.690176 1.815505
v 0.556691 2.647813 1.806834
v 0.601627 2.690176 1.815505
v 0.597411 2.610558 1.777194
v 0.642347 2.652920 1.785865
v 0.524248 2.674335 1.685658
v 0.527501 2.730777 1.712732
v 0.494784 2.728014 1.576899
v 0.498037 2.784455 1.603973
v 0.494784 2.728014 1.576899
v 0.498037 2.784455 1.603973
v 0.524248 2.674335 1.685658
v 0.527501 2.730777 1.712732
v 0.685062 2.520580 1.650858
v 0.696550 2.622540 1.722873
v 0.657150 2.592721 1.553046
v 0.668639 2.694681 1.625061
v 0.657150 2.592721 1.553046
v 0.668639 2.694681 1.625061
v 0.685062 2.520580 1.650858
v 0.696550 2.622540 1.722873
v 0.862612 2.800529 1.782779
v 0.847473 2.989238 1.763813
v 0.557203 2.783677 1.856268
v 0.542064 2.972386 1.837302
v 0.557203 2.783677 1.856268
v 0.542064 2.972386 1.837302
v 0.485779 2.745126 1.550906
v 0.470640 2.933835 1.531940
v 0.485779 2.745126 1.550906
v 0.470640 2.933835 1.531940
v 0.791188 2.761978 1.477417
v 0.776049 2.950687 1.458451
v 0.791188 2.761978 1.477417
v 0.776049 2.950687 1.458451
v 0.862612 2.800529 1.782779
v 0.847473 2.989238 1.763813
v 0.470640 2.933835 1.531940
v 0.542064 2.972386 1.837302
v 0.776049 2.950687 1.458451
v 0.847473 2.989238 1.763813
v 0.557203 2.783677 1.856268
v 0.485779 2.745126 1.550906
v 0.862612 2.800529 1.782779
v 0.791188 2.761978 1.477417
v 0.847342 2.725180 1.702320
v 0.860218 2.824499 1.779205
v 0.846104 2.725132 1.702610
v 0.859000 2.824452 1.779484
v 0.846104 2.725132 1.702610
v 0.859000 2.824452 1.779484
v 0.818499 2.802784 1.606958
v 0.831375 2.902103 1.683844
v 0.818499 2.802784 1.606958
v 0.831375 2.902103 1.683844
v 0.819718 2.802831 1.606680
v 0.832614 2.902151 1.683554
v 0.819718 2.802831 1.606680
v 0.832614 2.902151 1.683554
v 0.847342 2.725180 1.702320
v 0.860218 2.824499 1.779205
v 0.831375 2.902103 1.683844
v 0.859000 2.824452 1.779484
v 0.832614 2.902151 1.683554
v 0.860218 2.824499 1.779205
v 0.846104 2.725132 1.702610
v 0.818499 2.802784 1.606958
v 0.847342 2.725180 1.702320
v 0.819718 2.802831 1.606680
v 0.544084 2.707747 1.775711
v 0.556960 2.807067 1.852596
v 0.542845 2.707700 1.776001
v 0.555741 2.807019 1.852875
v 0.542845 2.707700 1.776001
v 0.555741 2.807019 1.852875
v 0.515241 2.785352 1.680349
v 0.528117 2.884671 1.757235
v 0.515241 2.785352 1.680349
v 0.528117 2.884671 1.757235
v 0.516459 2.785399 1.680070
v 0.529355 2.884719 1.756945
v 0.516459 2.785399 1.680070
v 0.529355 2.884719 1.756945
v 0.544084 2.707747 1.775711
v 0.556960 2.807067 1.852596
v 0.528117 2.884671 1.757235
v 0.555741 2.807019 1.852875
v 0.529355 2.884719 1.756945
v 0.556960 2.807067 1.852596
v 0.542845 2.707700 1.776001
v 0.515241 2.785352 1.680349
v 0.544084 2.707747 1.775711
v 0.516459 2.785399 1.680070
v 0.794054 2.821023 1.795560
v 0.700114 2.904526 1.807143
v 0.714814 2.727574 1.825857
v 0.620800 2.811075 1.837481
v 0.714814 2.727574 1.825857
v 0.620800 2.811075 1.837481
v 0.714470 2.727421 1.824685
v 0.620530 2.810924 1.836269
v 0.714470 2.727421 1.824685
v 0.620530 2.810924 1.836269
v 0.793785 2.820872 1.794348
v 0.699770 2.904372 1.805972
v 0.793785 2.820872 1.794348
v 0.699770 2.904372 1.805972
v 0.794054 2.821023 1.795560
v 0.700114 2.904526 1.807143
v 0.620530 2.810924 1.836269
v 0.620800 2.811075 1.837481
v 0.699770 2.904372 1.805972
v 0.700114 2.904526 1.807143
v 0.714814 2.727574 1.825857
v 0.714470 2.727421 1.824685
v 0.794054 2.821023 1.795560
v 0.793785 2.820872 1.794348
v 0.736157 3.234948 1.758385
v 0.713652 3.340216 1.689488
v 0.611588 3.228237 1.787927
v 0.589084 3.333505 1.719031
v 0.611588 3.228237 1.787927
v 0.589084 3.333505 1.719031
v 0.570068 3.085454 1.584747
v 0.547564 3.190721 1.515850
v 0.570068 3.085454 1.584747
v 0.547564 3.190721 1.515850
v 0.694637 3.092165 1.555205
v 0.672133 3.197433 1.486308
v 0.694637 3.092165 1.555205
v 0.672133 3.197433 1.486308
v 0.736157 3.234948 1.758385
v 0.713652 3.340216 1.689488
v 0.547564 3.190721 1.515850
v 0.589084 3.333505 1.719031
v 0.672133 3.197433 1.486308
v 0.713652 3.340216 1.689488
v 0.611588 3.228237 1.787927
v 0.570068 3.085454 1.584747
v 0.736157 3.234948 1.758385
v 0.694637 3.092165 1.555205
v 1.387173 3.165213 1.240698
v 1.306693 3.400299 1.195878
v 0.732957 3.001502 1.570920
v 0.652477 3.236588 1.526101
v 0.732957 3.001502 1.570920
v 0.652477 3.236588 1.526101
v 0.664277 2.946997 1.402255
v 0.583797 3.182083 1.357436
v 0.664277 2.946997 1.402255
v 0.583797 3.182083 1.357436
v 1.318493 3.110708 1.072032
v 1.238012 3.345794 1.027213
v 1.318493 3.110708 1.072032
v 1.238012 3.345794 1.027213
v 1.387173 3.165213 1.240698
v 1.306693 3.400299 1.195878
v 0.583797 3.182083 1.357436
v 0.652477 3.236588 1.526101
v 1.238012 3.345794 1.027213
v 1.306693 3.400299 1.195878
v 0.732957 3.001502 1.570920
v 0.664277 2.946997 1.402255
v 1.387173 3.165213 1.240698
v 1.318493 3.110708 1.072032
v 1.654299 3.520324 1.008374
v 1.510187 3.642382 1.030369
v 1.388375 3.165840 1.239138
v 1.244463 3.283782 1.261306
v 1.388375 3.165840 1.239138
v 1.244463 3.283782 1.261306
v 1.317624 3.109983 1.073019
v 1.173512 3.232041 1.095014
v 1.317624 3.109983 1.073019
v 1.173512 3.232041 1.095014
v 1.583348 3.468583 0.842081
v 1.439435 3.586525 0.864249
v 1.583348 3.468583 0.842081
v 1.439435 3.586525 0.864249
v 1.654299 3.520324 1.008374
v 1.510187 3.642382 1.030369
v 1.173512 3.232041 1.095014
v 1.244463 3.283782 1.261306
v 1.439435 3.586525 0.864249
v 1.510187 3.642382 1.030369
v 1.388375 3.165840 1.239138
v 1.317624 3.109983 1.073019
v 1.654299 3.520324 1.008374
v 1.583348 3.468583 0.842081
v 2.057888 3.540017 0.833075
v 2.015269 3.716949 0.792217
v 1.557264 3.464677 1.069020
v 1.510554 3.641503 1.030382
v 1.557264 3.464677 1.069020
v 1.510554 3.641503 1.030382
v 1.485207 3.409101 0.904363
v 1.442588 3.586032 0.863504
v 1.485207 3.409101 0.904363
v 1.442588 3.586032 0.863504
v 1.989922 3.484546 0.666198
v 1.943212 3.661373 0.627560
v 1.989922 3.484546 0.666198
v 1.943212 3.661373 0.627560
v 2.057888 3.540017 0.833075
v 2.015269 3.716949 0.792217
v 1.442588 3.586032 0.863504
v 1.510554 3.641503 1.030382
v 1.943212 3.661373 0.627560
v 2.015269 3.716949 0.792217
v 1.557264 3.464677 1.069020
v 1.485207 3.409101 0.904363
v 2.057888 3.540017 0.833075
v 1.989922 3.484546 0.666198
v 0.554832 2.992898 1.612508
v 0.576687 3.233337 1.545286
v -0.194610 3.074923 1.622359
v -0.167222 3.315504 1.552133
v -0.194610 3.074923 1.622359
v -0.167222 3.315504 1.552133
v -0.199821 3.022345 1.438602
v -0.177967 3.262784 1.371380
v -0.199821 3.022345 1.438602
v -0.177967 3.262784 1.371380
v 0.544087 2.940179 1.431756
v 0.571476 3.180759 1.361530
v 0.544087 2.940179 1.431756
v 0.571476 3.180759 1.361530
v 0.554832 2.992898 1.612508
v 0.576687 3.233337 1.545286
v -0.177967 3.262784 1.371380
v -0.167222 3.315504 1.552133
v 0.571476 3.180759 1.361530
v 0.576687 3.233337 1.545286
v -0.194610 3.074923 1.622359
v -0.199821 3.022345 1.438602
v 0.554832 2.992898 1.612508
v 0.544087 2.940179 1.431756
v -0.190830 3.075567 1.622758
v -0.070106 3.209672 1.578435
v -0.572324 3.395486 1.547417
v -0.446561 3.529879 1.504115
v -0.572324 3.395486 1.547417
v -0.446561 3.529879 1.504115
v -0.579375 3.342824 1.366448
v -0.458651 3.476930 1.322124
v -0.579375 3.342824 1.366448
v -0.458651 3.476930 1.322124
v -0.202920 3.022617 1.440768
v -0.077157 3.157010 1.397466
v -0.202920 3.022617 1.440768
v -0.077157 3.157010 1.397466
v -0.190830 3.075567 1.622758
v -0.070106 3.209672 1.578435
v -0.458651 3.476930 1.322124
v -0.446561 3.529879 1.504115
v -0.077157 3.157010 1.397466
v -0.070106 3.209672 1.578435
v -0.572324 3.395486 1.547417
v -0.579375 3.342824 1.366448
v -0.190830 3.075567 1.622758
v -0.202920 3.022617 1.440768
v -0.453140 3.349239 1.556045
v -0.447308 3.529686 1.504595
v -1.013824 3.362675 1.574557
v -1.012226 3.543013 1.525406
v -1.013824 3.362675 1.574557
v -1.012226 3.543013 1.525406
v -1.022347 3.310709 1.394744
v -1.016515 3.491156 1.343295
v -1.022347 3.310709 1.394744
v -1.016515 3.491156 1.343295
v -0.457429 3.297382 1.373933
v -0.455831 3.477720 1.324782
v -0.457429 3.297382 1.373933
v -0.455831 3.477720 1.324782
v -0.453140 3.349239 1.556045
v -0.447308 3.529686 1.504595
v -1.016515 3.491156 1.343295
v -1.012226 3.543013 1.525406
v -0.455831 3.477720 1.324782
v -0.447308 3.529686 1.504595
v -1.013824 3.362675 1.574557
v -1.022347 3.310709 1.394744
v -0.453140 3.349239 1.556045
v -0.457429 3.297382 1.373933
v 1.054299 3.458716 1.377523
v 0.880350 3.634564 1.370578
v 0.721711 3.127537 1.540756
v 0.542673 3.303145 1.533962
v 0.721711 3.127537 1.540756
v 0.542673 3.303145 1.533962
v 0.678314 3.079354 1.363163
v 0.504365 3.255202 1.356218
v 0.678314 3.079354 1.363163
v 0.504365 3.255202 1.356218
v 1.015992 3.410773 1.199779
v 0.836953 3.586381 1.192984
v 1.015992 3.410773 1.199779
v 0.836953 3.586381 1.192984
v 1.054299 3.458716 1.377523
v 0.880350 3.634564 1.370578
v 0.504365 3.255202 1.356218
v 0.542673 3.303145 1.533962
v 0.836953 3.586381 1.192984
v 0.880350 3.634564 1.370578
v 0.721711 3.127537 1.540756
v 0.678314 3.079354 1.363163
v 1.054299 3.458716 1.377523
v 1.015992 3.410773 1.199779
v 1.057213 3.459069 1.377209
v 0.975488 4.184753 1.203490
v 0.814370 3.443630 1.435953
v 0.730455 4.169258 1.263422
v 0.814370 3.443630 1.435953
v 0.730455 4.169258 1.263422
v 0.772851 3.397307 1.258003
v 0.691126 4.122991 1.084283
v 0.772851 3.397307 1.258003
v 0.691126 4.122991 1.084283
v 1.017884 3.412802 1.198070
v 0.933970 4.138430 1.025539
v 1.017884 3.412802 1.198070
v 0.933970 4.138430 1.025539
v 1.057213 3.459069 1.377209
v 0.975488 4.184753 1.203490
v 0.691126 4.122991 1.084283
v 0.730455 4.169258 1.263422
v 0.933970 4.138430 1.025539
v 0.975488 4.184753 1.203490
v 0.814370 3.443630 1.435953
v 0.772851 3.397307 1.258003
v 1.057213 3.459069 1.377209
v 1.017884 3.412802 1.198070
v 0.975163 4.182764 1.203036
v 0.463846 4.545622 1.224323
v 0.841551 3.991196 1.284948
v 0.330467 4.349240 1.306436
v 0.841551 3.991196 1.284948
v 0.330467 4.349240 1.306436
v 0.799726 3.943063 1.107753
v 0.288408 4.305922 1.129040
v 0.799726 3.943063 1.107753
v 0.288408 4.305922 1.129040
v 0.933105 4.139444 1.025640
v 0.422020 4.497489 1.047129
v 0.933105 4.139444 1.025640
v 0.422020 4.497489 1.047129
v 0.975163 4.182764 1.203036
v 0.463846 4.545622 1.224323
v 0.288408 4.305922 1.129040
v 0.330467 4.349240 1.306436
v 0.422020 4.497489 1.047129
v 0.463846 4.545622 1.224323
v 0.841551 3.991196 1.284948
v 0.799726 3.943063 1.107753
v 0.975163 4.182764 1.203036
v 0.933105 4.139444 1.025640
v 0.538583 3.115657 1.586409
v 0.672865 3.309605 1.503625
v 0.130238 3.406239 1.601957
v 0.264520 3.600187 1.519172
v 0.130238 3.406239 1.601957
v 0.264520 3.600187 1.519172
v 0.090388 3.358601 1.422612
v 0.224669 3.552548 1.339827
v 0.090388 3.358601 1.422612
v 0.224669 3.552548 1.339827
v 0.498733 3.068019 1.407064
v 0.633015 3.261967 1.324279
v 0.498733 3.068019 1.407064
v 0.633015 3.261967 1.324279
v 0.538583 3.115657 1.586409
v 0.672865 3.309605 1.503625
v 0.224669 3.552548 1.339827
v 0.264520 3.600187 1.519172
v 0.633015 3.261967 1.324279
v 0.672865 3.309605 1.503625
v 0.130238 3.406239 1.601957
v 0.090388 3.358601 1.422612
v 0.538583 3.115657 1.586409
v 0.498733 3.068019 1.407064
v 0.372659 3.419073 1.543671
v 0.290671 4.146131 1.369246
v 0.128625 3.403577 1.602733
v 0.044436 4.130578 1.429503
v 0.128625 3.403577 1.602733
v 0.044436 4.130578 1.429503
v 0.086937 3.357141 1.423971
v 0.004948 4.084199 1.249546
v 0.086937 3.357141 1.423971
v 0.004948 4.084199 1.249546
v 0.333172 3.372693 1.363714
v 0.248983 4.099693 1.190484
v 0.333172 3.372693 1.363714
v 0.248983 4.099693 1.190484
v 0.372659 3.419073 1.543671
v 0.290671 4.146131 1.369246
v 0.004948 4.084199 1.249546
v 0.044436 4.130578 1.429503
v 0.248983 4.099693 1.190484
v 0.290671 4.146131 1.369246
v 0.128625 3.403577 1.602733
v 0.086937 3.357141 1.423971
v 0.372659 3.419073 1.543671
v 0.333172 3.372693 1.363714
v 0.222230 3.955546 1.434985
v 0.644668 4.367790 1.229889
v 0.045304 4.129629 1.429265
v 0.467503 4.546796 1.223962
v 0.045304 4.129629 1.429265
v 0.467503 4.546796 1.223962
v 0.004084 4.085550 1.250968
v 0.426522 4.497795 1.045872
v 0.004084 4.085550 1.250968
v 0.426522 4.497795 1.045872
v 0.181249 3.906545 1.256895
v 0.603449 4.323712 1.051592
v 0.181249 3.906545 1.256895
v 0.603449 4.323712 1.051592
v 0.222230 3.955546 1.434985
v 0.644668 4.367790 1.229889
v 0.426522 4.497795 1.045872
v 0.467503 4.546796 1.223962
v 0.603449 4.323712 1.051592
v 0.644668 4.367790 1.229889
v 0.045304 4.129629 1.429265
v 0.004084 4.085550 1.250968
v 0.222230 3.955546 1.434985
v 0.181249 3.906545 1.256895
v 1.280232 3.058351 1.192830
v 1.191499 3.835913 0.979023
v -0.109446 2.978634 1.532565
v -0.204879 3.755352 1.306377
v -0.109446 2.978634 1.532565
v -0.204879 3.755352 1.306377
v -0.391927 2.602135 0.297538
v -0.480660 3.379697 0.083731
v -0.391927 2.602135 0.297538
v -0.480660 3.379697 0.083731
v 1.004451 2.682697 -0.029816
v 0.909018 3.459415 -0.256004
v 1.004451 2.682697 -0.029816
v 0.909018 3.459415 -0.256004
v 1.280232 3.058351 1.192830
v 1.191499 3.835913 0.979023
v -0.480660 3.379697 0.083731
v -0.204879 3.755352 1.306377
v 0.909018 3.459415 -0.256004
v 1.191499 3.835913 0.979023
v -0.109446 2.978634 1.532565
v -0.391927 2.602135 0.297538
v 1.280232 3.058351 1.192830
v 1.004451 2.682697 -0.029816
v 0.449739 3.739888 0.968551
v 0.317384 4.361504 0.568200
v 0.408174 3.601575 0.764715
v 0.275819 4.223191 0.364364
v 0.408174 3.601575 0.764715
v 0.275819 4.223191 0.364364
v 0.449739 3.739888 0.968551
v 0.317384 4.361504 0.568200
v 0.370876 3.636378 0.617790
v 0.231659 4.126942 0.158629
v 0.338147 3.460586 0.441494
v 0.198929 3.951151 -0.017667
v 0.338147 3.460586 0.441494
v 0.198929 3.951151 -0.017667
v 0.370876 3.636378 0.617790
v 0.231659 4.126942 0.158629
v 0.292390 3.525112 0.267356
v 0.149700 3.847224 -0.248452
v 0.272783 3.312730 0.138255
v 0.130093 3.634842 -0.377552
v 0.272783 3.312730 0.138255
v 0.130093 3.634842 -0.377552
v 0.292390 3.525112 0.267356
v 0.149700 3.847224 -0.248452
v 0.923751 3.133768 0.515621
v 0.730237 3.449293 -0.213779
v -0.109108 3.077661 0.764881
v -0.297780 3.393796 0.044428
v -0.109108 3.077661 0.764881
v -0.297780 3.393796 0.044428
v -0.140380 2.386291 0.480671
v -0.333893 2.701817 -0.248729
v -0.140380 2.386291 0.480671
v -0.333893 2.701817 -0.248729
v 0.887638 2.441788 0.222463
v 0.698966 2.757924 -0.497989
v 0.887638 2.441788 0.222463
v 0.698966 2.757924 -0.497989
v 0.923751 3.133768 0.515621
v 0.730237 3.449293 -0.213779
v -0.333893 2.701817 -0.248729
v -0.297780 3.393796 0.044428
v 0.698966 2.757924 -0.497989
v 0.730237 3.449293 -0.213779
v -0.109108 3.077661 0.764881
v -0.140380 2.386291 0.480671
v 0.923751 3.133768 0.515621
v 0.887638 2.441788 0.222463
v 0.213652 3.419044 -0.083296
v 0.092408 3.529744 -0.557527
v 0.214395 3.176462 -0.138452
v 0.093152 3.287162 -0.612683
v 0.214395 3.176462 -0.138452
v 0.093152 3.287162 -0.612683
v 0.213652 3.419044 -0.083296
v 0.092408 3.529744 -0.557527
v 0.768459 2.528805 0.270068
v 0.689678 3.116477 0.067956
v -0.018207 2.485326 0.463303
v -0.101257 3.072459 0.253303
v -0.018207 2.485326 0.463303
v -0.101257 3.072459 0.253303
v -0.187405 2.203028 -0.285566
v -0.266186 2.790700 -0.487678
v -0.187405 2.203028 -0.285566
v -0.266186 2.790700 -0.487678
v 0.603530 2.247046 -0.470914
v 0.520481 2.834180 -0.680914
v 0.603530 2.247046 -0.470914
v 0.520481 2.834180 -0.680914
v 0.768459 2.528805 0.270068
v 0.689678 3.116477 0.067956
v -0.266186 2.790700 -0.487678
v -0.101257 3.072459 0.253303
v 0.520481 2.834180 -0.680914
v 0.689678 3.116477 0.067956
v -0.018207 2.485326 0.463303
v -0.187405 2.203028 -0.285566
v 0.768459 2.528805 0.270068
v 0.603530 2.247046 -0.470914
v 0.488186 2.290309 -0.410057
v 0.532930 2.713451 -0.138648
v -0.053040 2.262590 -0.277549
v -0.013402 2.678560 -0.002887
v -0.053040 2.262590 -0.277549
v -0.013402 2.678560 -0.002887
v -0.242497 2.706224 -0.930546
v -0.197753 3.129367 -0.659136
v -0.242497 2.706224 -0.930546
v -0.197753 3.129367 -0.659136
v 0.303835 2.741116 -1.066306
v 0.343473 3.157085 -0.791644
v 0.303835 2.741116 -1.066306
v 0.343473 3.157085 -0.791644
v 0.488186 2.290309 -0.410057
v 0.532930 2.713451 -0.138648
v -0.197753 3.129367 -0.659136
v -0.013402 2.678560 -0.002887
v 0.343473 3.157085 -0.791644
v 0.532930 2.713451 -0.138648
v -0.053040 2.262590 -0.277549
v -0.242497 2.706224 -0.930546
v 0.488186 2.290309 -0.410057
v 0.303835 2.741116 -1.066306
v 0.443499 2.792359 -0.753617
v 0.405698 3.160666 -0.805840
v -0.225903 2.752640 -0.592583
v -0.255245 3.121449 -0.642622
v -0.225903 2.752640 -0.592583
v -0.255245 3.121449 -0.642622
v -0.348718 2.664357 -1.131748
v -0.386519 3.032665 -1.183972
v -0.348718 2.664357 -1.131748
v -0.386519 3.032665 -1.183972
v 0.312225 2.703575 -1.294966
v 0.282884 3.072384 -1.345006
v 0.312225 2.703575 -1.294966
v 0.282884 3.072384 -1.345006
v 0.443499 2.792359 -0.753617
v 0.405698 3.160666 -0.805840
v -0.386519 3.032665 -1.183972
v -0.255245 3.121449 -0.642622
v 0.282884 3.072384 -1.345006
v 0.405698 3.160666 -0.805840
v -0.225903 2.752640 -0.592583
v -0.348718 2.664357 -1.131748
v 0.443499 2.792359 -0.753617
v 0.312225 2.703575 -1.294966
v 0.060447 3.131745 -0.784669
v -0.007199 3.522424 -0.970963
v 0.025953 3.048144 -0.947514
v -0.041693 3.438824 -1.133809
v 0.025953 3.048144 -0.947514
v -0.041693 3.438824 -1.133809
v 0.060447 3.131745 -0.784669
v -0.007199 3.522424 -0.970963
v 0.004575 3.091176 -1.025084
v -0.081889 3.419266 -1.303094
v -0.021359 2.968279 -1.162999
v -0.107824 3.296369 -1.441009
v -0.021359 2.968279 -1.162999
v -0.107824 3.296369 -1.441009
v 0.004575 3.091176 -1.025084
v -0.081889 3.419266 -1.303094
v 0.274222 2.918088 -1.140248
v 0.222344 3.068949 -1.329762
v -0.270144 2.884089 -1.010373
v -0.322233 3.039292 -1.200070
v -0.270144 2.884089 -1.010373
v -0.322233 3.039292 -1.200070
v -0.320729 2.489606 -1.313133
v -0.372608 2.640466 -1.502646
v -0.320729 2.489606 -1.313133
v -0.372608 2.640466 -1.502646
v 0.223847 2.519263 -1.442824
v 0.171758 2.674466 -1.632521
v 0.223847 2.519263 -1.442824
v 0.171758 2.674466 -1.632521
v 0.274222 2.918088 -1.140248
v 0.222344 3.068949 -1.329762
v -0.372608 2.640466 -1.502646
v -0.322233 3.039292 -1.200070
v 0.171758 2.674466 -1.632521
v 0.222344 3.068949 -1.329762
v -0.270144 2.884089 -1.010373
v -0.320729 2.489606 -1.313133
v 0.274222 2.918088 -1.140248
v 0.223847 2.519263 -1.442824
v 0.103699 2.514594 -1.413490
v 0.082711 2.693482 -1.463002
v -0.199316 2.496715 -1.341920
v -0.220304 2.675604 -1.391431
v -0.199316 2.496715 -1.341920
v -0.220304 2.675604 -1.391431
v -0.264585 2.406864 -1.633713
v -0.285574 2.585752 -1.683225
v -0.264585 2.406864 -1.633713
v -0.285574 2.585752 -1.683225
v 0.038430 2.424743 -1.705284
v 0.017441 2.603631 -1.754796
v 0.038430 2.424743 -1.705284
v 0.017441 2.603631 -1.754796
v 0.103699 2.514594 -1.413490
v 0.082711 2.693482 -1.463002
v -0.285574 2.585752 -1.683225
v -0.220304 2.675604 -1.391431
v 0.017441 2.603631 -1.754796
v 0.082711 2.693482 -1.463002
v -0.199316 2.496715 -1.341920
v -0.264585 2.406864 -1.633713
v 0.103699 2.514594 -1.413490
v 0.038430 2.424743 -1.705284
v -0.021435 2.420873 -1.691415
v -0.034938 2.540877 -1.723004
v -0.203793 2.410995 -1.647916
v -0.217295 2.530998 -1.679505
v -0.203793 2.410995 -1.647916
v -0.217295 2.530998 -1.679505
v -0.257441 2.341163 -1.882186
v -0.270943 2.461167 -1.913775
v -0.257441 2.341163 -1.882186
v -0.270943 2.461167 -1.913775
v -0.075084 2.351042 -1.925685
v -0.088586 2.471046 -1.957274
v -0.075084 2.351042 -1.925685
v -0.088586 2.471046 -1.957274
v -0.021435 2.420873 -1.691415
v -0.034938 2.540877 -1.723004
v -0.270943 2.461167 -1.913775
v -0.217295 2.530998 -1.679505
v -0.088586 2.471046 -1.957274
v -0.034938 2.540877 -1.723004
v -0.203793 2.410995 -1.647916
v -0.257441 2.341163 -1.882186
v -0.021435 2.420873 -1.691415
v -0.075084 2.351042 -1.925685
v 1.532493 2.388994 1.004128
v 1.441487 3.024651 0.761535
v -0.348436 2.279382 1.453857
v -0.433987 2.915727 1.221344
v -0.348436 2.279382 1.453857
v -0.433987 2.915727 1.221344
v -0.508911 1.979399 0.724060
v -0.599917 2.615056 0.481467
v -0.508911 1.979399 0.724060
v -0.599917 2.615056 0.481467
v 1.366563 2.088323 0.264251
v 1.281012 2.724667 0.031738
v 1.366563 2.088323 0.264251
v 1.281012 2.724667 0.031738
v 1.532493 2.388994 1.004128
v 1.441487 3.024651 0.761535
v -0.599917 2.615056 0.481467
v -0.433987 2.915727 1.221344
v 1.281012 2.724667 0.031738
v 1.441487 3.024651 0.761535
v -0.348436 2.279382 1.453857
v -0.508911 1.979399 0.724060
v 1.532493 2.388994 1.004128
v 1.366563 2.088323 0.264251
v 1.277724 2.234885 0.433031
v 1.161876 2.718664 0.057582
v -0.363135 2.142206 0.826710
v -0.478983 2.625986 0.451261
v -0.363135 2.142206 0.826710
v -0.478983 2.625986 0.451261
v -0.467730 1.706691 0.305257
v -0.583577 2.190471 -0.070191
v -0.467730 1.706691 0.305257
v -0.583577 2.190471 -0.070191
v 1.173129 1.799369 -0.088422
v 1.057282 2.283149 -0.463870
v 1.173129 1.799369 -0.088422
v 1.057282 2.283149 -0.463870
v 1.277724 2.234885 0.433031
v 1.161876 2.718664 0.057582
v -0.583577 2.190471 -0.070191
v -0.478983 2.625986 0.451261
v 1.057282 2.283149 -0.463870
v 1.161876 2.718664 0.057582
v -0.363135 2.142206 0.826710
v -0.467730 1.706691 0.305257
v 1.277724 2.234885 0.433031
v 1.173129 1.799369 -0.088422
v 1.051048 1.793384 -0.062405
v 1.039164 2.355656 -0.005059
v -0.346036 1.713239 0.282538
v -0.362055 2.274990 0.332241
v -0.346036 1.713239 0.282538
v -0.362055 2.274990 0.332241
v -0.510537 1.774214 -0.386211
v -0.522421 2.336486 -0.328865
v -0.510537 1.774214 -0.386211
v -0.522421 2.336486 -0.328865
v 0.890683 1.854880 -0.723511
v 0.874663 2.416631 -0.673808
v 0.890683 1.854880 -0.723511
v 0.874663 2.416631 -0.673808
v 1.051048 1.793384 -0.062405
v 1.039164 2.355656 -0.005059
v -0.522421 2.336486 -0.328865
v -0.362055 2.274990 0.332241
v 0.874663 2.416631 -0.673808
v 1.039164 2.355656 -0.005059
v -0.346036 1.713239 0.282538
v -0.510537 1.774214 -0.386211
v 1.051048 1.793384 -0.062405
v 0.890683 1.854880 -0.723511
v 0.763195 1.852170 -0.693345
v 0.812694 2.118515 -0.435446
v -0.386772 1.783444 -0.415149
v -0.337274 2.049789 -0.157250
v -0.386772 1.783444 -0.415149
v -0.337274 2.049789 -0.157250
v -0.524022 2.263234 -0.887495
v -0.474523 2.529579 -0.629596
v -0.524022 2.263234 -0.887495
v -0.474523 2.529579 -0.629596
v 0.625945 2.331960 -1.165691
v 0.675444 2.598306 -0.907792
v 0.625945 2.331960 -1.165691
v 0.675444 2.598306 -0.907792
v 0.763195 1.852170 -0.693345
v 0.812694 2.118515 -0.435446
v -0.474523 2.529579 -0.629596
v -0.337274 2.049789 -0.157250
v 0.675444 2.598306 -0.907792
v 0.812694 2.118515 -0.435446
v -0.386772 1.783444 -0.415149
v -0.524022 2.263234 -0.887495
v 0.763195 1.852170 -0.693345
v 0.625945 2.331960 -1.165691
v 0.587200 2.287275 -0.817471
v 0.554813 2.592016 -0.880215
v -0.325482 2.232677 -0.595077
v -0.358028 2.540691 -0.657958
v -0.325482 2.232677 -0.595077
v -0.358028 2.540691 -0.657958
v -0.450936 2.115460 -1.129039
v -0.483323 2.420201 -1.191783
v -0.450936 2.115460 -1.129039
v -0.483323 2.420201 -1.191783
v 0.461905 2.166785 -1.351295
v 0.429359 2.474799 -1.414176
v 0.461905 2.166785 -1.351295
v 0.429359 2.474799 -1.414176
v 0.587200 2.287275 -0.817471
v 0.554813 2.592016 -0.880215
v -0.483323 2.420201 -1.191783
v -0.358028 2.540691 -0.657958
v 0.429359 2.474799 -1.414176
v 0.554813 2.592016 -0.880215
v -0.325482 2.232677 -0.595077
v -0.450936 2.115460 -1.129039
v 0.587200 2.287275 -0.817471
v 0.461905 2.166785 -1.351295
v 0.423876 2.297045 -1.225032
v 0.368118 2.470985 -1.396090
v -0.369336 2.253793 -1.034499
v -0.418471 2.423640 -1.208861
v -0.369336 2.253793 -1.034499
v -0.418471 2.423640 -1.208861
v -0.428915 1.890327 -1.375819
v -0.484673 2.064267 -1.546877
v -0.428915 1.890327 -1.375819
v -0.484673 2.064267 -1.546877
v 0.357674 1.937673 -1.563048
v 0.308540 2.107519 -1.737411
v 0.357674 1.937673 -1.563048
v 0.308540 2.107519 -1.737411
v 0.423876 2.297045 -1.225032
v 0.368118 2.470985 -1.396090
v -0.484673 2.064267 -1.546877
v -0.418471 2.423640 -1.208861
v 0.308540 2.107519 -1.737411
v 0.368118 2.470985 -1.396090
v -0.369336 2.253793 -1.034499
v -0.428915 1.890327 -1.375819
v 0.423876 2.297045 -1.225032
v 0.357674 1.937673 -1.563048
v 0.236866 1.929634 -1.534039
v 0.222403 2.114993 -1.562555
v -0.308655 1.897259 -1.402607
v -0.327667 2.084407 -1.428783
v -0.308655 1.897259 -1.402607
v -0.327667 2.084407 -1.428783
v -0.393891 1.833993 -1.764676
v -0.408354 2.019351 -1.793192
v -0.393891 1.833993 -1.764676
v -0.408354 2.019351 -1.793192
v 0.156179 1.864579 -1.898448
v 0.137167 2.051726 -1.924624
v 0.156179 1.864579 -1.898448
v 0.137167 2.051726 -1.924624
v 0.236866 1.929634 -1.534039
v 0.222403 2.114993 -1.562555
v -0.408354 2.019351 -1.793192
v -0.327667 2.084407 -1.428783
v 0.137167 2.051726 -1.924624
v 0.222403 2.114993 -1.562555
v -0.308655 1.897259 -1.402607
v -0.393891 1.833993 -1.764676
v 0.236866 1.929634 -1.534039
v 0.156179 1.864579 -1.898448
v 0.092801 1.861763 -1.879411
v 0.085413 1.987172 -1.895439
v -0.331883 1.837781 -1.778049
v -0.342769 1.963100 -1.792177
v -0.331883 1.837781 -1.778049
v -0.342769 1.963100 -1.792177
v -0.404146 1.793506 -2.080214
v -0.411534 1.918915 -2.096241
v -0.404146 1.793506 -2.080214
v -0.411534 1.918915 -2.096241
v 0.024036 1.817577 -2.183476
v 0.013150 1.942897 -2.197604
v 0.024036 1.817577 -2.183476
v 0.013150 1.942897 -2.197604
v 0.092801 1.861763 -1.879411
v 0.085413 1.987172 -1.895439
v -0.411534 1.918915 -2.096241
v -0.342769 1.963100 -1.792177
v 0.013150 1.942897 -2.197604
v 0.085413 1.987172 -1.895439
v -0.331883 1.837781 -1.778049
v -0.404146 1.793506 -2.080214
v 0.092801 1.861763 -1.879411
v 0.024036 1.817577 -2.183476
v 0.962167 2.461256 1.311124
v 0.884787 3.061408 1.147087
v 0.294189 2.425061 1.475028
v 0.219947 3.025084 1.304300
v 0.294189 2.425061 1.475028
v 0.219947 3.025084 1.304300
v 0.241894 2.353657 1.238193
v 0.164513 2.953809 1.074156
v 0.241894 2.353657 1.238193
v 0.164513 2.953809 1.074156
v 0.906733 2.389980 1.080980
v 0.832491 2.990003 0.910252
v 0.906733 2.389980 1.080980
v 0.832491 2.990003 0.910252
v 0.962167 2.461256 1.311124
v 0.884787 3.061408 1.147087
v 0.164513 2.953809 1.074156
v 0.219947 3.025084 1.304300
v 0.832491 2.990003 0.910252
v 0.884787 3.061408 1.147087
v 0.294189 2.425061 1.475028
v 0.241894 2.353657 1.238193
v 0.962167 2.461256 1.311124
v 0.906733 2.389980 1.080980
v 1.081751 1.745116 1.093751
v 1.082466 2.468204 1.283364
v 0.170997 1.691092 1.314130
v 0.171403 2.420539 1.503476
v 0.170997 1.691092 1.314130
v 0.171403 2.420539 1.503476
v 0.107503 1.754824 1.080312
v 0.108217 2.477913 1.269925
v 0.107503 1.754824 1.080312
v 0.108217 2.477913 1.269925
v 1.018565 1.802490 0.860200
v 1.018972 2.531936 1.049546
v 1.018565 1.802490 0.860200
v 1.018972 2.531936 1.049546
v 1.081751 1.745116 1.093751
v 1.082466 2.468204 1.283364
v 0.108217 2.477913 1.269925
v 0.171403 2.420539 1.503476
v 1.018972 2.531936 1.049546
v 1.082466 2.468204 1.283364
v 0.170997 1.691092 1.314130
v 0.107503 1.754824 1.080312
v 1.081751 1.745116 1.093751
v 1.018565 1.802490 0.860200
v 0.912040 1.201723 0.808427
v 0.957267 1.735229 1.125216
v 0.244646 1.161907 0.969764
v 0.289643 1.700146 1.286355
v 0.244646 1.161907 0.969764
v 0.289643 1.700146 1.286355
v 0.215094 1.227425 0.866359
v 0.260320 1.760931 1.183148
v 0.215094 1.227425 0.866359
v 0.260320 1.760931 1.183148
v 0.882717 1.262508 0.705220
v 0.927715 1.800747 1.021811
v 0.882717 1.262508 0.705220
v 0.927715 1.800747 1.021811
v 0.912040 1.201723 0.808427
v 0.957267 1.735229 1.125216
v 0.260320 1.760931 1.183148
v 0.289643 1.700146 1.286355
v 0.927715 1.800747 1.021811
v 0.957267 1.735229 1.125216
v 0.244646 1.161907 0.969764
v 0.215094 1.227425 0.866359
v 0.912040 1.201723 0.808427
v 0.882717 1.262508 0.705220
v 0.798634 0.807019 0.514318
v 0.848606 1.196700 0.824366
v 0.253954 0.777017 0.643888
v 0.303926 1.166698 0.953936
v 0.253954 0.777017 0.643888
v 0.303926 1.166698 0.953936
v 0.798634 0.807019 0.514318
v 0.848606 1.196700 0.824366
v 1.566161 2.932807 0.638906
v 1.512460 3.392769 0.454993
v 1.269390 3.136458 1.227373
v 1.215689 3.596420 1.043460
v 1.269390 3.136458 1.227373
v 1.215689 3.596420 1.043460
v 1.566161 2.932807 0.638906
v 1.512460 3.392769 0.454993
v 1.647758 2.662893 0.284300
v 1.588402 3.180010 0.074620
v 1.579432 2.819251 0.686989
v 1.518539 3.336328 0.478143
v 1.579432 2.819251 0.686989
v 1.518539 3.336328 0.478143
v 1.647758 2.662893 0.284300
v 1.588402 3.180010 0.074620
v 1.588398 2.471522 -0.175430
v 1.529042 2.988638 -0.385110
v 1.647761 2.662897 0.284300
v 1.588405 3.180013 0.074620
v 1.647761 2.662897 0.284300
v 1.588405 3.180013 0.074620
v 1.588398 2.471522 -0.175430
v 1.529042 2.988638 -0.385110
v -0.090800 3.057837 1.556516
v -0.178525 3.516203 1.379338
v -0.598101 2.808487 1.164195
v -0.685826 3.266854 0.987017
v -0.598101 2.808487 1.164195
v -0.685826 3.266854 0.987017
v -0.090800 3.057837 1.556516
v -0.178525 3.516203 1.379338
v -0.575991 2.696072 1.208736
v -0.673514 3.210401 1.010827
v -0.804635 2.521859 0.875355
v -0.902616 3.036176 0.677694
v -0.804635 2.521859 0.875355
v -0.902616 3.036176 0.677694
v -0.575991 2.696072 1.208736
v -0.673514 3.210401 1.010827
v -0.804634 2.521859 0.875355
v -0.902615 3.036176 0.677694
v -0.940371 2.326529 0.439237
v -1.040142 2.840574 0.237173
v -0.940371 2.326529 0.439237
v -1.040142 2.840574 0.237173
v -0.804634 2.521859 0.875355
v -0.902615 3.036176 0.677694
v 1.246626 2.488051 1.243327
v 1.347631 3.012547 1.059697
v 0.602323 2.663931 1.397846
v 0.703328 3.188427 1.214216
v 0.602323 2.663931 1.397846
v 0.703328 3.188427 1.214216
v 1.246626 2.488051 1.243327
v 1.347631 3.012547 1.059697
v 1.618279 2.061872 0.993842
v 1.749339 2.760178 0.750987
v 1.203436 2.254208 1.323801
v 1.334496 2.952514 1.080945
v 1.203436 2.254208 1.323801
v 1.334496 2.952514 1.080945
v 1.618279 2.061872 0.993842
v 1.749339 2.760178 0.750987
v 1.643718 1.752232 0.508342
v 1.756110 2.333751 0.306343
v 1.593710 1.944878 1.034833
v 1.706102 2.526397 0.832835
v 1.593710 1.944878 1.034833
v 1.706102 2.526397 0.832835
v 1.643718 1.752232 0.508342
v 1.756110 2.333751 0.306343
v 1.553036 1.484261 0.078197
v 1.663383 2.064992 -0.124011
v 1.622952 1.636147 0.549491
v 1.733299 2.216879 0.347284
v 1.622952 1.636147 0.549491
v 1.733299 2.216879 0.347284
v 1.553036 1.484261 0.078197
v 1.663383 2.064992 -0.124011
v 1.381094 1.339412 -0.436388
v 1.469807 1.801216 -0.599180
v 1.553030 1.484264 0.078199
v 1.641521 1.950647 -0.084785
v 1.553030 1.484264 0.078199
v 1.641521 1.950647 -0.084785
v 1.381094 1.339412 -0.436388
v 1.469807 1.801216 -0.599180
v 0.627000 2.667418 1.391233
v 0.401735 3.171054 1.287097
v 0.020429 2.442900 1.633124
v -0.204835 2.946536 1.528988
v 0.020429 2.442900 1.633124
v -0.204835 2.946536 1.528988
v 0.627000 2.667418 1.391233
v 0.401735 3.171054 1.287097
v 0.124638 2.221088 1.677622
v -0.179382 2.890720 1.539573
v -0.384039 1.981567 1.643468
v -0.688058 2.651199 1.505420
v -0.384039 1.981567 1.643468
v -0.688058 2.651199 1.505420
v 0.124638 2.221088 1.677622
v -0.179382 2.890720 1.539573
v -0.333175 1.868805 1.665547
v -0.586857 2.429215 1.549287
v -0.654869 1.641912 1.266101
v -0.908552 2.202322 1.149841
v -0.654869 1.641912 1.266101
v -0.908552 2.202322 1.149841
v -0.333175 1.868805 1.665547
v -0.586857 2.429215 1.549287
v -0.604819 1.529606 1.287527
v -0.857609 2.089602 1.171666
v -0.798512 1.355732 0.862051
v -1.052568 1.915696 0.746878
v -0.798512 1.355732 0.862051
v -1.052568 1.915696 0.746878
v -0.604819 1.529606 1.287527
v -0.857609 2.089602 1.171666
v -0.798511 1.355728 0.862050
v -1.002875 1.800791 0.769525
v -0.936179 1.185268 0.340496
v -1.137021 1.635387 0.251677
v -0.936179 1.185268 0.340496
v -1.137021 1.635387 0.251677
v -0.798511 1.355728 0.862050
v -1.002875 1.800791 0.769525
v 0.686195 1.414898 -0.410861
v 0.311626 2.163912 -0.656243
v 0.398516 1.371398 -0.086050
v 0.023529 2.129016 -0.331793
v 0.398516 1.371398 -0.086050
v 0.023529 2.129016 -0.331793
v 0.007663 1.060236 -0.462705
v -0.366907 1.809250 -0.708086
v 0.007663 1.060236 -0.462705
v -0.366907 1.809250 -0.708086
v 0.295759 1.095132 -0.787155
v -0.079227 1.852749 -1.032898
v 0.295759 1.095132 -0.787155
v -0.079227 1.852749 -1.032898
v 0.686195 1.414898 -0.410861
v 0.311626 2.163912 -0.656243
v -0.366907 1.809250 -0.708086
v 0.023529 2.129016 -0.331793
v -0.079227 1.852749 -1.032898
v 0.311626 2.163912 -0.656243
v 0.398516 1.371398 -0.086050
v 0.007663 1.060236 -0.462705
v 0.686195 1.414898 -0.410861
v 0.295759 1.095132 -0.787155
v 0.383189 0.710026 -0.670049
v 0.603215 1.377824 -0.407173
v 0.178567 0.683695 -0.439165
v 0.398021 1.351754 -0.169421
v 0.178567 0.683695 -0.439165
v 0.398021 1.351754 -0.169421
v -0.036993 0.822795 -0.608207
v 0.183032 1.490593 -0.345331
v -0.036993 0.822795 -0.608207
v 0.183032 1.490593 -0.345331
v 0.168200 0.848865 -0.845959
v 0.387654 1.516923 -0.576215
v 0.168200 0.848865 -0.845959
v 0.387654 1.516923 -0.576215
v 0.383189 0.710026 -0.670049
v 0.603215 1.377824 -0.407173
v 0.183032 1.490593 -0.345331
v 0.398021 1.351754 -0.169421
v 0.387654 1.516923 -0.576215
v 0.603215 1.377824 -0.407173
v 0.178567 0.683695 -0.439165
v -0.036993 0.822795 -0.608207
v 0.383189 0.710026 -0.670049
v 0.168200 0.848865 -0.845959
v 0.560319 0.590140 -0.530404
v 0.361140 0.959211 -0.666099
v 0.353575 0.564973 -0.294022
v 0.154397 0.934043 -0.429717
v 0.353575 0.564973 -0.294022
v 0.154397 0.934043 -0.429717
v 0.203195 0.430392 -0.439983
v 0.004016 0.799462 -0.575678
v 0.203195 0.430392 -0.439983
v 0.004016 0.799462 -0.575678
v 0.409938 0.455559 -0.676365
v 0.210760 0.824630 -0.812060
v 0.409938 0.455559 -0.676365
v 0.210760 0.824630 -0.812060
v 0.560319 0.590140 -0.530404
v 0.361140 0.959211 -0.666099
v 0.004016 0.799462 -0.575678
v 0.154397 0.934043 -0.429717
v 0.210760 0.824630 -0.812060
v 0.361140 0.959211 -0.666099
v 0.353575 0.564973 -0.294022
v 0.203195 0.430392 -0.439983
v 0.560319 0.590140 -0.530404
v 0.409938 0.455559 -0.676365
v 0.806714 0.178478 -0.401391
v 0.581061 0.594958 -0.552134
v 0.561186 0.144296 -0.119537
v 0.335298 0.565630 -0.270484
v 0.561186 0.144296 -0.119537
v 0.335298 0.565630 -0.270484
v 0.371543 -0.023715 -0.304247
v 0.145890 0.392765 -0.454990
v 0.371543 -0.023715 -0.304247
v 0.145890 0.392765 -0.454990
v 0.617306 0.005613 -0.585897
v 0.391418 0.426947 -0.736844
v 0.617306 0.005613 -0.585897
v 0.391418 0.426947 -0.736844
v 0.806714 0.178478 -0.401391
v 0.581061 0.594958 -0.552134
v 0.145890 0.392765 -0.454990
v 0.335298 0.565630 -0.270484
v 0.391418 0.426947 -0.736844
v 0.581061 0.594958 -0.552134
v 0.561186 0.144296 -0.119537
v 0.371543 -0.023715 -0.304247
v 0.806714 0.178478 -0.401391
v 0.617306 0.005613 -0.585897
v 0.855558 0.115284 -0.619913
v 0.714487 0.346399 -0.462745
v 0.589716 0.055363 -0.771100
v 0.448645 0.286478 -0.613932
v 0.589716 0.055363 -0.771100
v 0.448645 0.286478 -0.613932
v 0.855558 0.115284 -0.619913
v 0.714487 0.346399 -0.462745
v 0.913354 0.017299 -0.866052
v 0.862909 0.108032 -0.637465
v 0.608385 -0.005522 -0.923964
v 0.557939 0.085211 -0.695377
v 0.608385 -0.005522 -0.923964
v 0.557939 0.085211 -0.695377
v 0.913354 0.017299 -0.866052
v 0.862909 0.108032 -0.637465
v 0.304746 0.086428 -0.044573
v 0.468386 0.315472 -0.182240
v 0.134643 0.054081 -0.303716
v 0.298283 0.283124 -0.441383
v 0.134643 0.054081 -0.303716
v 0.298283 0.283124 -0.441383
v 0.304746 0.086428 -0.044573
v 0.468386 0.315472 -0.182240
v 0.056476 0.001132 0.021632
v 0.287671 0.080271 -0.036840
v -0.021653 0.001951 -0.279878
v 0.209542 0.081091 -0.338350
v -0.021653 0.001951 -0.279878
v 0.209542 0.081091 -0.338350
v 0.056476 0.001132 0.021632
v 0.287671 0.080271 -0.036840
v 0.364158 0.038256 -0.884091
v 0.559838 0.195432 -0.698787
v 0.038509 -0.003188 -0.509024
v 0.234189 0.153988 -0.323721
v 0.038509 -0.003188 -0.509024
v 0.234189 0.153988 -0.323721
v 0.364158 0.038256 -0.884091
v 0.559838 0.195432 -0.698787
v 0.095224 -0.009864 -1.045113
v 0.324442 0.032712 -0.839264
v -0.151104 -0.040799 -0.762238
v 0.078113 0.001776 -0.556389
v -0.151104 -0.040799 -0.762238
v 0.078113 0.001776 -0.556389
v 0.095224 -0.009864 -1.045113
v 0.324442 0.032712 -0.839264
v 0.889166 0.217192 -0.321764
v 0.620660 0.182074 -0.581985
v 0.628170 0.214467 -0.047252
v 0.357873 0.179124 -0.310783
v 0.628170 0.214467 -0.047252
v 0.357873 0.179124 -0.310783
v 0.642439 0.025247 -0.037782
v 0.373933 -0.009871 -0.298002
v 0.642439 0.025247 -0.037782
v 0.373933 -0.009871 -0.298002
v 0.905226 0.028197 -0.308983
v 0.634929 -0.007146 -0.572514
v 0.905226 0.028197 -0.308983
v 0.634929 -0.007146 -0.572514
v 0.889166 0.217192 -0.321764
v 0.620660 0.182074 -0.581985
v 0.373933 -0.009871 -0.298002
v 0.357873 0.179124 -0.310783
v 0.634929 -0.007146 -0.572514
v 0.620660 0.182074 -0.581985
v 0.628170 0.214467 -0.047252
v 0.642439 0.025247 -0.037782
v 0.889166 0.217192 -0.321764
v 0.905226 0.028197 -0.308983
v 0.804455 0.166867 0.014347
v 0.707788 0.150203 -0.146493
v 0.697027 0.162319 0.079869
v 0.600309 0.146697 -0.081014
v 0.697027 0.162319 0.079869
v 0.600309 0.146697 -0.081014
v 0.706451 0.037472 0.086822
v 0.609784 0.020809 -0.074018
v 0.706451 0.037472 0.086822
v 0.609784 0.020809 -0.074018
v 0.813930 0.040978 0.021343
v 0.717212 0.025357 -0.139540
v 0.813930 0.040978 0.021343
v 0.717212 0.025357 -0.139540
v 0.804455 0.166867 0.014347
v 0.707788 0.150203 -0.146493
v 0.609784 0.020809 -0.074018
v 0.600309 0.146697 -0.081014
v 0.717212 0.025357 -0.139540
v 0.707788 0.150203 -0.146493
v 0.697027 0.162319 0.079869
v 0.706451 0.037472 0.086822
v 0.804455 0.166867 0.014347
v 0.813930 0.040978 0.021343
v 0.900100 0.165456 0.172466
v 0.803582 0.166039 0.012502
v 0.793055 0.161925 0.237819
v 0.696537 0.162508 0.077855
v 0.793055 0.161925 0.237819
v 0.696537 0.162508 0.077855
v 0.796276 0.036851 0.235613
v 0.699757 0.037434 0.075648
v 0.796276 0.036851 0.235613
v 0.699757 0.037434 0.075648
v 0.903321 0.040383 0.170260
v 0.806803 0.040966 0.010295
v 0.903321 0.040383 0.170260
v 0.806803 0.040966 0.010295
v 0.900100 0.165456 0.172466
v 0.803582 0.166039 0.012502
v 0.699757 0.037434 0.075648
v 0.696537 0.162508 0.077855
v 0.806803 0.040966 0.010295
v 0.803582 0.166039 0.012502
v 0.793055 0.161925 0.237819
v 0.796276 0.036851 0.235613
v 0.900100 0.165456 0.172466
v 0.903321 0.040383 0.170260
v 0.942800 0.147751 0.363179
v 0.846017 0.163875 0.204231
v 0.940311 0.022868 0.351102
v 0.843529 0.038991 0.192154
v 0.940311 0.022868 0.351102
v 0.843529 0.038991 0.192154
v 0.942800 0.147751 0.363179
v 0.846017 0.163875 0.204231
v 0.942480 0.170448 -0.098216
v 0.806672 0.153212 -0.227915
v 0.854110 0.168966 -0.006650
v 0.719542 0.151762 -0.137022
v 0.854110 0.168966 -0.006650
v 0.719542 0.151762 -0.137022
v 0.864334 0.043523 0.000337
v 0.728526 0.026287 -0.129362
v 0.864334 0.043523 0.000337
v 0.728526 0.026287 -0.129362
v 0.951464 0.044973 -0.090556
v 0.816896 0.027769 -0.220928
v 0.951464 0.044973 -0.090556
v 0.816896 0.027769 -0.220928
v 0.942480 0.170448 -0.098216
v 0.806672 0.153212 -0.227915
v 0.728526 0.026287 -0.129362
v 0.719542 0.151762 -0.137022
v 0.816896 0.027769 -0.220928
v 0.806672 0.153212 -0.227915
v 0.854110 0.168966 -0.006650
v 0.864334 0.043523 0.000337
v 0.942480 0.170448 -0.098216
v 0.951464 0.044973 -0.090556
v 1.074804 0.170759 0.030206
v 0.939522 0.169565 -0.098963
v 0.988903 0.169325 0.120882
v 0.853621 0.168131 -0.008287
v 0.988903 0.169325 0.120882
v 0.853621 0.168131 -0.008287
v 0.990363 0.044361 0.120592
v 0.855081 0.043167 -0.008577
v 0.990363 0.044361 0.120592
v 0.855081 0.043167 -0.008577
v 1.076264 0.045796 0.029916
v 0.940982 0.044601 -0.099253
v 1.076264 0.045796 0.029916
v 0.940982 0.044601 -0.099253
v 1.074804 0.170759 0.030206
v 0.939522 0.169565 -0.098963
v 0.855081 0.043167 -0.008577
v 0.853621 0.168131 -0.008287
v 0.940982 0.044601 -0.099253
v 0.939522 0.169565 -0.098963
v 0.988903 0.169325 0.120882
v 0.990363 0.044361 0.120592
v 1.074804 0.170759 0.030206
v 1.076264 0.045796 0.029916
v 1.165236 0.154436 0.204059
v 1.030796 0.169929 0.075307
v 1.158259 0.029805 0.195414
v 1.023819 0.045299 0.066662
v 1.158259 0.029805 0.195414
v 1.023819 0.045299 0.066662
v 1.165236 0.154436 0.204059
v 1.030796 0.169929 0.075307
v 1.023067 0.167319 -0.258422
v 0.857570 0.150288 -0.349335
v 0.962008 0.168946 -0.149131
v 0.797371 0.152024 -0.238453
v 0.962008 0.168946 -0.149131
v 0.797371 0.152024 -0.238453
v 0.971302 0.042844 -0.141436
v 0.805804 0.025814 -0.232349
v 0.971302 0.042844 -0.141436
v 0.805804 0.025814 -0.232349
v 1.031500 0.041108 -0.252318
v 0.866863 0.024186 -0.341641
v 1.031500 0.041108 -0.252318
v 0.866863 0.024186 -0.341641
v 1.023067 0.167319 -0.258422
v 0.857570 0.150288 -0.349335
v 0.805804 0.025814 -0.232349
v 0.797371 0.152024 -0.238453
v 0.866863 0.024186 -0.341641
v 0.857570 0.150288 -0.349335
v 0.962008 0.168946 -0.149131
v 0.971302 0.042844 -0.141436
v 1.023067 0.167319 -0.258422
v 1.031500 0.041108 -0.252318
v 1.184250 0.167451 -0.168746
v 1.019771 0.166385 -0.260007
v 1.123115 0.169090 -0.059086
v 0.958636 0.168024 -0.150347
v 1.123115 0.169090 -0.059086
v 0.958636 0.168024 -0.150347
v 1.123668 0.043662 -0.057054
v 0.959189 0.042596 -0.148315
v 1.123668 0.043662 -0.057054
v 0.959189 0.042596 -0.148315
v 1.184803 0.042022 -0.166714
v 1.020324 0.040956 -0.257975
v 1.184803 0.042022 -0.166714
v 1.020324 0.040956 -0.257975
v 1.184250 0.167451 -0.168746
v 1.019771 0.166385 -0.260007
v 0.959189 0.042596 -0.148315
v 0.958636 0.168024 -0.150347
v 1.020324 0.040956 -0.257975
v 1.019771 0.166385 -0.260007
v 1.123115 0.169090 -0.059086
v 1.123668 0.043662 -0.057054
v 1.184250 0.167451 -0.168746
v 1.184803 0.042022 -0.166714
v 1.315647 0.152196 -0.024422
v 1.152450 0.167859 -0.115568
v 1.305439 0.027722 -0.027329
v 1.142241 0.043385 -0.118475
v 1.305439 0.027722 -0.027329
v 1.142241 0.043385 -0.118475
v 1.315647 0.152196 -0.024422
v 1.152450 0.167859 -0.115568
v -0.298431 1.412791 0.334879
v -0.402085 2.148319 -0.129133
v -0.731648 1.394451 0.397899
v -0.835301 2.129979 -0.066114
v -0.731648 1.394451 0.397899
v -0.835301 2.129979 -0.066114
v -0.791443 1.057281 -0.122227
v -0.895096 1.792809 -0.586240
v -0.791443 1.057281 -0.122227
v -0.895096 1.792809 -0.586240
v -0.358226 1.075622 -0.185247
v -0.461879 1.811150 -0.649259
v -0.358226 1.075622 -0.185247
v -0.461879 1.811150 -0.649259
v -0.298431 1.412791 0.334879
v -0.402085 2.148319 -0.129133
v -0.895096 1.792809 -0.586240
v -0.835301 2.129979 -0.066114
v -0.461879 1.811150 -0.649259
v -0.402085 2.148319 -0.129133
v -0.731648 1.394451 0.397899
v -0.791443 1.057281 -0.122227
v -0.298431 1.412791 0.334879
v -0.358226 1.075622 -0.185247
v -0.386722 0.696223 -0.023595
v -0.364991 1.374785 0.291201
v -0.691965 0.683450 0.024383
v -0.676333 1.361596 0.336294
v -0.691965 0.683450 0.024383
v -0.676333 1.361596 0.336294
v -0.742775 0.816163 -0.255417
v -0.721044 1.494726 0.059380
v -0.742775 0.816163 -0.255417
v -0.721044 1.494726 0.059380
v -0.431433 0.829352 -0.300510
v -0.415801 1.507498 0.011401
v -0.431433 0.829352 -0.300510
v -0.415801 1.507498 0.011401
v -0.386722 0.696223 -0.023595
v -0.364991 1.374785 0.291201
v -0.721044 1.494726 0.059380
v -0.676333 1.361596 0.336294
v -0.415801 1.507498 0.011401
v -0.364991 1.374785 0.291201
v -0.691965 0.683450 0.024383
v -0.742775 0.816163 -0.255417
v -0.386722 0.696223 -0.023595
v -0.431433 0.829352 -0.300510
v -0.347315 0.570139 0.195491
v -0.396775 0.936854 -0.039646
v -0.655874 0.557167 0.242559
v -0.708408 0.923803 0.009091
v -0.655874 0.557167 0.242559
v -0.708408 0.923803 0.009091
v -0.682031 0.419489 0.033840
v -0.731491 0.786204 -0.201297
v -0.682031 0.419489 0.033840
v -0.731491 0.786204 -0.201297
v -0.370398 0.432539 -0.014897
v -0.422931 0.799175 -0.248365
v -0.370398 0.432539 -0.014897
v -0.422931 0.799175 -0.248365
v -0.347315 0.570139 0.195491
v -0.396775 0.936854 -0.039646
v -0.731491 0.786204 -0.201297
v -0.708408 0.923803 0.009091
v -0.422931 0.799175 -0.248365
v -0.396775 0.936854 -0.039646
v -0.655874 0.557167 0.242559
v -0.682031 0.419489 0.033840
v -0.347315 0.570139 0.195491
v -0.370398 0.432539 -0.014897
v -0.260269 0.151330 0.455544
v -0.314925 0.569965 0.190748
v -0.628591 0.135854 0.511900
v -0.689227 0.554104 0.244828
v -0.628591 0.135854 0.511900
v -0.689227 0.554104 0.244828
v -0.662642 -0.034928 0.248441
v -0.717298 0.383707 -0.016355
v -0.662642 -0.034928 0.248441
v -0.717298 0.383707 -0.016355
v -0.288340 -0.019066 0.194361
v -0.348976 0.399184 -0.072711
v -0.288340 -0.019066 0.194361
v -0.348976 0.399184 -0.072711
v -0.260269 0.151330 0.455544
v -0.314925 0.569965 0.190748
v -0.717298 0.383707 -0.016355
v -0.689227 0.554104 0.244828
v -0.348976 0.399184 -0.072711
v -0.314925 0.569965 0.190748
v -0.628591 0.135854 0.511900
v -0.662642 -0.034928 0.248441
v -0.260269 0.151330 0.455544
v -0.288340 -0.019066 0.194361
v -0.867937 0.078102 0.417857
v -0.652226 0.304876 0.402362
v -0.824895 0.016920 0.114918
v -0.609184 0.243694 0.099423
v -0.824895 0.016920 0.114918
v -0.609184 0.243694 0.099423
v -0.867937 0.078102 0.417857
v -0.652226 0.304876 0.402362
v -1.100265 -0.014433 0.310385
v -0.887213 0.071774 0.412249
v -0.957451 -0.041208 0.035216
v -0.744399 0.044999 0.137080
v -0.957451 -0.041208 0.035216
v -0.744399 0.044999 0.137080
v -1.100265 -0.014433 0.310385
v -0.887213 0.071774 0.412249
v -0.073512 0.093024 0.296472
v -0.282363 0.320460 0.346789
v -0.198537 0.041235 0.015319
v -0.407389 0.268671 0.065636
v -0.198537 0.041235 0.015319
v -0.407389 0.268671 0.065636
v -0.073512 0.093024 0.296472
v -0.282363 0.320460 0.346789
v 0.119923 0.003820 0.127896
v -0.055264 0.087363 0.285264
v -0.093913 -0.014722 -0.099747
v -0.269100 0.068821 0.057622
v -0.093913 -0.014722 -0.099747
v -0.269100 0.068821 0.057622
v 0.119923 0.003820 0.127896
v -0.055264 0.087363 0.285264
v -0.288127 0.009633 -0.200100
v -0.252865 0.167184 0.068064
v -0.782912 -0.011160 -0.124457
v -0.747650 0.146391 0.143707
v -0.782912 -0.011160 -0.124457
v -0.747650 0.146391 0.143707
v -0.288127 0.009633 -0.200100
v -0.252865 0.167184 0.068064
v -0.392985 -0.035131 -0.495484
v -0.347856 0.007136 -0.190668
v -0.765478 -0.050848 -0.440049
v -0.720349 -0.008582 -0.135234
v -0.765478 -0.050848 -0.440049
v -0.720349 -0.008582 -0.135234
v -0.392985 -0.035131 -0.495484
v -0.347856 0.007136 -0.190668
v -0.245128 0.204527 0.561412
v -0.298957 0.169957 0.187508
v -0.615463 0.188940 0.617447
v -0.672658 0.154283 0.245371
v -0.615463 0.188940 0.617447
v -0.672658 0.154283 0.245371
v -0.605967 -0.000338 0.634024
v -0.659796 -0.034908 0.260120
v -0.605967 -0.000338 0.634024
v -0.659796 -0.034908 0.260120
v -0.232266 0.015336 0.576161
v -0.289462 -0.019321 0.204085
v -0.232266 0.015336 0.576161
v -0.289462 -0.019321 0.204085
v -0.245128 0.204527 0.561412
v -0.298957 0.169957 0.187508
v -0.659796 -0.034908 0.260120
v -0.672658 0.154283 0.245371
v -0.289462 -0.019321 0.204085
v -0.298957 0.169957 0.187508
v -0.615463 0.188940 0.617447
v -0.605967 -0.000338 0.634024
v -0.245128 0.204527 0.561412
v -0.232266 0.015336 0.576161
v -0.174162 0.156321 0.689919
v -0.249109 0.136909 0.517647
v -0.290166 0.153874 0.740042
v -0.365165 0.135527 0.567725
v -0.290166 0.153874 0.740042
v -0.365165 0.135527 0.567725
v -0.283783 0.028464 0.750628
v -0.358730 0.009053 0.578355
v -0.283783 0.028464 0.750628
v -0.358730 0.009053 0.578355
v -0.167727 0.029846 0.700549
v -0.242726 0.011500 0.528232
v -0.167727 0.029846 0.700549
v -0.242726 0.011500 0.528232
v -0.174162 0.156321 0.689919
v -0.249109 0.136909 0.517647
v -0.358730 0.009053 0.578355
v -0.365165 0.135527 0.567725
v -0.242726 0.011500 0.528232
v -0.249109 0.136909 0.517647
v -0.290166 0.153874 0.740042
v -0.283783 0.028464 0.750628
v -0.174162 0.156321 0.689919
v -0.167727 0.029846 0.700549
v -0.101084 0.157449 0.862097
v -0.175717 0.155092 0.689362
v -0.215420 0.155041 0.911366
v -0.289293 0.152779 0.740037
v -0.215420 0.155041 0.911366
v -0.289293 0.152779 0.740037
v -0.212631 0.029801 0.912925
v -0.287264 0.027444 0.740191
v -0.212631 0.029801 0.912925
v -0.287264 0.027444 0.740191
v -0.099056 0.032113 0.862251
v -0.172928 0.029852 0.690921
v -0.099056 0.032113 0.862251
v -0.172928 0.029852 0.690921
v -0.101084 0.157449 0.862097
v -0.175717 0.155092 0.689362
v -0.287264 0.027444 0.740191
v -0.289293 0.152779 0.740037
v -0.172928 0.029852 0.690921
v -0.175717 0.155092 0.689362
v -0.215420 0.155041 0.911366
v -0.212631 0.029801 0.912925
v -0.101084 0.157449 0.862097
v -0.099056 0.032113 0.862251
v -0.083381 0.141801 1.058592
v -0.158273 0.155584 0.886539
v -0.084928 0.017038 1.049845
v -0.159820 0.030821 0.877792
v -0.084928 0.017038 1.049845
v -0.159820 0.030821 0.877792
v -0.083381 0.141801 1.058592
v -0.158273 0.155584 0.886539
v -0.337604 0.153711 0.768519
v -0.365242 0.136082 0.582379
v -0.462813 0.148467 0.788074
v -0.489170 0.130871 0.601240
v -0.462813 0.148467 0.788074
v -0.489170 0.130871 0.601240
v -0.455476 0.023111 0.798718
v -0.483113 0.005482 0.612578
v -0.455476 0.023111 0.798718
v -0.483113 0.005482 0.612578
v -0.331547 0.028323 0.779857
v -0.357905 0.010726 0.593023
v -0.331547 0.028323 0.779857
v -0.357905 0.010726 0.593023
v -0.337604 0.153711 0.768519
v -0.365242 0.136082 0.582379
v -0.483113 0.005482 0.612578
v -0.489170 0.130871 0.601240
v -0.357905 0.010726 0.593023
v -0.365242 0.136082 0.582379
v -0.462813 0.148467 0.788074
v -0.455476 0.023111 0.798718
v -0.337604 0.153711 0.768519
v -0.331547 0.028323 0.779857
v -0.311178 0.153262 0.954433
v -0.338236 0.152542 0.768309
v -0.434050 0.148093 0.973075
v -0.462377 0.147340 0.787640
v -0.434050 0.148093 0.973075
v -0.462377 0.147340 0.787640
v -0.429267 0.023386 0.972962
v -0.456325 0.022666 0.786839
v -0.429267 0.023386 0.972962
v -0.456325 0.022666 0.786839
v -0.305126 0.028589 0.953632
v -0.333453 0.027836 0.768197
v -0.305126 0.028589 0.953632
v -0.333453 0.027836 0.768197
v -0.311178 0.153262 0.954433
v -0.338236 0.152542 0.768309
v -0.456325 0.022666 0.786839
v -0.462377 0.147340 0.787640
v -0.333453 0.027836 0.768197
v -0.338236 0.152542 0.768309
v -0.434050 0.148093 0.973075
v -0.429267 0.023386 0.972962
v -0.311178 0.153262 0.954433
v -0.305126 0.028589 0.953632
v -0.344136 0.134915 1.148488
v -0.372498 0.150365 0.963385
v -0.340471 0.010530 1.137941
v -0.368833 0.025980 0.952838
v -0.340471 0.010530 1.137941
v -0.368833 0.025980 0.952838
v -0.344136 0.134915 1.148488
v -0.372498 0.150365 0.963385
v -0.515728 0.144344 0.773312
v -0.493724 0.130133 0.587582
v -0.641107 0.136665 0.760522
v -0.619919 0.121280 0.573233
v -0.641107 0.136665 0.760522
v -0.619919 0.121280 0.573233
v -0.634710 0.010134 0.769848
v -0.612707 -0.004077 0.584117
v -0.634710 0.010134 0.769848
v -0.612707 -0.004077 0.584117
v -0.508515 0.018987 0.784197
v -0.487328 0.003602 0.596907
v -0.508515 0.018987 0.784197
v -0.487328 0.003602 0.596907
v -0.515728 0.144344 0.773312
v -0.493724 0.130133 0.587582
v -0.612707 -0.004077 0.584117
v -0.619919 0.121280 0.573233
v -0.487328 0.003602 0.596907
v -0.493724 0.130133 0.587582
v -0.641107 0.136665 0.760522
v -0.634710 0.010134 0.769848
v -0.515728 0.144344 0.773312
v -0.508515 0.018987 0.784197
v -0.537217 0.141483 0.959724
v -0.517110 0.143176 0.774155
v -0.661788 0.133789 0.945500
v -0.640199 0.135520 0.759127
v -0.661788 0.133789 0.945500
v -0.640199 0.135520 0.759127
v -0.653006 0.008760 0.945163
v -0.632898 0.010453 0.759594
v -0.653006 0.008760 0.945163
v -0.632898 0.010453 0.759594
v -0.529916 0.016415 0.960191
v -0.508327 0.018146 0.773818
v -0.529916 0.016415 0.960191
v -0.508327 0.018146 0.773818
v -0.537217 0.141483 0.959724
v -0.517110 0.143176 0.774155
v -0.632898 0.010453 0.759594
v -0.640199 0.135520 0.759127
v -0.508327 0.018146 0.773818
v -0.517110 0.143176 0.774155
v -0.661788 0.133789 0.945500
v -0.653006 0.008760 0.945163
v -0.537217 0.141483 0.959724
v -0.529916 0.016415 0.960191
v -0.619421 0.119203 1.138837
v -0.599839 0.137015 0.953728
v -0.609892 -0.005139 1.127345
v -0.590310 0.012673 0.942236
v -0.609892 -0.005139 1.127345
v -0.590310 0.012673 0.942236
v -0.619421 0.119203 1.138837
v -0.599839 0.137015 0.953728
vn 0.2173 0.2481 0.9441
vn 0.2174 0.2481 0.9440
vn 0.2173 0.2480 0.9441
vn -0.9711 -0.0570 0.2318
vn -0.2173 -0.2480 -0.9441
vn -0.2173 -0.2481 -0.9440
vn 0.9711 0.0570 -0.2318
vn -0.1111 0.9668 -0.2299
vn -0.1111 0.9669 -0.2299
vn 0.1095 -0.9669 0.2304
vn 0.4747 0.0664 0.8776
vn -0.8785 -0.0247 0.4770
vn -0.8785 -0.0247 0.4771
vn -0.4747 -0.0664 -0.8776
vn 0.8787 0.0203 -0.4769
vn 0.8788 0.0203 -0.4768
vn -0.0507 0.9974 -0.0503
vn -0.0507 0.9975 -0.0502
vn 0.0511 -0.9974 0.0502
vn 0.0511 -0.9974 0.0501
vn 0.1462 -0.0760 0.9863
vn -0.9891 0.0042 0.1471
vn -0.1462 0.0760 -0.9863
vn 0.9885 -0.0043 -0.1509
vn 0.9885 -0.0044 -0.1508
vn 0.0142 0.9972 0.0733
vn -0.0109 -0.9971 -0.0750
vn 0.1875 -0.1307 0.9735
vn 0.1875 -0.1308 0.9735
vn -0.9813 0.0021 0.1923
vn -0.1890 0.1307 -0.9732
vn 0.9813 -0.0021 -0.1923
vn 0.0272 0.9918 0.1250
vn -0.0205 -0.9916 -0.1278
vn -0.0206 -0.9916 -0.1278
vn 0.2847 -0.1616 0.9449
vn -0.9574 -0.0146 0.2884
vn -0.2811 0.1617 -0.9460
vn 0.9574 0.0146 -0.2884
vn 0.0353 0.9866 0.1592
vn 0.0353 0.9866 0.1591
vn -0.0321 -0.9865 -0.1605
vn -0.0320 -0.9865 -0.1605
vn 0.9574 0.0146 -0.2885
vn 0.3502 -0.1378 0.9265
vn 0.3503 -0.1378 0.9265
vn -0.9378 -0.0244 0.3463
vn -0.9378 -0.0244 0.3462
vn -0.9378 -0.0243 0.3462
vn -0.3448 0.1379 -0.9285
vn -0.3448 0.1380 -0.9285
vn 0.9378 0.0243 -0.3462
vn 0.9378 0.0244 -0.3462
vn 0.0283 0.9899 0.1387
vn 0.0284 0.9899 0.1387
vn -0.0251 -0.9898 -0.1400
vn -0.9378 -0.0242 0.3463
vn 0.9378 0.0243 -0.3463
vn 0.4047 -0.0535 0.9129
vn -0.9147 -0.0340 0.4027
vn -0.9147 -0.0341 0.4028
vn -0.4012 0.0536 -0.9144
vn 0.9147 0.0340 -0.4027
vn 0.9147 0.0339 -0.4027
vn -0.0044 0.9980 0.0628
vn -0.0044 0.9980 0.0629
vn 0.0076 -0.9979 -0.0641
vn 0.0077 -0.9979 -0.0641
vn 0.9147 0.0339 -0.4028
vn -0.9147 -0.0339 0.4027
vn 0.3881 0.1898 0.9018
vn -0.3916 -0.1899 -0.9003
vn -0.1032 0.9818 -0.1597
vn 0.1067 -0.9817 0.1580
vn 0.1832 0.4200 0.8888
vn -0.9705 -0.0657 0.2321
vn -0.1854 -0.4201 -0.8883
vn 0.9705 0.0657 -0.2321
vn -0.1535 0.9048 -0.3973
vn -0.1535 0.9048 -0.3972
vn 0.1591 -0.9046 0.3955
vn 0.0465 0.4458 0.8939
vn 0.0465 0.4459 0.8939
vn -0.9862 -0.1195 0.1141
vn -0.9862 -0.1195 0.1142
vn -0.0428 -0.4457 -0.8942
vn 0.9862 0.1195 -0.1141
vn 0.9863 0.1195 -0.1141
vn -0.1593 0.8856 -0.4364
vn -0.1592 0.8856 -0.4364
vn 0.1597 -0.8855 0.4362
vn 0.1597 -0.8856 0.4361
vn 0.6597 0.0743 0.7479
vn -0.7489 -0.0194 0.6624
vn -0.6597 -0.0743 -0.7479
vn 0.7488 0.0194 -0.6625
vn 0.7489 0.0194 -0.6624
vn -0.0613 0.9972 -0.0436
vn -0.0613 0.9972 -0.0435
vn 0.0614 -0.9972 0.0422
vn 0.6122 0.1128 0.7826
vn -0.7874 -0.0232 0.6160
vn -0.6152 -0.1129 -0.7802
vn 0.7874 0.0232 -0.6160
vn 0.7874 0.0233 -0.6160
vn -0.0892 0.9932 -0.0744
vn -0.0892 0.9932 -0.0743
vn -0.0893 0.9932 -0.0744
vn 0.0886 -0.9932 0.0751
vn 0.0886 -0.9932 0.0752
vn 0.5724 0.2114 0.7922
vn 0.5724 0.2114 0.7923
vn -0.8056 -0.0251 0.5920
vn -0.8056 -0.0251 0.5919
vn -0.5754 -0.2115 -0.7900
vn 0.8056 0.0251 -0.5920
vn 0.8056 0.0251 -0.5919
vn -0.1481 0.9767 -0.1556
vn 0.1449 -0.9767 0.1584
vn 0.8055 0.0252 -0.5920
vn 0.5847 0.2754 0.7631
vn 0.5846 0.2754 0.7631
vn -0.7920 -0.0237 0.6100
vn -0.5817 -0.2753 -0.7654
vn 0.7920 0.0237 -0.6100
vn -0.1875 0.9605 -0.2055
vn 0.1842 -0.9606 0.2082
vn 0.7920 0.0238 -0.6100
vn 0.6339 0.3344 0.6974
vn -0.7399 0.0033 0.6727
vn -0.7400 0.0032 0.6727
vn -0.6350 -0.3344 -0.6963
vn 0.7399 -0.0033 -0.6727
vn -0.2229 0.9418 -0.2518
vn 0.2226 -0.9418 0.2520
vn 0.2225 -0.9418 0.2521
vn 0.2226 -0.9418 0.2521
vn -0.7399 0.0034 0.6727
vn 0.8007 0.2551 0.5420
vn -0.5769 0.0784 0.8130
vn -0.8015 -0.2551 -0.5409
vn 0.5769 -0.0784 -0.8130
vn -0.1651 0.9643 -0.2070
vn 0.1648 -0.9643 0.2072
vn 0.1649 -0.9643 0.2071
vn -0.5770 0.0783 0.8130
vn 0.5770 -0.0783 -0.8130
vn 0.9066 -0.0149 0.4216
vn 0.9067 -0.0149 0.4216
vn -0.4186 0.1246 0.8996
vn -0.4186 0.1245 0.8996
vn -0.9067 0.0149 -0.4216
vn 0.4193 -0.1245 -0.8993
vn 0.0669 0.9923 -0.1039
vn -0.0669 -0.9923 0.1039
vn 0.9067 -0.1503 0.3941
vn -0.3777 0.1229 0.9177
vn -0.9063 0.1503 -0.3951
vn 0.3777 -0.1229 -0.9177
vn 0.1858 0.9808 -0.0586
vn -0.1862 -0.9811 0.0521
vn -0.1860 -0.9812 0.0522
vn 0.4115 0.4707 0.7804
vn -0.4132 -0.4708 -0.7795
vn -0.2430 0.8810 -0.4060
vn -0.2430 0.8809 -0.4061
vn 0.2397 -0.8810 0.4078
vn 0.4807 -0.0601 0.8748
vn -0.8722 -0.1516 0.4651
vn -0.4807 0.0601 -0.8748
vn 0.8705 0.1513 -0.4684
vn -0.1092 0.9860 0.1259
vn 0.1037 -0.9864 -0.1278
vn 0.1123 0.8613 0.4954
vn 0.1123 0.8614 0.4954
vn -0.8722 -0.1515 0.4651
vn -0.1128 -0.8614 -0.4953
vn -0.4758 0.4833 -0.7349
vn -0.4758 0.4834 -0.7349
vn 0.4805 -0.4832 0.7319
vn -0.1127 -0.8614 -0.4953
vn -0.4757 0.4834 -0.7349
vn 0.4804 -0.4832 0.7319
vn 0.3832 0.3866 0.8388
vn 0.3832 0.3867 0.8388
vn 0.3832 0.3866 0.8389
vn -0.3798 -0.3865 -0.8405
vn -0.3078 0.9086 -0.2825
vn 0.3098 -0.9086 0.2803
vn 0.4479 0.1397 0.8831
vn 0.4478 0.1396 0.8831
vn 0.4479 0.1396 0.8831
vn -0.8915 0.1042 0.4409
vn -0.8915 0.1041 0.4409
vn -0.4462 -0.1396 -0.8840
vn 0.8932 -0.1039 -0.4375
vn 0.0287 0.9845 -0.1731
vn -0.0298 -0.9846 0.1725
vn -0.0298 -0.9846 0.1724
vn 0.4355 -0.0352 0.8995
vn 0.4356 -0.0352 0.8995
vn -0.4389 0.0350 -0.8978
vn -0.4389 0.0351 -0.8978
vn -0.4389 0.0351 -0.8979
vn 0.1115 0.9936 -0.0189
vn 0.1114 0.9936 -0.0188
vn 0.1114 0.9936 -0.0189
vn -0.1111 -0.9937 0.0167
vn -0.1111 -0.9937 0.0166
vn 0.4909 -0.2025 0.8473
vn 0.4909 -0.2025 0.8474
vn -0.4893 0.2025 -0.8483
vn 0.8704 0.1513 -0.4684
vn -0.0355 0.9670 0.2523
vn 0.0344 -0.9671 -0.2522
vn 0.4865 -0.3692 0.7918
vn 0.4865 -0.3693 0.7918
vn -0.8722 -0.1515 0.4650
vn -0.4914 0.3691 -0.7889
vn -0.4914 0.3691 -0.7888
vn 0.0542 0.9176 0.3938
vn 0.0543 0.9176 0.3938
vn -0.0512 -0.9175 -0.3945
vn -0.0513 -0.9174 -0.3946
vn -0.0513 -0.9175 -0.3945
vn 0.5834 -0.2557 0.7709
vn -0.7903 -0.4008 0.4635
vn -0.5820 0.2557 -0.7719
vn 0.7884 0.4006 -0.4668
vn 0.7885 0.4005 -0.4668
vn -0.1883 0.8789 0.4383
vn -0.1882 0.8789 0.4383
vn 0.1864 -0.8790 -0.4388
vn 0.1865 -0.8790 -0.4388
vn 0.1865 -0.8790 -0.4389
vn 0.6066 -0.4072 0.6828
vn -0.6054 0.4072 -0.6839
vn -0.0856 0.8218 0.5633
vn 0.0830 -0.8220 -0.5634
vn 0.7885 0.4007 -0.4667
vn 0.4483 0.5583 0.6980
vn 0.4484 0.5583 0.6980
vn -0.8919 0.3156 0.3238
vn -0.4530 -0.5584 -0.6950
vn 0.8919 -0.3156 -0.3240
vn 0.8918 -0.3156 -0.3240
vn 0.0391 0.7668 -0.6408
vn 0.0391 0.7668 -0.6407
vn -0.0402 -0.7668 0.6406
vn 0.2361 0.9339 -0.2684
vn 0.2362 0.9339 -0.2684
vn -0.9714 0.2194 -0.0909
vn -0.2363 -0.9339 0.2682
vn 0.9715 -0.2194 0.0902
vn 0.9714 -0.2194 0.0902
vn 0.0238 -0.2839 -0.9586
vn -0.0276 0.2837 0.9585
vn -0.0276 0.2838 0.9585
vn -0.2363 -0.9339 0.2683
vn 0.9714 -0.2195 0.0902
vn 0.0238 -0.2839 -0.9585
vn 0.2142 0.9741 0.0725
vn -0.2121 -0.9742 -0.0774
vn 0.1037 0.0530 -0.9932
vn -0.1075 -0.0532 0.9928
vn -0.1074 -0.0532 0.9928
vn 0.1740 0.9283 0.3287
vn -0.9787 0.1313 0.1576
vn -0.1739 -0.9283 -0.3288
vn 0.9787 -0.1313 -0.1576
vn -0.0988 0.3502 -0.9314
vn -0.0988 0.3502 -0.9315
vn 0.1012 -0.3501 0.9312
vn 0.1942 0.8526 0.4851
vn -0.1909 -0.8525 -0.4866
vn -0.0682 0.5052 -0.8603
vn 0.0669 -0.5053 0.8604
vn -0.9787 0.1313 0.1575
vn 0.9788 -0.1313 -0.1575
vn 0.9787 -0.1313 -0.1575
vn 0.1938 0.9502 0.2443
vn 0.1937 0.9502 0.2443
vn -0.1905 -0.9501 -0.2470
vn 0.1398 0.2196 -0.9655
vn 0.1399 0.2196 -0.9655
vn -0.1362 -0.2194 0.9661
vn -0.1361 -0.2194 0.9661
vn 0.1618 0.8969 0.4116
vn 0.1617 0.8969 0.4116
vn -0.1635 -0.8969 -0.4108
vn -0.1636 -0.8969 -0.4108
vn 0.1723 0.3844 -0.9070
vn 0.1724 0.3844 -0.9069
vn -0.1724 -0.3844 0.9069
vn -0.1723 -0.3844 0.9069
vn -0.0308 0.7136 0.6998
vn -0.8978 0.2877 -0.3335
vn 0.0258 -0.7139 -0.6998
vn 0.8981 -0.2878 0.3325
vn 0.4395 0.6379 -0.6323
vn 0.4395 0.6379 -0.6324
vn -0.4399 -0.6380 0.6321
vn -0.1005 0.5915 0.8000
vn -0.8978 0.2878 -0.3335
vn 0.1054 -0.5913 -0.7996
vn 0.1054 -0.5913 -0.7995
vn 0.4289 0.7525 -0.4997
vn -0.4265 -0.7523 0.5021
vn -0.8978 0.2877 -0.3334
vn 0.1340 0.9446 0.2995
vn -0.1374 -0.9447 -0.2977
vn -0.1374 -0.9447 -0.2978
vn 0.8785 0.0247 -0.4770
vn -0.4593 0.3250 -0.8267
vn 0.4543 -0.3251 0.8294
vn 0.3005 0.7472 0.5928
vn -0.3054 -0.7473 -0.5901
vn -0.3721 0.6625 -0.6501
vn 0.3671 -0.6626 0.6528
vn 0.4269 0.3959 0.8130
vn -0.4286 -0.3960 -0.8121
vn -0.2097 0.9171 -0.3391
vn -0.2098 0.9171 -0.3391
vn 0.2048 -0.9172 0.3418
vn 0.2283 0.1194 0.9662
vn 0.2282 0.1194 0.9663
vn -0.2282 -0.1194 -0.9663
vn -0.2283 -0.1194 -0.9662
vn -0.0847 0.9913 -0.1012
vn 0.0830 -0.9913 0.1022
vn 0.2283 0.1194 0.9663
vn -0.2283 -0.1194 -0.9663
vn -0.0780 0.9914 -0.1048
vn 0.2375 -0.4287 0.8717
vn 0.2376 -0.4288 0.8716
vn -0.9711 -0.0570 0.2319
vn -0.2375 0.4288 -0.8716
vn -0.2376 0.4288 -0.8716
vn 0.9711 0.0570 -0.2319
vn 0.0555 0.9010 0.4302
vn -0.0488 -0.9008 -0.4316
vn 0.2375 -0.4287 0.8716
vn -0.2375 0.4287 -0.8716
vn 0.2208 -0.6140 0.7578
vn 0.2209 -0.6140 0.7578
vn -0.2224 0.6140 -0.7574
vn 0.1027 0.7861 0.6095
vn 0.1027 0.7861 0.6094
vn -0.1048 -0.7862 -0.6090
vn -0.1049 -0.7862 -0.6090
vn -0.6287 -0.7406 0.2372
vn 0.6289 0.7406 -0.2368
vn -0.7451 0.6601 0.0959
vn -0.7451 0.6600 0.0959
vn 0.7456 -0.6599 -0.0929
vn 0.1656 0.5643 0.8088
vn -0.1605 -0.5641 -0.8099
vn -0.1604 -0.5641 -0.8100
vn -0.1760 0.8228 -0.5404
vn 0.1781 -0.8227 0.5399
vn 0.1781 -0.8227 0.5398
vn 0.3740 0.2914 0.8805
vn 0.3739 0.2914 0.8805
vn -0.8733 -0.2176 0.4358
vn -0.3705 -0.2913 -0.8820
vn 0.8733 0.2176 -0.4358
vn -0.3180 0.9314 -0.1772
vn 0.3202 -0.9315 0.1727
vn 0.3202 -0.9315 0.1728
vn -0.5338 -0.7114 0.4572
vn -0.5338 -0.7113 0.4572
vn 0.5314 0.7111 -0.4604
vn 0.5314 0.7111 -0.4603
vn -0.7607 0.6405 0.1055
vn 0.7600 -0.6407 -0.1095
vn 0.7600 -0.6407 -0.1096
vn -0.8955 -0.1326 0.4249
vn 0.8971 0.1329 -0.4214
vn 0.8971 0.1328 -0.4214
vn -0.2393 0.9473 -0.2131
vn 0.2387 -0.9473 0.2137
vn 0.2388 -0.9473 0.2137
vn 0.0459 0.2746 0.9605
vn -0.9942 0.1071 0.0094
vn -0.9942 0.1070 0.0094
vn -0.9942 0.1070 0.0095
vn -0.0445 -0.2745 -0.9605
vn -0.0445 -0.2746 -0.9605
vn 0.9942 -0.1071 -0.0094
vn 0.9942 -0.1070 -0.0094
vn 0.1017 0.9566 -0.2731
vn -0.0996 -0.9564 0.2744
vn 0.0458 0.2746 0.9605
vn -0.7573 0.6366 -0.1458
vn -0.7573 0.6366 -0.1457
vn -0.7573 0.6365 -0.1457
vn 0.7570 -0.6365 0.1479
vn 0.6537 0.7204 -0.2319
vn -0.6536 -0.7203 0.2324
vn -0.6536 -0.7203 0.2323
vn -0.9989 0.0255 0.0403
vn 0.9989 -0.0255 -0.0403
vn 0.0122 0.9612 -0.2755
vn 0.0123 0.9612 -0.2754
vn -0.0178 -0.9616 0.2740
vn -0.0177 -0.9616 0.2740
vn -0.6696 -0.6651 0.3305
vn -0.6697 -0.6651 0.3305
vn -0.2174 -0.2480 -0.9441
vn 0.6712 0.6654 -0.3268
vn 0.6712 0.6653 -0.3268
vn 0.6712 0.6653 -0.3269
vn -0.7081 0.7056 -0.0283
vn 0.7081 -0.7057 0.0239
vn 0.7081 -0.7057 0.0240
vn 0.2174 0.2480 0.9441
vn -0.2173 -0.2481 -0.9441
vn -0.5385 -0.7765 0.3271
vn 0.5385 0.7765 -0.3271
vn -0.8154 0.5779 0.0343
vn 0.8156 -0.5777 -0.0310
vn 0.5386 0.7765 -0.3271
vn 0.7081 -0.7058 0.0239
vn 0.2095 0.2857 0.9351
vn 0.2095 0.2858 0.9351
vn -0.2132 -0.2859 -0.9342
vn -0.1220 0.9562 -0.2662
vn 0.1204 -0.9562 0.2667
vn 0.0393 0.9205 0.3888
vn 0.0394 0.9205 0.3888
vn -0.0415 -0.9206 -0.3883
vn -0.0416 -0.9206 -0.3883
vn -0.0416 -0.9206 -0.3884
vn -0.2350 0.3851 -0.8924
vn -0.2351 0.3851 -0.8924
vn 0.2408 -0.3849 0.8910
vn 0.2407 -0.3849 0.8910
vn 0.2033 0.3479 0.9152
vn 0.2034 0.3479 0.9152
vn -0.2033 -0.3479 -0.9152
vn -0.1298 0.9355 -0.3287
vn 0.1339 -0.9353 0.3275
vn 0.1338 -0.9353 0.3275
vn 0.2253 -0.5504 0.8040
vn 0.2253 -0.5503 0.8040
vn -0.2232 0.5504 -0.8045
vn 0.0833 0.8320 0.5485
vn 0.0834 0.8320 0.5484
vn 0.0833 0.8320 0.5484
vn -0.0840 -0.8320 -0.5483
vn -0.0840 -0.8321 -0.5483
vn -0.0841 -0.8320 -0.5483
vn 0.2228 0.1582 0.9619
vn -0.2213 -0.1582 -0.9623
vn -0.0895 0.9858 -0.1422
vn 0.0932 -0.9857 0.1407
vn 0.0931 -0.9857 0.1406
vn 0.0932 -0.9857 0.1406
vn 0.1012 0.7915 0.6027
vn -0.0998 -0.7915 -0.6030
vn -0.0997 -0.7914 -0.6031
vn -0.0997 -0.7915 -0.6030
vn -0.2220 0.6105 -0.7603
vn -0.2220 0.6105 -0.7602
vn 0.2167 -0.6107 0.7616
vn 0.2168 -0.6107 0.7616
vn 0.2089 0.2773 0.9378
vn -0.2110 -0.2774 -0.9373
vn -0.1198 0.9587 -0.2581
vn 0.1147 -0.9588 0.2597
vn 0.1145 -0.9589 0.2597
vn 0.1146 -0.9589 0.2597
vn 0.1953 0.3680 0.9091
vn 0.1952 0.3680 0.9091
vn 0.1953 0.3681 0.9091
vn -0.1974 -0.3681 -0.9086
vn -0.1340 0.9276 -0.3487
vn 0.1345 -0.9276 0.3486
vn 0.1451 0.6305 0.7625
vn -0.1509 -0.6307 -0.7612
vn -0.1942 0.7728 -0.6042
vn 0.1912 -0.7729 0.6050
vn 0.2384 -0.0897 0.9670
vn -0.2384 0.0897 -0.9670
vn -0.0354 0.9942 0.1016
vn -0.0355 0.9942 0.1016
vn 0.0345 -0.9942 -0.1015
vn 0.2071 -0.7025 0.6809
vn -0.2086 0.7024 -0.6805
vn -0.2086 0.7024 -0.6806
vn 0.1241 0.7112 0.6920
vn -0.1263 -0.7112 -0.6915
vn 0.2190 0.2097 0.9529
vn -0.2190 -0.2097 -0.9529
vn -0.1052 0.9759 -0.1913
vn -0.1052 0.9759 -0.1914
vn 0.1055 -0.9759 0.1912
vn 0.1055 -0.9758 0.1913
vn 0.1055 -0.9759 0.1913
vn 0.1213 0.7233 0.6797
vn 0.1213 0.7233 0.6798
vn 0.1214 0.7233 0.6798
vn -0.1235 -0.7234 -0.6793
vn -0.1235 -0.7234 -0.6792
vn -0.2104 0.6899 -0.6927
vn -0.2104 0.6899 -0.6926
vn 0.2073 -0.6900 0.6935
vn 0.2074 -0.6900 0.6935
vn 0.2234 0.1712 0.9596
vn -0.2234 -0.1712 -0.9596
vn -0.0919 0.9843 -0.1506
vn -0.0917 0.9843 -0.1506
vn 0.0922 -0.9843 0.1505
vn 0.0921 -0.9843 0.1505
vn 0.2283 0.1411 0.9633
vn -0.2247 -0.1410 -0.9642
vn -0.2247 -0.1409 -0.9642
vn -0.0849 0.9885 -0.1255
vn -0.0849 0.9885 -0.1254
vn -0.0848 0.9885 -0.1255
vn 0.0884 -0.9884 0.1238
vn 0.2439 -0.2443 0.9385
vn -0.2418 0.2443 -0.9391
vn -0.2419 0.2443 -0.9390
vn -0.2418 0.2445 -0.9390
vn 0.0021 0.9687 0.2483
vn 0.0021 0.9687 0.2484
vn -0.0029 -0.9687 -0.2482
vn 0.2313 -0.5096 0.8287
vn 0.2313 -0.5096 0.8288
vn -0.2329 0.5095 -0.8283
vn -0.2328 0.5095 -0.8284
vn 0.0756 0.8600 0.5047
vn -0.0763 -0.8600 -0.5046
vn -0.0763 -0.8600 -0.5045
vn 0.2179 -0.6277 0.7473
vn -0.2158 0.6278 -0.7479
vn 0.8971 0.2523 0.3627
vn 0.8971 0.2523 0.3626
vn -0.8947 -0.2524 -0.3686
vn 0.9825 0.1547 0.1042
vn 0.9824 0.1547 0.1042
vn -0.9825 -0.1547 -0.1042
vn 0.9873 0.0524 -0.1502
vn 0.9873 0.0524 -0.1501
vn 0.9873 0.0525 -0.1501
vn -0.9873 -0.0525 0.1499
vn -0.9873 -0.0525 0.1501
vn -0.6543 0.1627 0.7385
vn 0.6514 -0.1630 -0.7410
vn 0.6515 -0.1630 -0.7410
vn -0.8374 0.0501 0.5442
vn -0.8374 0.0500 0.5443
vn 0.8374 -0.0501 -0.5443
vn 0.8374 -0.0501 -0.5442
vn -0.9461 -0.0565 0.3189
vn -0.9461 -0.0565 0.3190
vn -0.9461 -0.0566 0.3190
vn 0.9461 0.0565 -0.3189
vn 0.9461 0.0566 -0.3190
vn 0.2933 0.2635 0.9190
vn 0.2932 0.2635 0.9190
vn -0.2916 -0.2634 -0.9195
vn -0.2917 -0.2635 -0.9195
vn 0.6583 0.1351 0.7405
vn -0.6583 -0.1351 -0.7405
vn 0.9795 -0.1356 0.1492
vn -0.9800 0.1357 -0.1455
vn -0.9800 0.1358 -0.1454
vn 0.9741 -0.2135 -0.0740
vn -0.9738 0.2137 0.0773
vn -0.9739 0.2136 0.0773
vn 0.9349 -0.2603 -0.2412
vn 0.9349 -0.2603 -0.2411
vn -0.9350 0.2603 0.2409
vn 0.2503 0.3040 0.9192
vn -0.2539 -0.3041 -0.9182
vn -0.2540 -0.3042 -0.9181
vn -0.1369 0.1416 0.9804
vn 0.1306 -0.1419 -0.9812
vn -0.7117 -0.1824 0.6784
vn -0.7118 -0.1824 0.6783
vn 0.7142 0.1826 -0.6757
vn 0.7143 0.1827 -0.6756
vn -0.8269 -0.2728 0.4918
vn 0.8250 0.2725 -0.4951
vn -0.8810 -0.3324 0.3366
vn 0.8798 0.3321 -0.3401
vn 0.8798 0.3322 -0.3401
vn 0.6200 0.5049 0.6006
vn -0.6577 -0.0814 0.7489
vn -0.6578 -0.0813 0.7488
vn -0.6236 -0.5049 -0.5968
vn -0.6237 -0.5049 -0.5968
vn 0.6546 0.0811 -0.7516
vn -0.4258 0.8601 -0.2809
vn -0.4257 0.8601 -0.2809
vn 0.4285 -0.8602 0.2766
vn 0.4284 -0.8602 0.2766
vn 0.6926 -0.4540 0.5606
vn 0.6926 -0.4540 0.5605
vn 0.6925 -0.4540 0.5606
vn -0.6577 -0.0813 0.7488
vn -0.6577 -0.0814 0.7488
vn -0.6964 0.4540 -0.5558
vn -0.6964 0.4541 -0.5558
vn 0.2950 0.8877 0.3536
vn 0.2949 0.8877 0.3536
vn -0.2934 -0.8876 -0.3550
vn 0.6039 0.5421 0.5844
vn 0.6039 0.5421 0.5843
vn -0.6577 -0.0813 0.7489
vn -0.5997 -0.5421 -0.5887
vn -0.4548 0.8370 -0.3044
vn -0.4548 0.8370 -0.3043
vn 0.4534 -0.8370 0.3064
vn -0.5996 -0.5421 -0.5887
vn -0.2607 -0.6456 0.7178
vn 0.2600 0.6456 -0.7181
vn 0.0025 -0.9287 0.3707
vn 0.0039 0.9291 -0.3699
vn 0.0038 0.9291 -0.3698
vn -0.6564 0.6716 0.3438
vn 0.6544 -0.6718 -0.3470
vn -0.3030 0.9494 0.0820
vn -0.3031 0.9494 0.0820
vn 0.3030 -0.9494 -0.0822
vn 0.3030 -0.9494 -0.0821
vn 0.4285 -0.8600 0.2770
vn 0.4285 -0.8602 0.2767
vn 0.1565 -0.9872 0.0320
vn -0.1558 0.9875 -0.0255
vn -0.0750 0.9956 -0.0567
vn -0.6918 -0.0098 0.7220
vn 0.0743 -0.9956 0.0578
vn 0.6918 0.0098 -0.7221
vn 0.6918 0.0098 -0.7220
vn -0.7185 -0.0922 -0.6894
vn 0.7185 0.0922 0.6894
vn -0.8556 -0.0307 0.5167
vn -0.8556 -0.0308 0.5167
vn 0.8556 0.0307 -0.5167
vn -0.5131 -0.0848 -0.8541
vn -0.5130 -0.0848 -0.8542
vn -0.5131 -0.0848 -0.8542
vn 0.5130 0.0848 0.8542
vn -0.0298 0.9994 0.0164
vn -0.8556 -0.0306 0.5168
vn -0.8557 -0.0307 0.5166
vn 0.0259 -0.9996 -0.0150
vn 0.8557 0.0307 -0.5166
vn -0.5148 0.0025 -0.8573
vn 0.5180 -0.0025 0.8554
vn 0.5180 -0.0025 0.8553
vn -0.0096 0.9999 0.0055
vn -0.6917 -0.0098 0.7221
vn 0.0072 -1.0000 -0.0033
vn 0.6917 0.0098 -0.7221
vn -0.7207 -0.0049 -0.6932
vn 0.7181 0.0049 0.6959
vn -0.6918 -0.0099 0.7220
vn -0.4866 0.0153 0.8735
vn 0.4866 -0.0153 -0.8735
vn -0.8706 -0.0909 -0.4835
vn 0.8706 0.0909 0.4835
vn 0.0013 0.9999 -0.0145
vn 0.0014 0.9999 -0.0142
vn -0.0006 -0.9999 0.0132
vn -0.0007 -0.9999 0.0132
vn -0.8767 -0.0036 -0.4810
vn 0.8749 0.0036 0.4843
vn 0.8749 0.0037 0.4843
vn 0.1009 0.5397 0.8358
vn -0.9878 -0.0438 0.1497
vn -0.0994 -0.5396 -0.8360
vn 0.9880 0.0394 -0.1495
vn -0.1157 0.8396 -0.5308
vn 0.1128 -0.8396 0.5313
vn 0.1540 -0.4163 0.8961
vn -0.9878 -0.0437 0.1497
vn -0.1480 0.4166 -0.8970
vn -0.1480 0.4165 -0.8970
vn 0.0271 0.9074 0.4194
vn 0.0271 0.9074 0.4193
vn -0.0242 -0.9073 -0.4198
vn -0.9880 -0.0394 0.1495
vn -0.0994 -0.5397 -0.8360
vn 0.9878 0.0438 -0.1497
vn 0.9878 0.0437 -0.1497
vn -0.1157 0.8395 -0.5308
vn 0.1128 -0.8397 0.5312
vn -0.7120 0.6602 -0.2391
vn -0.7120 0.6601 -0.2392
vn 0.7123 -0.6602 0.2382
vn -0.2730 0.9339 -0.2306
vn 0.2739 -0.9340 0.2295
vn -0.6211 -0.6695 0.4075
vn 0.6211 0.6695 -0.4075
vn -0.2041 -0.9416 0.2678
vn 0.2063 0.9418 -0.2654
vn 0.1099 -0.8625 0.4940
vn -0.1128 0.8623 -0.4936
vn -0.1128 0.8624 -0.4936
vn 0.0581 -0.9900 0.1283
vn -0.0609 0.9899 -0.1282
vn -0.0547 0.9949 -0.0849
vn -0.0547 0.9949 -0.0848
vn 0.0519 -0.9950 0.0853
vn 0.0518 -0.9950 0.0853
vn -0.1454 -0.0900 -0.9853
vn 0.1454 0.0899 0.9853
vn 0.1454 0.0900 0.9853
vn -0.0547 0.9949 -0.0850
vn -0.0546 0.9949 -0.0850
vn -0.0547 0.9949 -0.0851
vn -0.9185 -0.0170 0.3951
vn 0.9185 0.0170 -0.3951
vn -0.3912 -0.0989 -0.9150
vn -0.3913 -0.0989 -0.9150
vn 0.3912 0.0989 0.9150
vn -0.0192 0.9998 -0.0037
vn -0.0191 0.9998 -0.0037
vn -0.9185 -0.0169 0.3951
vn 0.0179 -0.9998 0.0048
vn 0.0178 -0.9998 0.0048
vn 0.9185 0.0169 -0.3951
vn -0.4005 -0.0119 -0.9162
vn 0.3970 0.0118 0.9177
vn -0.1454 -0.0899 -0.9853
vn -0.0419 0.9991 0.0014
vn -0.0419 0.9991 0.0013
vn 0.0447 -0.9990 -0.0017
vn -0.1494 -0.0071 -0.9887
vn -0.1494 -0.0072 -0.9888
vn 0.1494 0.0072 0.9887
vn 0.1494 0.0071 0.9887
vn -0.0548 0.9949 -0.0849
vn -0.9915 -0.0637 -0.1132
vn 0.0519 -0.9950 0.0854
vn 0.9915 0.0637 0.1132
vn 0.9915 0.0637 0.1133
vn 0.1176 -0.0774 -0.9900
vn -0.1176 0.0774 0.9900
vn -0.0620 0.9981 0.0042
vn -0.0620 0.9981 0.0041
vn -0.9915 -0.0638 -0.1132
vn 0.0663 -0.9978 -0.0027
vn 0.1084 0.0095 -0.9941
vn 0.1085 0.0095 -0.9941
vn -0.1122 -0.0097 0.9936
vn -0.9915 -0.0637 -0.1133
vt 0.089897 0.910156
vt 0.089897 0.925812
vt 0.078125 0.910156
vt 0.078125 0.925812
vt 0.062500 0.910156
vt 0.062500 0.925812
vt 0.117188 0.910156
vt 0.117188 0.925812
vt 0.105522 0.910156
vt 0.105522 0.925812
vt 0.078125 0.941406
vt 0.089897 0.941406
vt 0.101563 0.925812
vt 0.101563 0.941406
vt 0.429751 0.871094
vt 0.429751 0.921873
vt 0.367155 0.871094
vt 0.367155 0.921873
vt 0.300781 0.871094
vt 0.300781 0.921873
vt 0.558595 0.871094
vt 0.558595 0.921873
vt 0.496125 0.871094
vt 0.496125 0.921873
vt 0.367155 0.988281
vt 0.429751 0.988281
vt 0.492220 0.921873
vt 0.492220 0.988281
vt 0.871127 0.625000
vt 0.871127 0.667959
vt 0.843747 0.625000
vt 0.843747 0.667959
vt 0.804688 0.625000
vt 0.804688 0.667959
vt 0.937500 0.625000
vt 0.937500 0.667959
vt 0.910185 0.625000
vt 0.910185 0.667959
vt 0.843747 0.707031
vt 0.871127 0.707031
vt 0.898442 0.667959
vt 0.898442 0.707031
vt 0.820345 0.707031
vt 0.820345 0.746113
vt 0.792965 0.707031
vt 0.792965 0.746113
vt 0.753906 0.707031
vt 0.753906 0.746113
vt 0.886718 0.707031
vt 0.886718 0.746113
vt 0.859403 0.707031
vt 0.859403 0.746113
vt 0.792965 0.785156
vt 0.820345 0.785156
vt 0.847660 0.746113
vt 0.847660 0.785156
vt 0.906278 0.746094
vt 0.906278 0.781267
vt 0.882807 0.746094
vt 0.882807 0.781267
vt 0.847656 0.746094
vt 0.847656 0.781267
vt 0.964843 0.746094
vt 0.964843 0.781267
vt 0.941429 0.746094
vt 0.941429 0.781267
vt 0.882807 0.816406
vt 0.906278 0.816406
vt 0.929693 0.781267
vt 0.929693 0.816406
vt 0.906312 0.687500
vt 0.906312 0.695374
vt 0.898438 0.687500
vt 0.898438 0.695374
vt 0.914063 0.687500
vt 0.914063 0.695374
vt 0.816434 0.789062
vt 0.816434 0.816410
vt 0.796855 0.789062
vt 0.796855 0.816410
vt 0.757812 0.789062
vt 0.757812 0.816410
vt 0.874999 0.789062
vt 0.874999 0.816410
vt 0.855478 0.789062
vt 0.855478 0.816410
vt 0.796855 0.855468
vt 0.816434 0.855468
vt 0.835956 0.816410
vt 0.835956 0.855468
vt 0.921936 0.687500
vt 0.921936 0.695374
vt 0.914062 0.687500
vt 0.914062 0.695374
vt 0.929687 0.687500
vt 0.929687 0.695374
vt 0.937562 0.687500
vt 0.937562 0.695374
vt 0.929688 0.687500
vt 0.929688 0.695374
vt 0.945313 0.687500
vt 0.945313 0.695374
vt 0.894560 0.816406
vt 0.894560 0.835947
vt 0.878932 0.816406
vt 0.878932 0.835947
vt 0.835938 0.816406
vt 0.835938 0.835947
vt 0.953125 0.816406
vt 0.953125 0.835947
vt 0.937497 0.816406
vt 0.937497 0.835947
vt 0.878932 0.878906
vt 0.894560 0.878906
vt 0.910132 0.835947
vt 0.910132 0.878906
vt 0.953186 0.687500
vt 0.953186 0.695374
vt 0.945312 0.687500
vt 0.945312 0.695374
vt 0.960937 0.687500
vt 0.960937 0.695374
vt 0.968812 0.687500
vt 0.968812 0.695374
vt 0.960938 0.687500
vt 0.960938 0.695374
vt 0.976563 0.687500
vt 0.976563 0.695374
vt 0.964905 0.714844
vt 0.964905 0.726532
vt 0.957031 0.714844
vt 0.957031 0.726532
vt 0.972656 0.714844
vt 0.972656 0.726532
vt 0.925755 0.570312
vt 0.925755 0.582040
vt 0.914053 0.570312
vt 0.914053 0.582040
vt 0.871094 0.570312
vt 0.871094 0.582040
vt 0.980469 0.570312
vt 0.980469 0.582040
vt 0.968768 0.570312
vt 0.968768 0.582040
vt 0.914053 0.624999
vt 0.925755 0.624999
vt 0.937510 0.582040
vt 0.937510 0.624999
vt 0.984436 0.687500
vt 0.984436 0.695374
vt 0.976562 0.687500
vt 0.976562 0.695374
vt 0.992187 0.687500
vt 0.992187 0.695374
vt 0.949244 0.695312
vt 0.949244 0.703126
vt 0.941405 0.695312
vt 0.941405 0.703126
vt 0.898438 0.695312
vt 0.898438 0.703126
vt 1.000000 0.695312
vt 1.000000 0.703126
vt 0.992211 0.695312
vt 0.992211 0.703126
vt 0.941405 0.746093
vt 0.949244 0.746093
vt 0.957034 0.703126
vt 0.957034 0.746093
vt 0.722733 0.921875
vt 0.722733 0.925774
vt 0.718758 0.921875
vt 0.718758 0.925774
vt 0.683594 0.921875
vt 0.683594 0.925774
vt 0.761719 0.921875
vt 0.761719 0.925774
vt 0.757744 0.921875
vt 0.757744 0.925774
vt 0.718758 0.960938
vt 0.722733 0.960938
vt 0.726555 0.925774
vt 0.726555 0.960938
vt 0.761715 0.855469
vt 0.761715 0.898428
vt 0.789095 0.855469
vt 0.789095 0.898428
vt 0.828153 0.855469
vt 0.828153 0.898428
vt 0.855468 0.855469
vt 0.855468 0.898428
vt 0.722656 0.855469
vt 0.722656 0.898428
vt 0.789095 0.937500
vt 0.761715 0.937500
vt 0.816410 0.898428
vt 0.816410 0.937500
vt 0.906247 0.878906
vt 0.906247 0.917988
vt 0.933627 0.878906
vt 0.933627 0.917988
vt 0.972685 0.878906
vt 0.972685 0.917988
vt 1.000000 0.878906
vt 1.000000 0.917988
vt 0.867188 0.878906
vt 0.867188 0.917988
vt 0.933627 0.957031
vt 0.906247 0.957031
vt 0.960942 0.917988
vt 0.960942 0.957031
vt 0.917962 0.480469
vt 0.917962 0.515642
vt 0.941434 0.480469
vt 0.941434 0.515642
vt 0.976585 0.480469
vt 0.976585 0.515642
vt 0.999999 0.480469
vt 0.999999 0.515642
vt 0.882812 0.480469
vt 0.882812 0.515642
vt 0.941434 0.550781
vt 0.917962 0.550781
vt 0.964849 0.515642
vt 0.964849 0.550781
vt 0.906312 0.679688
vt 0.906312 0.687562
vt 0.914063 0.679688
vt 0.914063 0.687562
vt 0.898438 0.679688
vt 0.898438 0.687562
vt 0.921855 0.414062
vt 0.921855 0.441410
vt 0.941434 0.414062
vt 0.941434 0.441410
vt 0.980478 0.414062
vt 0.980478 0.441410
vt 0.999999 0.414062
vt 0.999999 0.441410
vt 0.882812 0.414062
vt 0.882812 0.441410
vt 0.941434 0.480468
vt 0.921855 0.480468
vt 0.960956 0.441410
vt 0.960956 0.480468
vt 0.921936 0.679688
vt 0.921936 0.687562
vt 0.929687 0.679688
vt 0.929687 0.687562
vt 0.914062 0.679688
vt 0.914062 0.687562
vt 0.937562 0.679688
vt 0.937562 0.687562
vt 0.945313 0.679688
vt 0.945313 0.687562
vt 0.929688 0.679688
vt 0.929688 0.687562
vt 0.808619 0.417969
vt 0.808619 0.437510
vt 0.824247 0.417969
vt 0.824247 0.437510
vt 0.867184 0.417969
vt 0.867184 0.437510
vt 0.882812 0.417969
vt 0.882812 0.437510
vt 0.765625 0.417969
vt 0.765625 0.437510
vt 0.824247 0.480469
vt 0.808619 0.480469
vt 0.839819 0.437510
vt 0.839819 0.480469
vt 0.953186 0.679688
vt 0.953186 0.687562
vt 0.960937 0.679688
vt 0.960937 0.687562
vt 0.945312 0.679688
vt 0.945312 0.687562
vt 0.968812 0.679688
vt 0.968812 0.687562
vt 0.976563 0.679688
vt 0.976563 0.687562
vt 0.960938 0.679688
vt 0.960938 0.687562
vt 0.964905 0.703125
vt 0.964905 0.714813
vt 0.972656 0.703125
vt 0.972656 0.714813
vt 0.957031 0.703125
vt 0.957031 0.714813
vt 0.742178 0.445312
vt 0.742178 0.457040
vt 0.753880 0.445312
vt 0.753880 0.457040
vt 0.796893 0.445312
vt 0.796893 0.457040
vt 0.808594 0.445312
vt 0.808594 0.457040
vt 0.699219 0.445312
vt 0.699219 0.457040
vt 0.753880 0.499999
vt 0.742178 0.499999
vt 0.765635 0.457040
vt 0.765635 0.499999
vt 0.984436 0.679688
vt 0.984436 0.687562
vt 0.992187 0.679688
vt 0.992187 0.687562
vt 0.976562 0.679688
vt 0.976562 0.687562
vt 0.664061 0.457031
vt 0.664061 0.464845
vt 0.671900 0.457031
vt 0.671900 0.464845
vt 0.714867 0.457031
vt 0.714867 0.464845
vt 0.722657 0.457031
vt 0.722657 0.464845
vt 0.621094 0.457031
vt 0.621094 0.464845
vt 0.671900 0.507812
vt 0.664061 0.507812
vt 0.679690 0.464845
vt 0.679690 0.507812
vt 0.621102 0.464844
vt 0.621102 0.468743
vt 0.625077 0.464844
vt 0.625077 0.468743
vt 0.660088 0.464844
vt 0.660088 0.468743
vt 0.664063 0.464844
vt 0.664063 0.468743
vt 0.585938 0.464844
vt 0.585938 0.468743
vt 0.625077 0.503906
vt 0.621102 0.503906
vt 0.628899 0.468743
vt 0.628899 0.503906
vt 0.187550 0.789062
vt 0.187550 0.835960
vt 0.132774 0.789062
vt 0.132774 0.835960
vt 0.085938 0.789062
vt 0.085938 0.835960
vt 0.289063 0.789062
vt 0.289063 0.835960
vt 0.234386 0.789062
vt 0.234386 0.835960
vt 0.132774 0.882812
vt 0.187550 0.882812
vt 0.242226 0.835960
vt 0.242226 0.882812
vt 0.031311 0.453125
vt 0.031311 0.488304
vt 0.015656 0.453125
vt 0.015656 0.488304
vt 0.000000 0.453125
vt 0.000000 0.488304
vt 0.062500 0.453125
vt 0.062500 0.488304
vt 0.046844 0.453125
vt 0.046844 0.488304
vt 0.015656 0.503906
vt 0.031311 0.503906
vt 0.046844 0.503906
vt 0.015656 0.394531
vt 0.015656 0.414062
vt 0.007828 0.394531
vt 0.007828 0.414062
vt 0.000000 0.394531
vt 0.000000 0.414062
vt 0.031250 0.394531
vt 0.031250 0.414062
vt 0.023422 0.394531
vt 0.023422 0.414062
vt 0.007828 0.421875
vt 0.015656 0.421875
vt 0.023422 0.421875
vt 0.023483 0.421875
vt 0.023483 0.441383
vt 0.011742 0.421875
vt 0.011742 0.441383
vt 0.000000 0.421875
vt 0.000000 0.441383
vt 0.046875 0.421875
vt 0.046875 0.441383
vt 0.035133 0.421875
vt 0.035133 0.441383
vt 0.011742 0.453125
vt 0.023483 0.453125
vt 0.035133 0.453125
vt 0.046906 0.402344
vt 0.046906 0.414055
vt 0.035164 0.402344
vt 0.035164 0.414055
vt 0.031250 0.402344
vt 0.031250 0.414055
vt 0.062500 0.402344
vt 0.062500 0.414055
vt 0.050758 0.402344
vt 0.050758 0.414055
vt 0.035164 0.417969
vt 0.046906 0.417969
vt 0.058586 0.414055
vt 0.058586 0.417969
vt 0.164124 0.488281
vt 0.164124 0.496124
vt 0.160187 0.488281
vt 0.160187 0.496124
vt 0.156250 0.488281
vt 0.156250 0.496124
vt 0.171875 0.488281
vt 0.171875 0.496124
vt 0.167938 0.488281
vt 0.167938 0.496124
vt 0.160187 0.500000
vt 0.164124 0.500000
vt 0.167938 0.500000
vt 0.164124 0.476562
vt 0.164124 0.484405
vt 0.160187 0.476562
vt 0.160187 0.484405
vt 0.156250 0.476562
vt 0.156250 0.484405
vt 0.171875 0.476562
vt 0.171875 0.484405
vt 0.167938 0.476562
vt 0.167938 0.484405
vt 0.160187 0.488281
vt 0.164124 0.488281
vt 0.167938 0.488281
vt 0.191437 0.496094
vt 0.191437 0.500031
vt 0.187500 0.496094
vt 0.187500 0.500031
vt 0.195312 0.496094
vt 0.195312 0.500031
vt 0.148499 0.488281
vt 0.148499 0.496124
vt 0.144562 0.488281
vt 0.144562 0.496124
vt 0.140625 0.488281
vt 0.140625 0.496124
vt 0.156250 0.488281
vt 0.156250 0.496124
vt 0.152313 0.488281
vt 0.152313 0.496124
vt 0.144562 0.500000
vt 0.148499 0.500000
vt 0.152313 0.500000
vt 0.148499 0.476562
vt 0.148499 0.484405
vt 0.144562 0.476562
vt 0.144562 0.484405
vt 0.140625 0.476562
vt 0.140625 0.484405
vt 0.156250 0.476562
vt 0.156250 0.484405
vt 0.152313 0.476562
vt 0.152313 0.484405
vt 0.144562 0.488281
vt 0.148499 0.488281
vt 0.152313 0.488281
vt 0.183625 0.496094
vt 0.183625 0.500031
vt 0.179688 0.496094
vt 0.179688 0.500031
vt 0.187500 0.496094
vt 0.187500 0.500031
vt 0.132874 0.488281
vt 0.132874 0.496124
vt 0.128937 0.488281
vt 0.128937 0.496124
vt 0.125000 0.488281
vt 0.125000 0.496124
vt 0.140625 0.488281
vt 0.140625 0.496124
vt 0.136688 0.488281
vt 0.136688 0.496124
vt 0.128937 0.500000
vt 0.132874 0.500000
vt 0.136688 0.500000
vt 0.132874 0.476562
vt 0.132874 0.484405
vt 0.128937 0.476562
vt 0.128937 0.484405
vt 0.125000 0.476562
vt 0.125000 0.484405
vt 0.140625 0.476562
vt 0.140625 0.484405
vt 0.136688 0.476562
vt 0.136688 0.484405
vt 0.128937 0.488281
vt 0.132874 0.488281
vt 0.136688 0.488281
vt 0.175812 0.496094
vt 0.175812 0.500031
vt 0.171875 0.496094
vt 0.171875 0.500031
vt 0.179688 0.496094
vt 0.179688 0.500031
vt 0.078156 0.476562
vt 0.078156 0.511741
vt 0.093811 0.476562
vt 0.093811 0.511741
vt 0.109344 0.476562
vt 0.109344 0.511741
vt 0.125000 0.476562
vt 0.125000 0.511741
vt 0.062500 0.476562
vt 0.062500 0.511741
vt 0.093811 0.527343
vt 0.078156 0.527343
vt 0.109344 0.527343
vt 0.074242 0.445312
vt 0.074242 0.464820
vt 0.085983 0.445312
vt 0.085983 0.464820
vt 0.097633 0.445312
vt 0.097633 0.464820
vt 0.109375 0.445312
vt 0.109375 0.464820
vt 0.062500 0.445312
vt 0.062500 0.464820
vt 0.085983 0.476562
vt 0.074242 0.476562
vt 0.097633 0.476562
vt 0.054703 0.417969
vt 0.054703 0.437500
vt 0.062531 0.417969
vt 0.062531 0.437500
vt 0.070297 0.417969
vt 0.070297 0.437500
vt 0.078125 0.417969
vt 0.078125 0.437500
vt 0.046875 0.417969
vt 0.046875 0.437500
vt 0.062531 0.445313
vt 0.054703 0.445313
vt 0.070297 0.445313
vt 0.003914 0.378906
vt 0.003914 0.390617
vt 0.015656 0.378906
vt 0.015656 0.390617
vt 0.019508 0.378906
vt 0.019508 0.390617
vt 0.031250 0.378906
vt 0.031250 0.390617
vt 0.000000 0.378906
vt 0.000000 0.390617
vt 0.003914 0.394531
vt 0.027336 0.390617
vt 0.027336 0.394531
vt 0.144562 0.464844
vt 0.144562 0.472687
vt 0.148499 0.464844
vt 0.148499 0.472687
vt 0.152313 0.464844
vt 0.152313 0.472687
vt 0.156250 0.464844
vt 0.156250 0.472687
vt 0.140625 0.464844
vt 0.140625 0.472687
vt 0.148499 0.476563
vt 0.144562 0.476563
vt 0.152313 0.476563
vt 0.144562 0.453125
vt 0.144562 0.460968
vt 0.148499 0.453125
vt 0.148499 0.460968
vt 0.152313 0.453125
vt 0.152313 0.460968
vt 0.156250 0.453125
vt 0.156250 0.460968
vt 0.140625 0.453125
vt 0.140625 0.460968
vt 0.148499 0.464844
vt 0.144562 0.464844
vt 0.152313 0.464844
vt 0.191437 0.492188
vt 0.191437 0.496125
vt 0.195312 0.492188
vt 0.195312 0.496125
vt 0.187500 0.492188
vt 0.187500 0.496125
vt 0.128937 0.464844
vt 0.128937 0.472687
vt 0.132874 0.464844
vt 0.132874 0.472687
vt 0.136688 0.464844
vt 0.136688 0.472687
vt 0.140625 0.464844
vt 0.140625 0.472687
vt 0.125000 0.464844
vt 0.125000 0.472687
vt 0.132874 0.476563
vt 0.128937 0.476563
vt 0.136688 0.476563
vt 0.128937 0.453125
vt 0.128937 0.460968
vt 0.132874 0.453125
vt 0.132874 0.460968
vt 0.136688 0.453125
vt 0.136688 0.460968
vt 0.140625 0.453125
vt 0.140625 0.460968
vt 0.125000 0.453125
vt 0.125000 0.460968
vt 0.132874 0.464844
vt 0.128937 0.464844
vt 0.136688 0.464844
vt 0.183625 0.492188
vt 0.183625 0.496125
vt 0.187500 0.492188
vt 0.187500 0.496125
vt 0.179688 0.492188
vt 0.179688 0.496125
vt 0.113312 0.464844
vt 0.113312 0.472687
vt 0.117249 0.464844
vt 0.117249 0.472687
vt 0.121063 0.464844
vt 0.121063 0.472687
vt 0.125000 0.464844
vt 0.125000 0.472687
vt 0.109375 0.464844
vt 0.109375 0.472687
vt 0.117249 0.476563
vt 0.113312 0.476563
vt 0.121063 0.476563
vt 0.113312 0.453125
vt 0.113312 0.460968
vt 0.117249 0.453125
vt 0.117249 0.460968
vt 0.121063 0.453125
vt 0.121063 0.460968
vt 0.125000 0.453125
vt 0.125000 0.460968
vt 0.109375 0.453125
vt 0.109375 0.460968
vt 0.117249 0.464844
vt 0.113312 0.464844
vt 0.121063 0.464844
vt 0.175812 0.492188
vt 0.175812 0.496125
vt 0.179688 0.492188
vt 0.179688 0.496125
vt 0.171875 0.492188
vt 0.171875 0.496125
vt 0.289101 0.921875
vt 0.289101 0.960957
vt 0.250020 0.921875
vt 0.250020 0.960957
vt 0.210938 0.921875
vt 0.210938 0.960957
vt 0.367188 0.921875
vt 0.367188 0.960957
vt 0.328106 0.921875
vt 0.328106 0.960957
vt 0.250020 1.000000
vt 0.289101 1.000000
vt 0.328106 1.000000
vt 0.175810 0.882812
vt 0.175810 0.914070
vt 0.144553 0.882812
vt 0.144553 0.914070
vt 0.117188 0.882812
vt 0.117188 0.914070
vt 0.234375 0.882812
vt 0.234375 0.914070
vt 0.203118 0.882812
vt 0.203118 0.914070
vt 0.144553 0.941406
vt 0.175810 0.941406
vt 0.207011 0.914070
vt 0.207011 0.941406
vt 0.160181 0.949219
vt 0.160181 0.976557
vt 0.132793 0.949219
vt 0.132793 0.976557
vt 0.109375 0.949219
vt 0.109375 0.976557
vt 0.210938 0.949219
vt 0.210938 0.976557
vt 0.183599 0.949219
vt 0.183599 0.976557
vt 0.132793 1.000000
vt 0.160181 1.000000
vt 0.187519 0.976557
vt 0.187519 1.000000
vt 0.054661 0.945312
vt 0.054661 0.972642
vt 0.027357 0.945312
vt 0.027357 0.972642
vt 0.000000 0.945312
vt 0.000000 0.972642
vt 0.109375 0.945312
vt 0.109375 0.972642
vt 0.082018 0.945312
vt 0.082018 0.972642
vt 0.027357 0.999999
vt 0.054661 0.999999
vt 0.082018 0.999999
vt 0.203156 0.984375
vt 0.203156 0.992203
vt 0.195328 0.984375
vt 0.195328 0.992203
vt 0.187500 0.984375
vt 0.187500 0.992203
vt 0.218750 0.984375
vt 0.218750 0.992203
vt 0.210922 0.984375
vt 0.210922 0.992203
vt 0.195328 1.000000
vt 0.203156 1.000000
vt 0.210922 1.000000
vt 0.191437 0.976562
vt 0.191437 0.984336
vt 0.187500 0.976562
vt 0.187500 0.984336
vt 0.195312 0.976562
vt 0.195312 0.984336
vt 0.117218 0.933594
vt 0.117218 0.941422
vt 0.109390 0.933594
vt 0.109390 0.941422
vt 0.101562 0.933594
vt 0.101562 0.941422
vt 0.132812 0.933594
vt 0.132812 0.941422
vt 0.124984 0.933594
vt 0.124984 0.941422
vt 0.109390 0.949219
vt 0.117218 0.949219
vt 0.124984 0.949219
vt 0.226578 0.984375
vt 0.226578 0.992203
vt 0.234406 0.984375
vt 0.234406 0.992203
vt 0.242172 0.984375
vt 0.242172 0.992203
vt 0.250000 0.984375
vt 0.250000 0.992203
vt 0.234406 1.000000
vt 0.226578 1.000000
vt 0.242172 1.000000
vt 0.195312 0.976562
vt 0.195312 0.984336
vt 0.199249 0.976562
vt 0.199249 0.984336
vt 0.203124 0.976562
vt 0.203124 0.984336
vt 0.085953 0.894531
vt 0.085953 0.902359
vt 0.093781 0.894531
vt 0.093781 0.902359
vt 0.101547 0.894531
vt 0.101547 0.902359
vt 0.109375 0.894531
vt 0.109375 0.902359
vt 0.078125 0.894531
vt 0.078125 0.902359
vt 0.093781 0.910156
vt 0.085953 0.910156
vt 0.101547 0.910156
vt 0.035225 0.925781
vt 0.035225 0.929680
vt 0.015686 0.925781
vt 0.015686 0.929680
vt 0.000000 0.925781
vt 0.000000 0.929680
vt 0.070313 0.925781
vt 0.070313 0.929680
vt 0.050774 0.925781
vt 0.050774 0.929680
vt 0.015686 0.945312
vt 0.035225 0.945312
vt 0.054626 0.929680
vt 0.054626 0.945312
vt 0.007874 0.933594
vt 0.007874 0.937469
vt 0.000000 0.933594
vt 0.000000 0.937469
vt 0.015625 0.933594
vt 0.015625 0.937469
vt 0.058625 0.941406
vt 0.058625 0.945339
vt 0.054688 0.941406
vt 0.054688 0.945339
vt 0.062500 0.941406
vt 0.062500 0.945339
vt 0.062500 0.941406
vt 0.062500 0.945339
vt 0.066437 0.941406
vt 0.066437 0.945339
vt 0.070312 0.941406
vt 0.070312 0.945339
vt 0.007874 0.929688
vt 0.007874 0.933563
vt 0.000000 0.929688
vt 0.000000 0.933563
vt 0.015625 0.929688
vt 0.015625 0.933563
vt 0.007874 0.937500
vt 0.007874 0.945374
vt 0.000000 0.937500
vt 0.000000 0.945374
vt 0.015625 0.937500
vt 0.015625 0.945374
vt 0.039139 0.894531
vt 0.039139 0.906273
vt 0.019569 0.894531
vt 0.019569 0.906273
vt 0.000000 0.894531
vt 0.000000 0.906273
vt 0.078125 0.894531
vt 0.078125 0.906273
vt 0.058555 0.894531
vt 0.058555 0.906273
vt 0.019569 0.925781
vt 0.039139 0.925781
vt 0.058555 0.925781
vt 0.007874 0.917969
vt 0.007874 0.925843
vt 0.000000 0.917969
vt 0.000000 0.925843
vt 0.015625 0.917969
vt 0.015625 0.925843
vt 0.007874 0.933594
vt 0.007874 0.910156
vt 0.007874 0.918030
vt 0.015625 0.910156
vt 0.015625 0.918030
vt 0.000000 0.910156
vt 0.000000 0.918030
vt 0.007874 0.925781
vt 0.062561 0.929688
vt 0.062561 0.937529
vt 0.054688 0.929688
vt 0.054688 0.937529
vt 0.070312 0.929688
vt 0.070312 0.937529
vt 0.109421 0.714844
vt 0.109421 0.722641
vt 0.101532 0.714844
vt 0.101532 0.722641
vt 0.085938 0.714844
vt 0.085938 0.722641
vt 0.132812 0.714844
vt 0.132812 0.722641
vt 0.125015 0.714844
vt 0.125015 0.722641
vt 0.101532 0.738281
vt 0.109421 0.738281
vt 0.117218 0.722641
vt 0.117218 0.738281
vt 0.058622 0.867188
vt 0.058622 0.882817
vt 0.011736 0.867188
vt 0.011736 0.882817
vt 0.000000 0.867188
vt 0.000000 0.882817
vt 0.117187 0.867188
vt 0.117187 0.882817
vt 0.070301 0.867188
vt 0.070301 0.882817
vt 0.011736 0.894532
vt 0.058622 0.894532
vt 0.105452 0.882817
vt 0.105452 0.894532
vt 0.043053 0.816406
vt 0.043053 0.828148
vt 0.011772 0.816406
vt 0.011772 0.828148
vt 0.000000 0.816406
vt 0.000000 0.828148
vt 0.085937 0.816406
vt 0.085937 0.828148
vt 0.054657 0.816406
vt 0.054657 0.828148
vt 0.011772 0.839843
vt 0.043053 0.839843
vt 0.074165 0.828148
vt 0.074165 0.839843
vt 0.046967 0.769531
vt 0.046967 0.781273
vt 0.011742 0.769531
vt 0.011742 0.781273
vt 0.000000 0.769531
vt 0.000000 0.781273
vt 0.093750 0.769531
vt 0.093750 0.781273
vt 0.058525 0.769531
vt 0.058525 0.781273
vt 0.011742 0.792968
vt 0.046967 0.792968
vt 0.082008 0.781273
vt 0.082008 0.792968
vt 0.011736 0.839844
vt 0.011736 0.855473
vt 0.058622 0.839844
vt 0.058622 0.855473
vt 0.070301 0.839844
vt 0.070301 0.855473
vt 0.117187 0.839844
vt 0.117187 0.855473
vt 0.000000 0.839844
vt 0.000000 0.855473
vt 0.058622 0.867188
vt 0.011736 0.867188
vt 0.105452 0.855473
vt 0.105452 0.867188
vt 0.011772 0.792969
vt 0.011772 0.804711
vt 0.043053 0.792969
vt 0.043053 0.804711
vt 0.054657 0.792969
vt 0.054657 0.804711
vt 0.085937 0.792969
vt 0.085937 0.804711
vt 0.000000 0.792969
vt 0.000000 0.804711
vt 0.043053 0.816406
vt 0.011772 0.816406
vt 0.074165 0.804711
vt 0.074165 0.816406
vt 0.011742 0.746094
vt 0.011742 0.757836
vt 0.046967 0.746094
vt 0.046967 0.757836
vt 0.058525 0.746094
vt 0.058525 0.757836
vt 0.093750 0.746094
vt 0.093750 0.757836
vt 0.000000 0.746094
vt 0.000000 0.757836
vt 0.046967 0.769531
vt 0.011742 0.769531
vt 0.082008 0.757836
vt 0.082008 0.769531
vt 0.043053 0.718750
vt 0.043053 0.734375
vt 0.011772 0.718750
vt 0.011772 0.734375
vt 0.000000 0.718750
vt 0.000000 0.734375
vt 0.085937 0.718750
vt 0.085937 0.734375
vt 0.054657 0.718750
vt 0.054657 0.734375
vt 0.011772 0.746094
vt 0.043053 0.746094
vt 0.074165 0.734375
vt 0.074165 0.746094
vt 0.027397 0.632812
vt 0.027397 0.679710
vt 0.011772 0.632812
vt 0.011772 0.679710
vt 0.000000 0.632812
vt 0.000000 0.679710
vt 0.054688 0.632812
vt 0.054688 0.679710
vt 0.039063 0.632812
vt 0.039063 0.679710
vt 0.011772 0.691406
vt 0.027397 0.691406
vt 0.043022 0.679710
vt 0.043022 0.691406
vt 0.125054 0.738281
vt 0.125054 0.777336
vt 0.109429 0.738281
vt 0.109429 0.777336
vt 0.097656 0.738281
vt 0.097656 0.777336
vt 0.152344 0.738281
vt 0.152344 0.777336
vt 0.136719 0.738281
vt 0.136719 0.777336
vt 0.109429 0.789062
vt 0.125054 0.789062
vt 0.140679 0.777336
vt 0.140679 0.789062
vt 0.011772 0.691406
vt 0.011772 0.707031
vt 0.043053 0.691406
vt 0.043053 0.707031
vt 0.054657 0.691406
vt 0.054657 0.707031
vt 0.085937 0.691406
vt 0.085937 0.707031
vt 0.000000 0.691406
vt 0.000000 0.707031
vt 0.043053 0.718750
vt 0.011772 0.718750
vt 0.074165 0.707031
vt 0.074165 0.718750
vt 0.066460 0.632812
vt 0.066460 0.679710
vt 0.082085 0.632812
vt 0.082085 0.679710
vt 0.093750 0.632812
vt 0.093750 0.679710
vt 0.109375 0.632812
vt 0.109375 0.679710
vt 0.054688 0.632812
vt 0.054688 0.679710
vt 0.082085 0.691406
vt 0.066460 0.691406
vt 0.097710 0.679710
vt 0.097710 0.691406
vt 0.164116 0.738281
vt 0.164116 0.777336
vt 0.179741 0.738281
vt 0.179741 0.777336
vt 0.191407 0.738281
vt 0.191407 0.777336
vt 0.207032 0.738281
vt 0.207032 0.777336
vt 0.152344 0.738281
vt 0.152344 0.777336
vt 0.179741 0.789062
vt 0.164116 0.789062
vt 0.195366 0.777336
vt 0.195366 0.789062
vt 0.378990 0.738281
vt 0.378990 0.789083
vt 0.288980 0.738281
vt 0.288980 0.789083
vt 0.207031 0.738281
vt 0.207031 0.789083
vt 0.550782 0.738281
vt 0.550782 0.789083
vt 0.460940 0.738281
vt 0.460940 0.789083
vt 0.288980 0.871093
vt 0.378990 0.871093
vt 0.468832 0.789083
vt 0.468832 0.871093
vt 0.304718 0.691406
vt 0.304718 0.738250
vt 0.289062 0.691406
vt 0.289062 0.738250
vt 0.320312 0.691406
vt 0.320312 0.738250
vt 0.335968 0.695312
vt 0.335968 0.738311
vt 0.320312 0.695312
vt 0.320312 0.738311
vt 0.351562 0.695312
vt 0.351562 0.738311
vt 0.367218 0.699219
vt 0.367218 0.738282
vt 0.351562 0.699219
vt 0.351562 0.738282
vt 0.382812 0.699219
vt 0.382812 0.738282
vt 0.222711 0.640625
vt 0.222711 0.691385
vt 0.156303 0.640625
vt 0.156303 0.691385
vt 0.109375 0.640625
vt 0.109375 0.691385
vt 0.335937 0.640625
vt 0.335937 0.691385
vt 0.269529 0.640625
vt 0.269529 0.691385
vt 0.156303 0.738281
vt 0.222711 0.738281
vt 0.289009 0.691385
vt 0.289009 0.738281
vt 0.136750 0.609375
vt 0.136750 0.640656
vt 0.121094 0.609375
vt 0.121094 0.640656
vt 0.152344 0.609375
vt 0.152344 0.640656
vt 0.437550 0.648438
vt 0.437550 0.687500
vt 0.386744 0.648438
vt 0.386744 0.687500
vt 0.335938 0.648438
vt 0.335938 0.687500
vt 0.539063 0.648438
vt 0.539063 0.687500
vt 0.488257 0.648438
vt 0.488257 0.687500
vt 0.386744 0.738282
vt 0.437550 0.738282
vt 0.488257 0.738282
vt 0.554729 0.789062
vt 0.554729 0.820320
vt 0.519548 0.789062
vt 0.519548 0.820320
vt 0.468750 0.789062
vt 0.468750 0.820320
vt 0.640625 0.789062
vt 0.640625 0.820320
vt 0.605444 0.789062
vt 0.605444 0.820320
vt 0.519548 0.871093
vt 0.554729 0.871093
vt 0.589827 0.820320
vt 0.589827 0.871093
vt 0.078163 0.574219
vt 0.078163 0.597662
vt 0.035189 0.574219
vt 0.035189 0.597662
vt 0.000000 0.574219
vt 0.000000 0.597662
vt 0.156250 0.574219
vt 0.156250 0.597662
vt 0.113275 0.574219
vt 0.113275 0.597662
vt 0.035189 0.632813
vt 0.078163 0.632813
vt 0.121061 0.597662
vt 0.121061 0.632813
vt 0.011811 0.605469
vt 0.011811 0.632844
vt 0.000000 0.605469
vt 0.000000 0.632844
vt 0.023437 0.605469
vt 0.023437 0.632844
vt 0.011811 0.546875
vt 0.011811 0.574250
vt 0.000000 0.546875
vt 0.000000 0.574250
vt 0.023437 0.546875
vt 0.023437 0.574250
vt 0.066439 0.527344
vt 0.066439 0.542961
vt 0.031273 0.527344
vt 0.031273 0.542961
vt 0.000000 0.527344
vt 0.000000 0.542961
vt 0.132812 0.527344
vt 0.132812 0.542961
vt 0.097647 0.527344
vt 0.097647 0.542961
vt 0.031273 0.574219
vt 0.066439 0.574219
vt 0.101540 0.542961
vt 0.101540 0.574219
vt 0.140701 0.542969
vt 0.140701 0.554711
vt 0.121131 0.542969
vt 0.121131 0.554711
vt 0.101562 0.542969
vt 0.101562 0.554711
vt 0.179687 0.542969
vt 0.179687 0.554711
vt 0.160117 0.542969
vt 0.160117 0.554711
vt 0.121131 0.574219
vt 0.140701 0.574219
vt 0.160117 0.574219
vt 0.027397 0.503906
vt 0.027397 0.511703
vt 0.015625 0.503906
vt 0.015625 0.511703
vt 0.000000 0.503906
vt 0.000000 0.511703
vt 0.054688 0.503906
vt 0.054688 0.511703
vt 0.043022 0.503906
vt 0.043022 0.511703
vt 0.015625 0.527343
vt 0.027397 0.527343
vt 0.039063 0.511703
vt 0.039063 0.527343
vt 0.304771 0.500000
vt 0.304771 0.542959
vt 0.183527 0.500000
vt 0.183527 0.542959
vt 0.132812 0.500000
vt 0.132812 0.542959
vt 0.476563 0.500000
vt 0.476563 0.542959
vt 0.355486 0.500000
vt 0.355486 0.542959
vt 0.183527 0.593750
vt 0.304771 0.593750
vt 0.425848 0.542959
vt 0.425848 0.593750
vt 0.574291 0.542969
vt 0.574291 0.582041
vt 0.468710 0.542969
vt 0.468710 0.582041
vt 0.425781 0.542969
vt 0.425781 0.582041
vt 0.722655 0.542969
vt 0.722655 0.582041
vt 0.617219 0.542969
vt 0.617219 0.582041
vt 0.468710 0.625000
vt 0.574291 0.625000
vt 0.679727 0.582041
vt 0.679727 0.625000
vt 0.671939 0.625000
vt 0.671939 0.660151
vt 0.582014 0.625000
vt 0.582014 0.660151
vt 0.539062 0.625000
vt 0.539062 0.660151
vt 0.804687 0.625000
vt 0.804687 0.660151
vt 0.714891 0.625000
vt 0.714891 0.660151
vt 0.582014 0.703125
vt 0.671939 0.703125
vt 0.761735 0.660151
vt 0.761735 0.703125
vt 0.625057 0.703125
vt 0.625057 0.726547
vt 0.550748 0.703125
vt 0.550748 0.726547
vt 0.507812 0.703125
vt 0.507812 0.726547
vt 0.742187 0.703125
vt 0.742187 0.726547
vt 0.667993 0.703125
vt 0.667993 0.726547
vt 0.550748 0.769531
vt 0.625057 0.769531
vt 0.699251 0.726547
vt 0.699251 0.769531
vt 0.699265 0.769531
vt 0.699265 0.789060
vt 0.640642 0.769531
vt 0.640642 0.789060
vt 0.605469 0.769531
vt 0.605469 0.789060
vt 0.792969 0.769531
vt 0.792969 0.789060
vt 0.734347 0.769531
vt 0.734347 0.789060
vt 0.640642 0.824218
vt 0.699265 0.824218
vt 0.757796 0.789060
vt 0.757796 0.824218
vt 0.671835 0.824219
vt 0.671835 0.839836
vt 0.621102 0.824219
vt 0.621102 0.839836
vt 0.589844 0.824219
vt 0.589844 0.839836
vt 0.753907 0.824219
vt 0.753907 0.839836
vt 0.703093 0.824219
vt 0.703093 0.839836
vt 0.621102 0.871094
vt 0.671835 0.871094
vt 0.722649 0.839836
vt 0.722649 0.871094
vt 0.214872 0.593750
vt 0.214872 0.605463
vt 0.179665 0.593750
vt 0.179665 0.605463
vt 0.156250 0.593750
vt 0.156250 0.605463
vt 0.273437 0.593750
vt 0.273437 0.605463
vt 0.238287 0.593750
vt 0.238287 0.605463
vt 0.179665 0.628906
vt 0.214872 0.628906
vt 0.250023 0.605463
vt 0.250023 0.628906
vt 0.296967 0.605469
vt 0.296967 0.613281
vt 0.269447 0.605469
vt 0.269447 0.613281
vt 0.250000 0.605469
vt 0.250000 0.613281
vt 0.343750 0.605469
vt 0.343750 0.613281
vt 0.316414 0.605469
vt 0.316414 0.613281
vt 0.269447 0.632813
vt 0.296967 0.632813
vt 0.324303 0.613281
vt 0.324303 0.632813
vt 0.410184 0.593750
vt 0.410184 0.632809
vt 0.367191 0.593750
vt 0.367191 0.632809
vt 0.351562 0.593750
vt 0.351562 0.632809
vt 0.468749 0.593750
vt 0.468749 0.632809
vt 0.425756 0.593750
vt 0.425756 0.632809
vt 0.367191 0.648437
vt 0.410184 0.648437
vt 0.453121 0.632809
vt 0.453121 0.648437
vt 0.796911 0.562500
vt 0.796911 0.609367
vt 0.738247 0.562500
vt 0.738247 0.609367
vt 0.722656 0.562500
vt 0.722656 0.609367
vt 0.871094 0.562500
vt 0.871094 0.609367
vt 0.812502 0.562500
vt 0.812502 0.609367
vt 0.738247 0.625000
vt 0.796911 0.625000
vt 0.855503 0.609367
vt 0.855503 0.625000
vt 0.843775 0.515625
vt 0.843775 0.554691
vt 0.800759 0.515625
vt 0.800759 0.554691
vt 0.792969 0.515625
vt 0.792969 0.554691
vt 0.894532 0.515625
vt 0.894532 0.554691
vt 0.851565 0.515625
vt 0.851565 0.554691
vt 0.800759 0.562500
vt 0.843775 0.562500
vt 0.886742 0.554691
vt 0.886742 0.562500
vt 0.757881 0.531250
vt 0.757881 0.562500
vt 0.722656 0.531250
vt 0.792969 0.531250
vt 0.792969 0.562500
vt 0.519615 0.511719
vt 0.519615 0.542969
vt 0.476562 0.511719
vt 0.476562 0.542969
vt 0.562499 0.511719
vt 0.562499 0.542969
vt 0.589897 0.507812
vt 0.589897 0.542968
vt 0.562500 0.507812
vt 0.562500 0.542968
vt 0.617188 0.507812
vt 0.617188 0.542968
vt 0.648499 0.507812
vt 0.648499 0.542968
vt 0.617188 0.507812
vt 0.617188 0.542968
vt 0.679688 0.507812
vt 0.679688 0.542968
vt 0.679688 0.500000
vt 0.679688 0.531250
vt 0.722741 0.500000
vt 0.722741 0.531250
vt 0.765625 0.500000
vt 0.765625 0.531250
vt 0.828125 0.480469
vt 0.828125 0.515625
vt 0.855522 0.480469
vt 0.855522 0.515625
vt 0.882813 0.480469
vt 0.882813 0.515625
vt 0.765625 0.480469
vt 0.765625 0.515625
vt 0.796936 0.480469
vt 0.796936 0.515625
vt 0.828125 0.480469
vt 0.828125 0.515625
vt 0.535241 0.964844
vt 0.535241 1.000000
vt 0.492188 0.964844
vt 0.492188 1.000000
vt 0.578125 0.964844
vt 0.578125 1.000000
vt 0.613350 0.953125
vt 0.613350 1.000000
vt 0.578125 0.953125
vt 0.578125 1.000000
vt 0.648438 0.953125
vt 0.648438 1.000000
vt 0.527413 0.925781
vt 0.527413 0.964843
vt 0.492188 0.925781
vt 0.492188 0.964843
vt 0.562501 0.925781
vt 0.562501 0.964843
vt 0.589905 0.882812
vt 0.589905 0.921874
vt 0.558594 0.882812
vt 0.558594 0.921874
vt 0.621094 0.882812
vt 0.621094 0.921874
vt 0.597725 0.921875
vt 0.597725 0.953125
vt 0.562500 0.921875
vt 0.562500 0.953125
vt 0.632813 0.921875
vt 0.632813 0.953125
vt 0.648438 0.964844
vt 0.648438 1.000000
vt 0.691491 0.964844
vt 0.691491 1.000000
vt 0.734375 0.964844
vt 0.734375 1.000000
vt 0.734375 0.953125
vt 0.734375 1.000000
vt 0.769600 0.953125
vt 0.769600 1.000000
vt 0.804688 0.953125
vt 0.804688 1.000000
vt 0.648438 0.925781
vt 0.648438 0.964843
vt 0.683663 0.925781
vt 0.683663 0.964843
vt 0.718751 0.925781
vt 0.718751 0.964843
vt 0.621094 0.882812
vt 0.621094 0.921874
vt 0.652405 0.882812
vt 0.652405 0.921874
vt 0.683594 0.882812
vt 0.683594 0.921874
vt 0.804688 0.968750
vt 0.804688 1.000000
vt 0.839913 0.968750
vt 0.839913 1.000000
vt 0.875001 0.968750
vt 0.875001 1.000000
vt 0.199251 0.398438
vt 0.199251 0.453122
vt 0.171871 0.398438
vt 0.171871 0.453122
vt 0.132812 0.398438
vt 0.132812 0.453122
vt 0.265624 0.398438
vt 0.265624 0.453122
vt 0.238309 0.398438
vt 0.238309 0.453122
vt 0.171871 0.492188
vt 0.199251 0.492188
vt 0.226566 0.453122
vt 0.226566 0.492188
vt 0.211014 0.332031
vt 0.211014 0.378944
vt 0.191444 0.332031
vt 0.191444 0.378944
vt 0.171875 0.332031
vt 0.171875 0.378944
vt 0.250000 0.332031
vt 0.250000 0.378944
vt 0.230430 0.332031
vt 0.230430 0.378944
vt 0.191444 0.398438
vt 0.211014 0.398438
vt 0.230430 0.398438
vt 0.113350 0.300781
vt 0.113350 0.328110
vt 0.093811 0.300781
vt 0.093811 0.328110
vt 0.078125 0.300781
vt 0.078125 0.328110
vt 0.148438 0.300781
vt 0.148438 0.328110
vt 0.128899 0.300781
vt 0.128899 0.328110
vt 0.093811 0.343750
vt 0.113350 0.343750
vt 0.132751 0.328110
vt 0.132751 0.343750
vt 0.121178 0.250000
vt 0.121178 0.281204
vt 0.097633 0.250000
vt 0.097633 0.281204
vt 0.078125 0.250000
vt 0.078125 0.281204
vt 0.164062 0.250000
vt 0.164062 0.281204
vt 0.140686 0.250000
vt 0.140686 0.281204
vt 0.097633 0.300781
vt 0.121178 0.300781
vt 0.144554 0.281204
vt 0.144554 0.300781
vt 0.285194 0.445312
vt 0.285194 0.464881
vt 0.265625 0.445312
vt 0.265625 0.464881
vt 0.304687 0.445312
vt 0.304687 0.464881
vt 0.324257 0.449219
vt 0.324257 0.464836
vt 0.304688 0.449219
vt 0.304688 0.464836
vt 0.343750 0.449219
vt 0.343750 0.464836
vt 0.285194 0.406250
vt 0.285194 0.425819
vt 0.304687 0.406250
vt 0.304687 0.425819
vt 0.265625 0.406250
vt 0.265625 0.425819
vt 0.324257 0.417969
vt 0.324257 0.433586
vt 0.343750 0.417969
vt 0.343750 0.433586
vt 0.304688 0.417969
vt 0.304688 0.433586
vt 0.281311 0.367188
vt 0.281311 0.386719
vt 0.250000 0.367188
vt 0.250000 0.386719
vt 0.312500 0.367188
vt 0.312500 0.386719
vt 0.273483 0.328125
vt 0.273483 0.347656
vt 0.250000 0.328125
vt 0.250000 0.347656
vt 0.296875 0.328125
vt 0.296875 0.347656
vt 0.261787 0.464844
vt 0.261787 0.488304
vt 0.238258 0.464844
vt 0.238258 0.488304
vt 0.226562 0.464844
vt 0.226562 0.488304
vt 0.296875 0.464844
vt 0.296875 0.488304
vt 0.273483 0.464844
vt 0.273483 0.488304
vt 0.238258 0.500000
vt 0.261787 0.500000
vt 0.285179 0.488304
vt 0.285179 0.500000
vt 0.390656 0.382812
vt 0.390656 0.394546
vt 0.382828 0.382812
vt 0.382828 0.394546
vt 0.375000 0.382812
vt 0.375000 0.394546
vt 0.406250 0.382812
vt 0.406250 0.394546
vt 0.398422 0.382812
vt 0.398422 0.394546
vt 0.382828 0.402343
vt 0.390656 0.402343
vt 0.398422 0.402343
vt 0.390656 0.363281
vt 0.390656 0.375015
vt 0.382828 0.363281
vt 0.382828 0.375015
vt 0.375000 0.363281
vt 0.375000 0.375015
vt 0.406250 0.363281
vt 0.406250 0.375015
vt 0.398422 0.363281
vt 0.398422 0.375015
vt 0.382828 0.382812
vt 0.390656 0.382812
vt 0.398422 0.382812
vt 0.382874 0.414062
vt 0.382874 0.425750
vt 0.375000 0.414062
vt 0.375000 0.425750
vt 0.390625 0.414062
vt 0.390625 0.425750
vt 0.359406 0.382812
vt 0.359406 0.394546
vt 0.351578 0.382812
vt 0.351578 0.394546
vt 0.343750 0.382812
vt 0.343750 0.394546
vt 0.367172 0.382812
vt 0.367172 0.394546
vt 0.351578 0.402343
vt 0.359406 0.402343
vt 0.367172 0.402343
vt 0.359406 0.363281
vt 0.359406 0.375015
vt 0.351578 0.363281
vt 0.351578 0.375015
vt 0.343750 0.363281
vt 0.343750 0.375015
vt 0.367172 0.363281
vt 0.367172 0.375015
vt 0.351578 0.382812
vt 0.359406 0.382812
vt 0.367172 0.382812
vt 0.367249 0.414062
vt 0.367249 0.425750
vt 0.359375 0.414062
vt 0.359375 0.425750
vt 0.375000 0.414062
vt 0.375000 0.425750
vt 0.328156 0.382812
vt 0.328156 0.394546
vt 0.320328 0.382812
vt 0.320328 0.394546
vt 0.312500 0.382812
vt 0.312500 0.394546
vt 0.335922 0.382812
vt 0.335922 0.394546
vt 0.320328 0.402343
vt 0.328156 0.402343
vt 0.335922 0.402343
vt 0.328156 0.363281
vt 0.328156 0.375015
vt 0.320328 0.363281
vt 0.320328 0.375015
vt 0.312500 0.363281
vt 0.312500 0.375015
vt 0.335922 0.363281
vt 0.335922 0.375015
vt 0.320328 0.382812
vt 0.328156 0.382812
vt 0.335922 0.382812
vt 0.351624 0.414062
vt 0.351624 0.425750
vt 0.343750 0.414062
vt 0.343750 0.425750
vt 0.359375 0.414062
vt 0.359375 0.425750
vt 0.078121 0.343750
vt 0.078121 0.398434
vt 0.105501 0.343750
vt 0.105501 0.398434
vt 0.144560 0.343750
vt 0.144560 0.398434
vt 0.171875 0.343750
vt 0.171875 0.398434
vt 0.039062 0.343750
vt 0.039062 0.398434
vt 0.105501 0.437500
vt 0.078121 0.437500
vt 0.132816 0.398434
vt 0.132816 0.437500
vt 0.019569 0.277344
vt 0.019569 0.324257
vt 0.039139 0.277344
vt 0.039139 0.324257
vt 0.058555 0.277344
vt 0.058555 0.324257
vt 0.078125 0.277344
vt 0.078125 0.324257
vt 0.000000 0.277344
vt 0.000000 0.324257
vt 0.039139 0.343750
vt 0.019569 0.343750
vt 0.058555 0.343750
vt 0.164124 0.289062
vt 0.164124 0.316391
vt 0.183663 0.289062
vt 0.183663 0.316391
vt 0.199212 0.289062
vt 0.199212 0.316391
vt 0.218751 0.289062
vt 0.218751 0.316391
vt 0.148438 0.289062
vt 0.148438 0.316391
vt 0.183663 0.332031
vt 0.164124 0.332031
vt 0.203064 0.316391
vt 0.203064 0.332031
vt 0.183570 0.238281
vt 0.183570 0.269485
vt 0.207115 0.238281
vt 0.207115 0.269485
vt 0.226623 0.238281
vt 0.226623 0.269485
vt 0.249999 0.238281
vt 0.249999 0.269485
vt 0.164062 0.238281
vt 0.164062 0.269485
vt 0.207115 0.289062
vt 0.183570 0.289062
vt 0.230491 0.269485
vt 0.230491 0.289062
vt 0.285194 0.425781
vt 0.285194 0.445350
vt 0.304687 0.425781
vt 0.304687 0.445350
vt 0.265625 0.425781
vt 0.265625 0.445350
vt 0.324257 0.433594
vt 0.324257 0.449211
vt 0.343750 0.433594
vt 0.343750 0.449211
vt 0.304688 0.433594
vt 0.304688 0.449211
vt 0.285194 0.386719
vt 0.285194 0.406288
vt 0.265625 0.386719
vt 0.265625 0.406288
vt 0.304687 0.386719
vt 0.304687 0.406288
vt 0.324257 0.402344
vt 0.324257 0.417961
vt 0.304688 0.402344
vt 0.304688 0.417961
vt 0.343750 0.402344
vt 0.343750 0.417961
vt 0.250000 0.347656
vt 0.250000 0.367187
vt 0.281311 0.347656
vt 0.281311 0.367187
vt 0.312500 0.347656
vt 0.312500 0.367187
vt 0.218750 0.308594
vt 0.218750 0.328125
vt 0.242233 0.308594
vt 0.242233 0.328125
vt 0.265625 0.308594
vt 0.265625 0.328125
vt 0.308571 0.464844
vt 0.308571 0.488304
vt 0.332100 0.464844
vt 0.332100 0.488304
vt 0.343796 0.464844
vt 0.343796 0.488304
vt 0.367188 0.464844
vt 0.367188 0.488304
vt 0.296875 0.464844
vt 0.296875 0.488304
vt 0.332100 0.500000
vt 0.308571 0.500000
vt 0.355492 0.488304
vt 0.355492 0.500000
vt 0.382828 0.343750
vt 0.382828 0.355484
vt 0.390656 0.343750
vt 0.390656 0.355484
vt 0.398422 0.343750
vt 0.398422 0.355484
vt 0.406250 0.343750
vt 0.406250 0.355484
vt 0.375000 0.343750
vt 0.375000 0.355484
vt 0.390656 0.363281
vt 0.382828 0.363281
vt 0.398422 0.363281
vt 0.382828 0.324219
vt 0.382828 0.335953
vt 0.390656 0.324219
vt 0.390656 0.335953
vt 0.398422 0.324219
vt 0.398422 0.335953
vt 0.406250 0.324219
vt 0.406250 0.335953
vt 0.375000 0.324219
vt 0.375000 0.335953
vt 0.390656 0.343750
vt 0.382828 0.343750
vt 0.398422 0.343750
vt 0.382874 0.402344
vt 0.382874 0.414032
vt 0.390625 0.402344
vt 0.390625 0.414032
vt 0.375000 0.402344
vt 0.375000 0.414032
vt 0.351578 0.343750
vt 0.351578 0.355484
vt 0.359406 0.343750
vt 0.359406 0.355484
vt 0.367172 0.343750
vt 0.367172 0.355484
vt 0.343750 0.343750
vt 0.343750 0.355484
vt 0.359406 0.363281
vt 0.351578 0.363281
vt 0.367172 0.363281
vt 0.351578 0.324219
vt 0.351578 0.335953
vt 0.359406 0.324219
vt 0.359406 0.335953
vt 0.367172 0.324219
vt 0.367172 0.335953
vt 0.343750 0.324219
vt 0.343750 0.335953
vt 0.359406 0.343750
vt 0.351578 0.343750
vt 0.367172 0.343750
vt 0.367249 0.402344
vt 0.367249 0.414032
vt 0.375000 0.402344
vt 0.375000 0.414032
vt 0.359375 0.402344
vt 0.359375 0.414032
vt 0.320328 0.343750
vt 0.320328 0.355484
vt 0.328156 0.343750
vt 0.328156 0.355484
vt 0.335922 0.343750
vt 0.335922 0.355484
vt 0.312500 0.343750
vt 0.312500 0.355484
vt 0.328156 0.363281
vt 0.320328 0.363281
vt 0.335922 0.363281
vt 0.320328 0.324219
vt 0.320328 0.335953
vt 0.328156 0.324219
vt 0.328156 0.335953
vt 0.335922 0.324219
vt 0.335922 0.335953
vt 0.312500 0.324219
vt 0.312500 0.335953
vt 0.328156 0.343750
vt 0.320328 0.343750
vt 0.335922 0.343750
vt 0.351624 0.402344
vt 0.351624 0.414032
vt 0.359375 0.402344
vt 0.359375 0.414032
vt 0.343750 0.402344
vt 0.343750 0.414032
s 1
usemtl m_bf985ea6-6c63-8ee8-922f-3afb0b44dca0
f 1/1/1 2/2/2 3/3/3
f 3/3/3 2/2/2 4/4/3
f 5/3/4 6/4/4 7/5/4
f 7/5/4 6/4/4 8/6/4
f 9/7/5 10/8/5 11/9/6
f 11/9/6 10/8/5 12/10/6
f 13/9/7 14/10/7 15/1/7
f 15/1/7 14/10/7 16/2/7
f 17/11/8 18/4/9 19/12/9
f 19/12/9 18/4/9 20/2/9
f 21/2/10 22/12/10 23/13/10
f 23/13/10 22/12/10 24/14/10
f 25/15/11 26/16/11 27/17/11
f 27/17/11 26/16/11 28/18/11
f 29/17/12 30/18/12 31/19/12
f 31/19/12 30/18/12 32/20/13
f 33/21/14 34/22/14 35/23/14
f 35/23/14 34/22/14 36/24/14
f 37/23/15 38/24/15 39/15/15
f 39/15/15 38/24/15 40/16/16
f 41/25/17 42/18/18 43/26/18
f 43/26/18 42/18/18 44/16/17
f 45/16/19 46/26/20 47/27/20
f 47/27/20 46/26/20 48/28/19
f 49/29/21 50/30/21 51/31/21
f 51/31/21 50/30/21 52/32/21
f 53/31/22 54/32/22 55/33/22
f 55/33/22 54/32/22 56/34/22
f 57/35/23 58/36/23 59/37/23
f 59/37/23 58/36/23 60/38/23
f 61/37/24 62/38/25 63/29/24
f 63/29/24 62/38/25 64/30/24
f 65/39/26 66/32/26 67/40/26
f 67/40/26 66/32/26 68/30/26
f 69/30/27 70/40/27 71/41/27
f 71/41/27 70/40/27 72/42/27
f 73/43/28 74/44/29 75/45/29
f 75/45/29 74/44/29 76/46/29
f 77/45/30 78/46/30 79/47/30
f 79/47/30 78/46/30 80/48/30
f 81/49/31 82/50/31 83/51/31
f 83/51/31 82/50/31 84/52/31
f 85/51/32 86/52/32 87/43/32
f 87/43/32 86/52/32 88/44/32
f 89/53/33 90/46/33 91/54/33
f 91/54/33 90/46/33 92/44/33
f 93/44/34 94/54/34 95/55/34
f 95/55/34 94/54/34 96/56/35
f 97/57/36 98/58/36 99/59/36
f 99/59/36 98/58/36 100/60/36
f 101/59/37 102/60/37 103/61/37
f 103/61/37 102/60/37 104/62/37
f 105/63/38 106/64/38 107/65/38
f 107/65/38 106/64/38 108/66/38
f 109/65/39 110/66/39 111/57/39
f 111/57/39 110/66/39 112/58/39
f 113/67/40 114/60/40 115/68/41
f 115/68/41 114/60/40 116/58/40
f 117/58/42 118/68/43 119/69/42
f 119/69/42 118/68/43 120/70/43
f 121/71/37 122/72/37 123/73/37
f 123/73/37 122/72/37 124/74/37
f 125/75/44 126/76/39 127/71/39
f 127/71/39 126/76/39 128/72/39
f 129/77/45 130/78/45 131/79/45
f 131/79/45 130/78/45 132/80/46
f 133/79/47 134/80/48 135/81/49
f 135/81/49 134/80/48 136/82/49
f 137/83/50 138/84/51 139/85/51
f 139/85/51 138/84/51 140/86/51
f 141/85/52 142/86/53 143/77/52
f 143/77/52 142/86/53 144/78/52
f 145/87/54 146/80/55 147/88/54
f 147/88/54 146/80/55 148/78/55
f 149/78/56 150/88/56 151/89/56
f 151/89/56 150/88/56 152/90/56
f 153/91/57 154/92/48 155/93/48
f 155/93/48 154/92/48 156/94/48
f 157/95/58 158/96/53 159/91/53
f 159/91/53 158/96/53 160/92/58
f 161/97/57 162/98/48 163/99/48
f 163/99/48 162/98/48 164/100/48
f 165/101/53 166/102/53 167/97/53
f 167/97/53 166/102/53 168/98/58
f 169/103/59 170/104/59 171/105/59
f 171/105/59 170/104/59 172/106/59
f 173/105/60 174/106/60 175/107/60
s 0
f 175/107/61 174/106/61 176/108/61
s 1
f 177/109/62 178/110/62 179/111/62
f 179/111/62 178/110/62 180/112/62
f 181/111/63 182/112/64 183/103/63
f 183/103/63 182/112/64 184/104/63
f 185/113/65 186/106/65 187/114/65
f 187/114/65 186/106/65 188/104/66
f 189/104/67 190/114/67 191/115/68
f 191/115/68 190/114/67 192/116/67
f 193/117/60 194/118/60 195/119/60
f 195/119/60 194/118/60 196/120/60
f 197/121/69 198/122/63 199/117/63
f 199/117/63 198/122/63 200/118/63
f 201/123/60 202/124/60 203/125/60
f 203/125/60 202/124/60 204/126/60
f 205/127/63 206/128/63 207/123/69
f 207/123/69 206/128/63 208/124/63
f 209/129/70 210/130/60 211/131/60
f 211/131/60 210/130/60 212/132/60
f 213/133/64 214/134/63 215/129/63
f 215/129/63 214/134/63 216/130/63
f 217/135/71 218/136/71 219/137/71
f 219/137/71 218/136/71 220/138/71
f 221/137/60 222/138/60 223/139/60
f 223/139/60 222/138/60 224/140/60
f 225/141/72 226/142/72 227/143/72
f 227/143/72 226/142/72 228/144/72
f 229/143/63 230/144/63 231/135/63
f 231/135/63 230/144/63 232/136/63
f 233/145/73 234/138/73 235/146/73
f 235/146/73 234/138/73 236/136/73
f 237/136/74 238/146/74 239/147/74
f 239/147/74 238/146/74 240/148/74
f 241/149/60 242/150/60 243/151/60
f 243/151/60 242/150/60 244/152/60
f 245/153/63 246/154/63 247/149/63
f 247/149/63 246/154/63 248/150/63
f 249/155/75 250/156/75 251/157/75
f 251/157/75 250/156/75 252/158/75
f 253/157/76 254/158/76 255/159/76
f 255/159/76 254/158/76 256/160/76
f 257/161/77 258/162/77 259/163/77
f 259/163/77 258/162/77 260/164/77
f 261/163/78 262/164/78 263/155/78
f 263/155/78 262/164/78 264/156/78
f 265/165/79 266/158/79 267/166/80
f 267/166/80 266/158/79 268/156/80
f 269/156/81 270/166/81 271/167/81
f 271/167/81 270/166/81 272/168/81
f 273/169/82 274/170/83 275/171/83
f 275/171/83 274/170/83 276/172/83
f 277/171/84 278/172/85 279/173/84
f 279/173/84 278/172/85 280/174/84
f 281/175/86 282/176/86 283/177/86
f 283/177/86 282/176/86 284/178/86
f 285/177/87 286/178/88 287/169/87
f 287/169/87 286/178/88 288/170/87
f 289/179/89 290/172/89 291/180/90
f 291/180/90 290/172/89 292/170/89
f 293/170/91 294/180/92 295/181/91
f 295/181/91 294/180/92 296/182/91
f 297/183/93 298/184/93 299/185/93
f 299/185/93 298/184/93 300/186/93
f 301/185/94 302/186/94 303/187/94
f 303/187/94 302/186/94 304/188/94
f 305/187/95 306/188/95 307/189/95
f 307/189/95 306/188/95 308/190/95
f 309/191/96 310/192/97 311/183/97
f 311/183/97 310/192/97 312/184/96
f 313/193/98 314/186/99 315/194/99
f 315/194/99 314/186/99 316/184/98
f 317/195/100 318/196/100 319/186/100
f 319/186/100 318/196/100 320/193/100
f 321/197/101 322/198/101 323/199/101
f 323/199/101 322/198/101 324/200/101
f 325/199/102 326/200/102 327/201/102
f 327/201/102 326/200/102 328/202/102
f 329/201/103 330/202/103 331/203/103
f 331/203/103 330/202/103 332/204/103
f 333/205/104 334/206/104 335/197/105
f 335/197/105 334/206/104 336/198/104
f 337/207/106 338/200/106 339/208/107
f 339/208/107 338/200/106 340/198/108
f 341/209/109 342/210/109 343/200/109
f 343/200/109 342/210/109 344/207/110
f 345/211/111 346/212/111 347/213/111
f 347/213/111 346/212/111 348/214/112
f 349/213/113 350/214/114 351/215/114
f 351/215/114 350/214/114 352/216/114
f 353/215/115 354/216/115 355/217/115
f 355/217/115 354/216/115 356/218/115
f 357/219/116 358/220/117 359/211/117
f 359/211/117 358/220/117 360/212/117
f 361/221/118 362/214/118 363/222/118
f 363/222/118 362/214/118 364/212/118
f 365/223/119 366/224/119 367/214/119
f 367/214/119 366/224/119 368/221/119
f 369/225/113 370/226/113 371/227/114
f 371/227/114 370/226/113 372/228/113
f 373/229/120 374/230/120 375/225/120
f 375/225/120 374/230/120 376/226/120
f 377/231/121 378/232/122 379/233/121
f 379/233/121 378/232/122 380/234/121
f 381/233/123 382/234/123 383/235/123
f 383/235/123 382/234/123 384/236/123
f 385/235/124 386/236/124 387/237/124
f 387/237/124 386/236/124 388/238/124
f 389/239/125 390/240/125 391/231/125
f 391/231/125 390/240/125 392/232/125
f 393/241/126 394/234/126 395/242/126
f 395/242/126 394/234/126 396/232/126
f 397/243/127 398/244/127 399/234/127
f 399/234/127 398/244/127 400/241/127
f 401/245/123 402/246/123 403/247/123
f 403/247/123 402/246/123 404/248/123
f 405/249/125 406/250/125 407/245/125
f 407/245/125 406/250/125 408/246/125
f 409/251/123 410/252/123 411/253/123
f 411/253/123 410/252/123 412/254/123
f 413/255/125 414/256/128 415/251/128
f 415/251/128 414/256/128 416/252/125
f 417/257/129 418/258/129 419/259/129
f 419/259/129 418/258/129 420/260/129
f 421/259/130 422/260/130 423/261/130
s 0
f 423/261/131 422/260/131 424/262/131
s 1
f 425/261/132 426/262/132 427/263/132
f 427/263/132 426/262/132 428/264/132
f 429/265/133 430/266/133 431/257/133
f 431/257/133 430/266/133 432/258/133
f 433/267/134 434/260/134 435/268/134
f 435/268/134 434/260/134 436/258/134
f 437/269/135 438/270/136 439/260/137
f 439/260/137 438/270/136 440/267/137
f 441/271/130 442/272/130 443/273/138
f 443/273/138 442/272/130 444/274/130
f 445/275/133 446/276/133 447/271/133
f 447/271/133 446/276/133 448/272/133
f 449/277/130 450/278/130 451/279/130
f 451/279/130 450/278/130 452/280/130
f 453/281/133 454/282/133 455/277/133
f 455/277/133 454/282/133 456/278/133
f 457/283/130 458/284/130 459/285/130
f 459/285/130 458/284/130 460/286/130
f 461/287/133 462/288/133 463/283/133
f 463/283/133 462/288/133 464/284/133
f 465/289/139 466/290/139 467/291/139
f 467/291/139 466/290/139 468/292/139
f 469/291/140 470/292/140 471/293/140
f 471/293/140 470/292/140 472/294/140
f 473/293/141 474/294/141 475/295/141
f 475/295/141 474/294/141 476/296/141
f 477/297/142 478/298/142 479/289/142
f 479/289/142 478/298/142 480/290/142
f 481/299/143 482/292/143 483/300/143
f 483/300/143 482/292/143 484/290/143
f 485/301/144 486/302/144 487/292/144
f 487/292/144 486/302/144 488/299/145
f 489/303/146 490/304/146 491/305/146
f 491/305/146 490/304/146 492/306/146
f 493/307/147 494/308/147 495/303/147
f 495/303/147 494/308/147 496/304/147
f 497/309/148 498/310/149 499/311/149
f 499/311/149 498/310/149 500/312/149
f 501/311/150 502/312/151 503/313/151
f 503/313/151 502/312/151 504/314/150
f 505/313/152 506/314/152 507/315/152
f 507/315/152 506/314/152 508/316/152
f 509/317/153 510/318/153 511/309/153
f 511/309/153 510/318/153 512/310/153
f 513/319/154 514/312/154 515/320/154
f 515/320/154 514/312/154 516/310/154
f 517/321/155 518/322/155 519/312/155
f 519/312/155 518/322/155 520/319/155
f 521/323/156 522/324/156 523/325/156
f 523/325/156 522/324/156 524/326/156
f 525/325/157 526/326/157 527/327/157
f 527/327/157 526/326/157 528/328/157
f 529/327/158 530/328/158 531/329/158
f 531/329/158 530/328/158 532/330/158
f 533/331/159 534/332/159 535/323/159
f 535/323/159 534/332/159 536/324/159
f 537/333/160 538/326/160 539/334/160
f 539/334/160 538/326/160 540/324/160
f 541/335/161 542/336/162 543/326/161
f 543/326/161 542/336/162 544/333/161
f 545/337/163 546/338/163 547/339/163
f 547/339/163 546/338/163 548/340/163
f 549/339/12 550/340/12 551/341/12
f 551/341/12 550/340/12 552/342/12
f 553/343/164 554/344/164 555/345/164
f 555/345/164 554/344/164 556/346/164
f 557/345/15 558/346/15 559/337/15
f 559/337/15 558/346/15 560/338/15
f 561/347/165 562/340/166 563/348/166
f 563/348/166 562/340/166 564/338/166
f 565/338/167 566/348/167 567/349/167
f 567/349/167 566/348/167 568/350/167
f 569/351/168 570/352/168 571/353/168
f 571/353/168 570/352/168 572/354/168
f 573/353/169 574/354/169 575/355/169
f 575/355/169 574/354/169 576/356/169
f 577/357/170 578/358/170 579/359/170
f 579/359/170 578/358/170 580/360/170
f 581/359/171 582/360/171 583/351/171
f 583/351/171 582/360/171 584/352/171
f 585/361/172 586/354/172 587/362/172
f 587/362/172 586/354/172 588/352/172
f 589/352/173 590/362/173 591/360/173
f 591/360/173 590/362/173 592/363/173
f 593/364/174 594/365/175 595/366/175
f 595/366/175 594/365/175 596/367/175
f 597/366/169 598/367/169 599/368/176
f 599/368/176 598/367/169 600/369/176
f 601/370/177 602/371/177 603/372/177
f 603/372/177 602/371/177 604/373/177
f 605/372/171 606/373/171 607/364/171
f 607/364/171 606/373/171 608/365/171
f 609/374/178 610/367/179 611/375/179
f 611/375/179 610/367/179 612/365/178
f 613/365/180 614/375/180 615/373/180
f 615/373/180 614/375/180 616/376/180
f 617/377/175 618/378/175 619/379/175
f 619/379/175 618/378/175 620/380/175
f 621/379/176 622/380/176 623/381/176
f 623/381/176 622/380/176 624/382/176
f 625/383/181 626/384/177 627/385/181
f 627/385/181 626/384/177 628/386/177
f 629/385/171 630/386/171 631/377/171
f 631/377/171 630/386/171 632/378/171
f 633/387/182 634/380/178 635/388/178
f 635/388/178 634/380/178 636/378/178
f 637/378/180 638/388/183 639/386/183
f 639/386/183 638/388/183 640/389/183
f 641/390/184 642/391/185 643/392/184
f 643/392/184 642/391/185 644/393/186
f 645/392/176 646/393/176 647/394/176
f 647/394/176 646/393/176 648/395/176
f 649/396/187 650/397/187 651/398/187
f 651/398/187 650/397/187 652/399/187
f 653/398/171 654/399/171 655/390/171
f 655/390/171 654/399/171 656/391/171
f 657/400/188 658/393/188 659/401/188
f 659/401/188 658/393/188 660/391/188
f 661/391/189 662/401/189 663/402/189
f 663/402/189 662/401/189 664/403/189
f 665/404/190 666/405/190 667/406/191
f 667/406/191 666/405/190 668/407/192
f 669/406/193 670/407/193 671/408/193
f 671/408/193 670/407/193 672/409/194
f 673/410/195 674/411/195 675/412/195
f 675/412/195 674/411/195 676/413/195
f 677/412/196 678/413/196 679/404/196
f 679/404/196 678/413/196 680/405/196
f 681/414/197 682/407/197 683/415/197
f 683/415/197 682/407/197 684/405/197
f 685/405/198 686/415/199 687/413/198
f 687/413/198 686/415/199 688/416/198
f 689/417/200 690/418/201 691/419/200
f 691/419/200 690/418/201 692/420/200
f 693/419/194 694/420/194 695/421/194
f 695/421/194 694/420/194 696/422/194
f 697/423/202 698/424/203 699/425/204
f 699/425/204 698/424/203 700/426/204
f 701/425/196 702/426/196 703/417/196
f 703/417/196 702/426/196 704/418/196
f 705/427/205 706/420/205 707/428/206
f 707/428/206 706/420/205 708/418/207
f 709/418/208 710/428/208 711/426/209
f 711/426/209 710/428/208 712/429/208
f 713/430/194 714/431/194 715/432/194
f 715/432/194 714/431/194 716/433/194
f 717/434/196 718/435/196 719/430/196
f 719/430/196 718/435/196 720/431/196
f 721/436/210 722/437/211 723/438/211
f 723/438/211 722/437/211 724/439/210
f 725/438/176 726/439/176 727/440/169
f 727/440/169 726/439/176 728/441/169
f 729/442/212 730/443/212 731/444/212
f 731/444/212 730/443/212 732/445/212
f 733/444/171 734/445/171 735/436/171
f 735/436/171 734/445/171 736/437/213
f 737/446/214 738/439/214 739/447/214
f 739/447/214 738/439/214 740/437/214
f 741/437/215 742/447/215 743/445/215
f 743/445/215 742/447/215 744/448/215
f 745/449/216 746/450/216 747/451/216
f 747/451/216 746/450/216 748/452/217
f 749/451/176 750/452/218 751/453/176
f 751/453/176 750/452/218 752/454/176
f 753/455/219 754/456/219 755/457/220
f 755/457/220 754/456/219 756/458/219
f 757/457/171 758/458/171 759/449/171
f 759/449/171 758/458/171 760/450/171
f 761/459/221 762/452/222 763/460/222
f 763/460/222 762/452/222 764/450/221
f 765/450/223 766/460/223 767/458/224
f 767/458/224 766/460/223 768/461/225
f 769/462/176 770/463/176 771/464/176
f 771/464/176 770/463/176 772/465/176
f 773/466/171 774/467/171 775/462/171
f 775/462/171 774/467/171 776/463/171
f 777/468/226 778/469/226 779/470/226
f 779/470/226 778/469/226 780/471/226
f 781/470/227 782/471/227 783/472/227
f 783/472/227 782/471/227 784/473/227
f 785/474/228 786/475/228 787/476/228
f 787/476/228 786/475/228 788/477/228
f 789/476/229 790/477/230 791/468/229
f 791/468/229 790/477/230 792/469/229
f 793/478/231 794/471/231 795/479/232
f 795/479/232 794/471/231 796/469/231
f 797/469/233 798/479/234 799/477/234
f 799/477/234 798/479/234 800/480/235
f 801/481/236 802/482/236 803/483/236
f 803/483/236 802/482/236 804/484/236
f 805/483/227 806/484/227 807/485/227
f 807/485/227 806/484/227 808/486/227
f 809/487/237 810/488/237 811/489/237
f 811/489/237 810/488/237 812/490/237
f 813/489/229 814/490/229 815/481/229
f 815/481/229 814/490/229 816/482/229
f 817/491/238 818/484/238 819/492/238
f 819/492/238 818/484/238 820/482/238
f 821/482/239 822/492/239 823/490/239
f 823/490/239 822/492/239 824/493/239
f 825/494/227 826/495/227 827/496/227
f 827/496/227 826/495/227 828/497/227
s 0
f 829/498/240 830/499/240 831/494/240
f 831/494/240 830/499/240 832/495/240
s 1
f 833/500/241 834/501/242 835/502/241
f 835/502/241 834/501/242 836/503/241
f 837/502/243 838/503/243 839/504/243
f 839/504/243 838/503/243 840/505/243
f 841/504/244 842/505/244 843/506/244
f 843/506/244 842/505/244 844/507/244
f 845/508/245 846/509/246 847/500/245
f 847/500/245 846/509/246 848/501/245
f 849/510/247 850/503/248 851/511/248
f 851/511/248 850/503/248 852/501/248
f 853/505/249 854/512/249 855/503/249
f 855/503/249 854/512/249 856/510/249
f 857/513/250 858/514/250 859/515/250
f 859/515/250 858/514/250 860/516/251
f 861/515/252 862/516/252 863/517/252
f 863/517/252 862/516/252 864/518/252
f 865/517/253 866/518/253 867/519/253
f 867/519/253 866/518/253 868/520/253
f 869/521/254 870/522/254 871/513/255
f 871/513/255 870/522/254 872/514/254
f 873/523/256 874/516/256 875/524/256
f 875/524/256 874/516/256 876/514/256
f 877/518/257 878/525/258 879/516/257
f 879/516/257 878/525/258 880/523/258
f 881/526/251 882/527/250 883/528/251
f 883/528/251 882/527/250 884/529/250
f 885/528/252 886/529/252 887/530/252
f 887/530/252 886/529/252 888/531/252
f 889/530/253 890/531/259 891/532/253
f 891/532/253 890/531/259 892/533/253
f 893/534/260 894/535/254 895/526/260
f 895/526/260 894/535/254 896/527/260
f 897/536/261 898/529/261 899/537/261
f 899/537/261 898/529/261 900/527/261
f 901/531/258 902/538/257 903/529/258
f 903/529/258 902/538/257 904/536/258
f 905/539/262 906/540/262 907/541/262
f 907/541/262 906/540/262 908/542/262
f 909/541/252 910/542/252 911/543/252
f 911/543/252 910/542/252 912/544/252
f 913/543/263 914/544/263 915/545/263
f 915/545/263 914/544/263 916/546/263
f 917/547/254 918/548/254 919/539/254
f 919/539/254 918/548/254 920/540/254
f 921/364/264 922/542/264 923/549/264
f 923/549/264 922/542/264 924/540/264
f 925/550/265 926/551/266 927/542/265
f 927/542/265 926/551/266 928/364/265
f 929/552/267 930/553/267 931/554/267
f 931/554/267 930/553/267 932/555/267
f 933/554/268 934/555/268 935/556/268
f 935/556/268 934/555/268 936/557/268
f 937/556/269 938/557/269 939/558/269
f 939/558/269 938/557/269 940/559/269
f 941/560/270 942/561/270 943/552/270
f 943/552/270 942/561/270 944/553/270
f 945/562/271 946/555/272 947/563/272
f 947/563/272 946/555/272 948/553/271
f 949/557/273 950/564/273 951/555/273
f 951/555/273 950/564/273 952/562/273
f 953/565/274 954/566/274 955/567/274
f 955/567/274 954/566/274 956/568/274
f 957/567/268 958/568/268 959/569/268
f 959/569/268 958/568/268 960/570/268
f 961/569/275 962/570/275 963/571/275
f 963/571/275 962/570/275 964/572/275
f 965/573/270 966/574/270 967/565/270
f 967/565/270 966/574/270 968/566/270
f 969/575/276 970/568/276 971/576/276
f 971/576/276 970/568/276 972/566/276
f 973/570/277 974/577/277 975/568/277
f 975/568/277 974/577/277 976/575/277
f 977/578/278 978/579/278 979/580/278
f 979/580/278 978/579/278 980/581/268
f 981/582/279 982/583/279 983/578/280
f 983/578/280 982/583/279 984/579/280
f 985/584/281 986/585/281 987/586/282
f 987/586/282 986/585/281 988/587/282
f 989/586/252 990/587/252 991/588/252
f 991/588/252 990/587/252 992/589/252
f 993/588/283 994/589/283 995/590/283
f 995/590/283 994/589/283 996/591/283
f 997/592/254 998/593/254 999/584/254
f 999/584/254 998/593/254 1000/585/254
f 1001/594/284 1002/587/285 1003/595/285
f 1003/595/285 1002/587/285 1004/585/285
f 1005/589/286 1006/596/287 1007/587/286
f 1007/587/286 1006/596/287 1008/594/287
f 1009/597/288 1010/598/289 1011/599/288
f 1011/599/288 1010/598/289 1012/600/288
f 1013/599/252 1014/600/252 1015/601/252
f 1015/601/252 1014/600/252 1016/602/252
f 1017/601/290 1018/602/291 1019/603/291
f 1019/603/291 1018/602/291 1020/604/291
f 1021/605/254 1022/606/254 1023/597/254
f 1023/597/254 1022/606/254 1024/598/254
f 1025/607/292 1026/600/293 1027/608/293
f 1027/608/293 1026/600/293 1028/598/293
f 1029/602/294 1030/609/295 1031/600/295
f 1031/600/295 1030/609/295 1032/607/294
f 1033/610/252 1034/611/252 1035/612/252
f 1035/612/252 1034/611/252 1036/613/252
f 1037/614/254 1038/615/254 1039/610/254
f 1039/610/254 1038/615/254 1040/611/254
f 1041/616/296 1042/617/296 1043/618/296
f 1043/618/296 1042/617/296 1044/619/296
f 1045/618/297 1046/619/297 1047/620/297
f 1047/620/297 1046/619/297 1048/621/297
f 1049/620/298 1050/621/298 1051/622/298
f 1051/622/298 1050/621/298 1052/623/298
f 1053/624/299 1054/625/299 1055/616/299
f 1055/616/299 1054/625/299 1056/617/299
f 1057/626/300 1058/619/301 1059/627/300
f 1059/627/300 1058/619/301 1060/617/301
f 1061/621/302 1062/628/302 1063/619/302
f 1063/619/302 1062/628/302 1064/626/302
f 1065/629/303 1066/630/303 1067/631/303
f 1067/631/303 1066/630/303 1068/632/303
f 1069/631/304 1070/632/304 1071/633/304
f 1071/633/304 1070/632/304 1072/634/297
f 1073/633/305 1074/634/305 1075/635/305
f 1075/635/305 1074/634/305 1076/636/306
f 1077/637/299 1078/638/299 1079/629/299
f 1079/629/299 1078/638/299 1080/630/299
f 1081/639/307 1082/632/307 1083/640/307
f 1083/640/307 1082/632/307 1084/630/307
f 1085/634/308 1086/641/308 1087/632/308
f 1087/632/308 1086/641/308 1088/639/308
f 1089/642/309 1090/643/309 1091/644/309
f 1091/644/309 1090/643/309 1092/645/304
f 1093/646/299 1094/647/299 1095/642/299
f 1095/642/299 1094/647/299 1096/643/299
f 1097/648/310 1098/649/310 1099/650/310
f 1099/650/310 1098/649/310 1100/651/310
f 1101/650/12 1102/651/12 1103/652/12
f 1103/652/12 1102/651/12 1104/653/12
f 1105/654/311 1106/655/311 1107/656/311
f 1107/656/311 1106/655/311 1108/657/312
f 1109/656/313 1110/657/313 1111/648/313
f 1111/648/313 1110/657/313 1112/649/313
f 1113/658/314 1114/651/314 1115/659/314
f 1115/659/314 1114/651/314 1116/649/314
f 1117/649/315 1118/659/315 1119/657/315
f 1119/657/315 1118/659/315 1120/660/315
f 1121/661/316 1122/662/316 1123/663/316
f 1123/663/316 1122/662/316 1124/664/316
f 1125/663/12 1126/664/12 1127/665/12
f 1127/665/12 1126/664/12 1128/666/12
f 1129/667/317 1130/668/317 1131/669/317
f 1131/669/317 1130/668/317 1132/670/317
f 1133/669/15 1134/670/15 1135/661/15
f 1135/661/15 1134/670/15 1136/662/15
f 1137/671/318 1138/664/318 1139/672/318
f 1139/672/318 1138/664/318 1140/662/318
f 1141/662/319 1142/672/319 1143/673/319
f 1143/673/319 1142/672/319 1144/674/319
f 1145/675/320 1146/676/320 1147/677/320
f 1147/677/320 1146/676/320 1148/678/320
f 1149/677/12 1150/678/12 1151/679/12
f 1151/679/12 1150/678/12 1152/680/12
f 1153/681/321 1154/682/321 1155/683/321
f 1155/683/321 1154/682/321 1156/684/321
f 1157/683/15 1158/684/15 1159/675/15
f 1159/675/15 1158/684/15 1160/676/15
f 1161/685/322 1162/678/322 1163/686/322
f 1163/686/322 1162/678/322 1164/676/323
f 1165/676/324 1166/686/324 1167/687/324
f 1167/687/324 1166/686/324 1168/688/324
f 1169/689/325 1170/690/326 1171/691/326
f 1171/691/326 1170/690/326 1172/692/326
f 1173/691/4 1174/692/4 1175/693/4
f 1175/693/4 1174/692/4 1176/694/4
f 1177/695/327 1178/696/327 1179/697/327
f 1179/697/327 1178/696/327 1180/698/328
f 1181/697/7 1182/698/7 1183/689/7
f 1183/689/7 1182/698/7 1184/690/7
f 1185/699/329 1186/692/329 1187/700/329
f 1187/700/329 1186/692/329 1188/690/329
f 1189/690/330 1190/700/330 1191/698/330
f 1191/698/330 1190/700/330 1192/701/330
f 1193/702/326 1194/703/325 1195/704/325
f 1195/704/325 1194/703/325 1196/705/325
f 1197/704/4 1198/705/4 1199/706/4
f 1199/706/4 1198/705/4 1200/707/4
f 1201/708/328 1202/709/327 1203/710/328
f 1203/710/328 1202/709/327 1204/711/328
f 1205/710/7 1206/711/7 1207/702/7
f 1207/702/7 1206/711/7 1208/703/7
f 1209/712/329 1210/705/329 1211/713/329
f 1211/713/329 1210/705/329 1212/703/329
f 1213/703/330 1214/713/330 1215/711/330
f 1215/711/330 1214/713/330 1216/714/330
f 1217/715/326 1218/716/331 1219/717/326
f 1219/717/326 1218/716/331 1220/718/326
f 1221/719/327 1222/720/332 1223/715/332
f 1223/715/332 1222/720/332 1224/716/327
f 1225/721/326 1226/722/325 1227/723/325
f 1227/723/325 1226/722/325 1228/724/325
f 1229/723/4 1230/724/4 1231/725/4
f 1231/725/4 1230/724/4 1232/726/4
f 1233/727/327 1234/728/327 1235/729/327
f 1235/729/327 1234/728/327 1236/730/327
f 1237/729/7 1238/730/7 1239/721/7
f 1239/721/7 1238/730/7 1240/722/7
f 1241/731/329 1242/724/329 1243/732/329
f 1243/732/329 1242/724/329 1244/722/329
f 1245/722/330 1246/732/330 1247/730/330
f 1247/730/330 1246/732/330 1248/733/330
f 1249/734/325 1250/735/326 1251/736/326
f 1251/736/326 1250/735/326 1252/737/326
f 1253/736/4 1254/737/4 1255/738/4
f 1255/738/4 1254/737/4 1256/739/4
f 1257/738/328 1258/739/328 1259/740/328
f 1259/740/328 1258/739/328 1260/741/327
f 1261/708/7 1262/709/7 1263/734/7
f 1263/734/7 1262/709/7 1264/735/7
f 1265/742/329 1266/737/329 1267/743/329
f 1267/743/329 1266/737/329 1268/735/329
f 1269/739/330 1270/744/330 1271/737/330
f 1271/737/330 1270/744/330 1272/742/330
f 1273/745/326 1274/746/331 1275/747/331
f 1275/747/331 1274/746/331 1276/748/326
f 1277/747/327 1278/748/332 1279/749/332
f 1279/749/332 1278/748/332 1280/750/332
f 1281/751/326 1282/752/326 1283/753/326
f 1283/753/326 1282/752/326 1284/754/325
f 1285/753/4 1286/754/4 1287/755/4
f 1287/755/4 1286/754/4 1288/756/4
f 1289/755/327 1290/756/328 1291/757/328
f 1291/757/328 1290/756/328 1292/758/328
f 1293/759/7 1294/760/7 1295/751/7
f 1295/751/7 1294/760/7 1296/752/7
f 1297/761/333 1298/754/333 1299/762/333
f 1299/762/333 1298/754/333 1300/752/333
f 1301/756/330 1302/763/330 1303/754/330
f 1303/754/330 1302/763/330 1304/761/330
f 1305/764/334 1306/765/335 1307/766/335
f 1307/766/335 1306/765/335 1308/767/334
f 1309/766/4 1310/767/4 1311/768/336
f 1311/768/336 1310/767/4 1312/769/4
f 1313/770/337 1314/771/338 1315/772/338
f 1315/772/338 1314/771/338 1316/773/338
f 1317/772/339 1318/773/7 1319/764/339
f 1319/764/339 1318/773/7 1320/765/7
f 1321/774/340 1322/767/340 1323/775/340
f 1323/775/340 1322/767/340 1324/765/340
f 1325/765/341 1326/775/341 1327/776/341
f 1327/776/341 1326/775/341 1328/777/341
f 1329/778/4 1330/779/336 1331/780/4
f 1331/780/4 1330/779/336 1332/781/4
f 1333/782/7 1334/783/7 1335/778/7
f 1335/778/7 1334/783/7 1336/779/7
f 1337/784/342 1338/785/342 1339/786/342
f 1339/786/342 1338/785/342 1340/787/342
f 1341/788/343 1342/789/343 1343/784/343
f 1343/784/343 1342/789/343 1344/785/343
f 1345/790/342 1346/791/342 1347/792/342
f 1347/792/342 1346/791/342 1348/793/342
f 1349/792/343 1350/793/343 1351/794/343
f 1351/794/343 1350/793/343 1352/795/343
f 1353/796/4 1354/797/4 1355/798/4
f 1355/798/4 1354/797/4 1356/799/4
f 1357/800/7 1358/801/7 1359/796/7
f 1359/796/7 1358/801/7 1360/797/7
f 1361/802/4 1362/803/4 1363/804/4
f 1363/804/4 1362/803/4 1364/805/4
f 1365/806/7 1366/807/7 1367/802/7
f 1367/802/7 1366/807/7 1368/803/7
f 1369/808/331 1370/809/326 1371/810/326
f 1371/810/326 1370/809/326 1372/811/326
f 1373/810/4 1374/811/4 1375/812/4
f 1375/812/4 1374/811/4 1376/813/4
f 1377/814/327 1378/815/332 1379/816/327
f 1379/816/327 1378/815/332 1380/817/327
f 1381/816/7 1382/817/7 1383/808/7
f 1383/808/7 1382/817/7 1384/809/7
f 1385/818/333 1386/811/333 1387/819/333
f 1387/819/333 1386/811/333 1388/809/333
f 1389/809/330 1390/819/330 1391/817/330
f 1391/817/330 1390/819/330 1392/820/330
f 1393/821/344 1394/822/344 1395/821/345
f 1395/821/345 1394/822/344 1396/822/345
f 1397/821/4 1398/822/4 1399/823/4
f 1399/823/4 1398/822/4 1400/824/4
f 1401/825/346 1402/826/346 1403/825/346
f 1403/825/346 1402/826/346 1404/826/346
f 1405/825/7 1406/826/7 1407/821/7
f 1407/821/7 1406/826/7 1408/822/7
f 1409/827/347 1410/822/347 1411/827/348
f 1411/827/348 1410/822/347 1412/822/347
f 1413/822/349 1414/827/349 1415/822/350
f 1415/822/350 1414/827/349 1416/827/350
f 1417/828/344 1418/829/344 1419/828/344
f 1419/828/344 1418/829/344 1420/829/344
f 1421/828/4 1422/829/4 1423/830/4
f 1423/830/4 1422/829/4 1424/831/4
f 1425/830/346 1426/831/346 1427/830/346
f 1427/830/346 1426/831/346 1428/831/346
f 1429/832/7 1430/833/7 1431/828/7
f 1431/828/7 1430/833/7 1432/829/7
f 1433/834/347 1434/829/347 1435/834/348
f 1435/834/348 1434/829/347 1436/829/348
f 1437/829/350 1438/834/350 1439/829/350
f 1439/829/350 1438/834/350 1440/834/349
f 1441/835/325 1442/836/326 1443/837/326
f 1443/837/326 1442/836/326 1444/838/326
f 1445/837/351 1446/838/351 1447/837/351
f 1447/837/351 1446/838/351 1448/838/351
f 1449/839/327 1450/840/327 1451/835/327
f 1451/835/327 1450/840/327 1452/836/332
f 1453/835/352 1454/836/352 1455/835/352
f 1455/835/352 1454/836/352 1456/836/352
f 1457/838/353 1458/838/354 1459/836/353
f 1459/836/353 1458/838/354 1460/836/353
f 1461/836/355 1462/836/355 1463/840/355
f 1463/840/355 1462/836/355 1464/840/355
f 1465/841/356 1466/842/356 1467/843/356
f 1467/843/356 1466/842/356 1468/844/356
f 1469/843/4 1470/844/4 1471/845/4
f 1471/845/4 1470/844/4 1472/846/4
f 1473/847/357 1474/848/358 1475/849/358
f 1475/849/358 1474/848/358 1476/850/357
f 1477/849/7 1478/850/7 1479/841/7
f 1479/841/7 1478/850/7 1480/842/7
f 1481/851/359 1482/844/359 1483/852/359
f 1483/852/359 1482/844/359 1484/842/359
f 1485/842/360 1486/852/361 1487/853/360
f 1487/853/360 1486/852/361 1488/854/360
f 1489/855/362 1490/856/362 1491/857/363
f 1491/857/363 1490/856/362 1492/858/363
f 1493/857/364 1494/858/364 1495/859/364
f 1495/859/364 1494/858/364 1496/860/364
f 1497/861/365 1498/862/365 1499/863/365
f 1499/863/365 1498/862/365 1500/864/365
f 1501/863/366 1502/864/366 1503/855/366
f 1503/855/366 1502/864/366 1504/856/366
f 1505/865/367 1506/858/367 1507/866/367
f 1507/866/367 1506/858/367 1508/856/367
f 1509/856/368 1510/866/369 1511/867/369
f 1511/867/369 1510/866/369 1512/868/369
f 1513/869/362 1514/870/362 1515/871/362
f 1515/871/362 1514/870/362 1516/872/363
f 1517/871/370 1518/872/371 1519/873/371
f 1519/873/371 1518/872/371 1520/874/371
f 1521/875/365 1522/876/365 1523/877/365
f 1523/877/365 1522/876/365 1524/878/365
f 1525/877/372 1526/878/372 1527/869/373
f 1527/869/373 1526/878/372 1528/870/373
f 1529/879/374 1530/872/374 1531/880/374
f 1531/880/374 1530/872/374 1532/870/374
f 1533/870/375 1534/880/376 1535/881/376
f 1535/881/376 1534/880/376 1536/882/376
f 1537/883/362 1538/884/362 1539/885/363
f 1539/885/363 1538/884/362 1540/886/363
f 1541/885/377 1542/886/377 1543/887/377
f 1543/887/377 1542/886/377 1544/888/377
f 1545/889/365 1546/890/365 1547/891/365
f 1547/891/365 1546/890/365 1548/892/365
f 1549/891/378 1550/892/379 1551/883/378
f 1551/883/378 1550/892/379 1552/884/379
f 1553/893/380 1554/886/380 1555/894/380
f 1555/894/380 1554/886/380 1556/884/380
f 1557/884/381 1558/894/382 1559/895/381
f 1559/895/381 1558/894/382 1560/896/381
f 1561/897/383 1562/898/383 1563/899/383
f 1563/899/383 1562/898/383 1564/900/383
f 1565/899/384 1566/900/385 1567/901/386
f 1567/901/386 1566/900/385 1568/902/385
f 1569/901/387 1570/902/388 1571/903/388
f 1571/903/388 1570/902/388 1572/904/388
f 1573/905/389 1574/906/390 1575/897/390
f 1575/897/390 1574/906/390 1576/898/389
f 1577/907/391 1578/900/391 1579/908/391
f 1579/908/391 1578/900/391 1580/898/391
f 1581/909/392 1582/910/392 1583/900/392
f 1583/900/392 1582/910/392 1584/907/392
f 1585/911/383 1586/912/393 1587/913/383
f 1587/913/383 1586/912/393 1588/914/383
f 1589/913/394 1590/914/395 1591/915/396
f 1591/915/396 1590/914/395 1592/916/395
f 1593/915/388 1594/916/388 1595/917/388
f 1595/917/388 1594/916/388 1596/918/388
f 1597/919/397 1598/920/397 1599/911/397
f 1599/911/397 1598/920/397 1600/912/397
f 1601/921/398 1602/914/398 1603/922/398
f 1603/922/398 1602/914/398 1604/912/398
f 1605/923/399 1606/924/400 1607/914/400
f 1607/914/400 1606/924/400 1608/921/399
f 1609/925/383 1610/926/383 1611/927/383
f 1611/927/383 1610/926/383 1612/928/383
f 1613/927/401 1614/928/401 1615/929/401
f 1615/929/401 1614/928/401 1616/930/401
f 1617/929/388 1618/930/387 1619/931/388
f 1619/931/388 1618/930/387 1620/932/388
f 1621/933/402 1622/934/402 1623/925/402
f 1623/925/402 1622/934/402 1624/926/402
f 1625/935/403 1626/928/404 1627/936/403
f 1627/936/403 1626/928/404 1628/926/403
f 1629/937/405 1630/938/406 1631/928/406
f 1631/928/406 1630/938/406 1632/935/406
f 1633/939/1 1634/940/3 1635/941/1
f 1635/941/1 1634/940/3 1636/942/3
f 1637/941/407 1638/942/407 1639/943/407
f 1639/943/407 1638/942/407 1640/944/408
f 1641/945/5 1642/946/5 1643/947/5
f 1643/947/5 1642/946/5 1644/948/409
f 1645/947/410 1646/948/411 1647/939/411
f 1647/939/411 1646/948/411 1648/940/412
f 1649/949/413 1650/942/413 1651/950/413
f 1651/950/413 1650/942/413 1652/940/413
f 1653/940/414 1654/950/414 1655/951/415
f 1655/951/415 1654/950/414 1656/952/414
f 1657/953/3 1658/954/3 1659/955/416
f 1659/955/416 1658/954/3 1660/956/3
f 1661/955/4 1662/956/4 1663/957/4
f 1663/957/4 1662/956/4 1664/958/4
f 1665/959/417 1666/960/5 1667/961/417
f 1667/961/417 1666/960/5 1668/962/5
f 1669/961/7 1670/962/7 1671/953/7
f 1671/953/7 1670/962/7 1672/954/7
f 1673/963/9 1674/956/9 1675/964/9
f 1675/964/9 1674/956/9 1676/954/9
f 1677/954/10 1678/964/10 1679/965/10
f 1679/965/10 1678/964/10 1680/966/10
f 1681/967/3 1682/968/1 1683/969/3
f 1683/969/3 1682/968/1 1684/970/3
f 1685/969/418 1686/970/418 1687/971/418
f 1687/971/418 1686/970/418 1688/972/418
f 1689/973/5 1690/974/5 1691/975/5
f 1691/975/5 1690/974/5 1692/976/417
f 1693/975/419 1694/976/419 1695/967/419
f 1695/967/419 1694/976/419 1696/968/419
f 1697/977/420 1698/970/420 1699/978/420
f 1699/978/420 1698/970/420 1700/968/420
f 1701/968/421 1702/978/421 1703/979/421
f 1703/979/421 1702/978/421 1704/980/421
f 1705/981/3 1706/982/3 1707/983/3
f 1707/983/3 1706/982/3 1708/984/3
f 1709/983/420 1710/984/420 1711/985/420
f 1711/985/420 1710/984/420 1712/986/420
f 1713/985/5 1714/986/5 1715/987/5
f 1715/987/5 1714/986/5 1716/988/5
f 1717/989/421 1718/990/421 1719/981/421
f 1719/981/421 1718/990/421 1720/982/421
f 1721/991/422 1722/984/422 1723/992/422
f 1723/992/422 1722/984/422 1724/982/419
f 1725/993/418 1726/994/418 1727/984/418
f 1727/984/418 1726/994/418 1728/991/418
f 1729/995/3 1730/996/1 1731/997/3
f 1731/997/3 1730/996/1 1732/998/3
f 1733/997/4 1734/998/4 1735/999/4
f 1735/999/4 1734/998/4 1736/1000/4
f 1737/999/409 1738/1000/5 1739/1001/5
f 1739/1001/5 1738/1000/5 1740/1002/5
f 1741/1003/7 1742/1004/7 1743/995/7
f 1743/995/7 1742/1004/7 1744/996/7
f 1745/1005/9 1746/998/9 1747/1006/9
f 1747/1006/9 1746/998/9 1748/996/9
f 1749/1007/10 1750/1008/10 1751/998/10
f 1751/998/10 1750/1008/10 1752/1005/10
f 1753/1009/3 1754/1010/3 1755/1011/3
f 1755/1011/3 1754/1010/3 1756/1012/3
f 1757/1011/413 1758/1012/413 1759/1013/413
f 1759/1013/413 1758/1012/413 1760/1014/413
f 1761/1013/5 1762/1014/409 1763/1015/5
f 1763/1015/5 1762/1014/409 1764/1016/5
f 1765/1017/414 1766/1018/423 1767/1009/414
f 1767/1009/414 1766/1018/423 1768/1010/423
f 1769/1019/412 1770/1012/412 1771/1020/411
f 1771/1020/411 1770/1012/412 1772/1010/412
f 1773/1021/407 1774/1022/407 1775/1012/407
f 1775/1012/407 1774/1022/407 1776/1019/407
f 1777/1023/424 1778/1024/424 1779/1025/425
f 1779/1025/425 1778/1024/424 1780/1026/425
f 1781/1025/4 1782/1026/4 1783/1027/4
f 1783/1027/4 1782/1026/4 1784/1028/4
f 1785/1029/426 1786/1030/426 1787/1031/426
f 1787/1031/426 1786/1030/426 1788/1032/426
f 1789/1031/7 1790/1032/7 1791/1023/7
f 1791/1023/7 1790/1032/7 1792/1024/7
f 1793/1033/427 1794/1026/427 1795/1034/427
f 1795/1034/427 1794/1026/427 1796/1024/427
f 1797/1024/428 1798/1034/428 1799/1035/428
f 1799/1035/428 1798/1034/428 1800/1036/428
f 1801/1037/4 1802/1038/4 1803/1039/4
f 1803/1039/4 1802/1038/4 1804/1040/4
f 1805/1041/7 1806/1042/7 1807/1037/7
f 1807/1037/7 1806/1042/7 1808/1038/7
f 1809/1043/4 1810/1044/4 1811/1045/4
f 1811/1045/4 1810/1044/4 1812/1046/4
f 1813/1047/7 1814/1048/7 1815/1043/7
f 1815/1043/7 1814/1048/7 1816/1044/7
f 1817/1049/4 1818/1050/4 1819/1051/4
f 1819/1051/4 1818/1050/4 1820/1052/4
f 1821/1053/7 1822/1054/7 1823/1049/7
f 1823/1049/7 1822/1054/7 1824/1050/7
f 1825/1055/429 1826/1056/430 1827/1057/429
f 1827/1057/429 1826/1056/430 1828/1058/429
f 1829/1057/4 1830/1058/4 1831/1059/4
f 1831/1059/4 1830/1058/4 1832/1060/4
f 1833/1061/431 1834/1062/432 1835/1063/432
f 1835/1063/432 1834/1062/432 1836/1064/433
f 1837/1063/7 1838/1064/7 1839/1055/7
f 1839/1055/7 1838/1064/7 1840/1056/7
f 1841/1065/434 1842/1058/434 1843/1066/434
f 1843/1066/434 1842/1058/434 1844/1056/435
f 1845/1056/436 1846/1066/436 1847/1067/437
f 1847/1067/437 1846/1066/436 1848/1068/436
f 1849/1069/4 1850/1070/4 1851/1071/4
f 1851/1071/4 1850/1070/4 1852/1072/4
f 1853/1073/7 1854/1074/7 1855/1069/7
f 1855/1069/7 1854/1074/7 1856/1070/7
f 1857/1075/438 1858/1076/439 1859/1077/438
f 1859/1077/438 1858/1076/439 1860/1078/438
f 1861/1077/4 1862/1078/4 1863/1079/4
f 1863/1079/4 1862/1078/4 1864/1080/4
f 1865/1081/440 1866/1082/440 1867/1083/440
f 1867/1083/440 1866/1082/440 1868/1084/440
f 1869/1083/7 1870/1084/7 1871/1075/7
f 1871/1075/7 1870/1084/7 1872/1076/7
f 1873/1085/441 1874/1078/441 1875/1086/441
f 1875/1086/441 1874/1078/441 1876/1076/441
f 1877/1076/442 1878/1086/443 1879/1084/443
f 1879/1084/443 1878/1086/443 1880/1087/442
f 1881/1088/444 1882/1089/445 1883/1090/444
f 1883/1090/444 1882/1089/445 1884/1091/444
f 1885/1090/4 1886/1091/4 1887/1092/4
f 1887/1092/4 1886/1091/4 1888/1093/4
f 1889/1094/446 1890/1095/446 1891/1096/446
f 1891/1096/446 1890/1095/446 1892/1097/446
f 1893/1096/7 1894/1097/7 1895/1088/7
f 1895/1088/7 1894/1097/7 1896/1089/7
f 1897/1098/447 1898/1091/448 1899/1099/449
f 1899/1099/449 1898/1091/448 1900/1089/447
f 1901/1089/450 1902/1099/451 1903/1100/451
f 1903/1100/451 1902/1099/451 1904/1101/452
f 1905/1102/453 1906/1103/453 1907/1104/453
f 1907/1104/453 1906/1103/453 1908/1105/453
f 1909/1104/4 1910/1105/4 1911/1106/4
f 1911/1106/4 1910/1105/4 1912/1107/4
f 1913/1108/454 1914/1109/454 1915/1110/454
f 1915/1110/454 1914/1109/454 1916/1111/454
f 1917/1110/7 1918/1111/7 1919/1102/7
f 1919/1102/7 1918/1111/7 1920/1103/7
f 1921/1112/455 1922/1105/455 1923/1113/455
f 1923/1113/455 1922/1105/455 1924/1103/455
f 1925/1103/456 1926/1113/457 1927/1114/458
f 1927/1114/458 1926/1113/457 1928/1115/458
f 1929/1116/4 1930/1117/4 1931/1118/4
f 1931/1118/4 1930/1117/4 1932/1119/4
f 1933/1120/7 1934/1121/7 1935/1116/7
f 1935/1116/7 1934/1121/7 1936/1117/7
f 1937/1122/4 1938/1123/4 1939/1124/4
f 1939/1124/4 1938/1123/4 1940/1125/4
f 1941/1126/7 1942/1127/7 1943/1122/7
f 1943/1122/7 1942/1127/7 1944/1123/7
f 1945/1128/459 1946/1129/459 1947/1130/459
f 1947/1130/459 1946/1129/459 1948/1131/459
f 1949/1130/4 1950/1131/4 1951/1132/4
f 1951/1132/4 1950/1131/4 1952/1133/4
f 1953/1134/460 1954/1135/461 1955/1136/462
f 1955/1136/462 1954/1135/461 1956/1137/461
f 1957/1136/7 1958/1137/7 1959/1128/7
f 1959/1128/7 1958/1137/7 1960/1129/7
f 1961/1138/463 1962/1131/464 1963/1139/464
f 1963/1139/464 1962/1131/464 1964/1129/464
f 1965/1129/465 1966/1139/466 1967/1140/466
f 1967/1140/466 1966/1139/466 1968/1141/466
f 1969/1142/425 1970/1143/425 1971/1144/425
f 1971/1144/425 1970/1143/425 1972/1145/425
f 1973/1144/4 1974/1145/4 1975/1146/4
f 1975/1146/4 1974/1145/4 1976/1147/4
f 1977/1148/426 1978/1149/426 1979/1150/426
f 1979/1150/426 1978/1149/426 1980/1151/426
f 1981/1150/7 1982/1151/7 1983/1142/7
f 1983/1142/7 1982/1151/7 1984/1143/7
f 1985/1152/427 1986/1145/427 1987/1153/427
f 1987/1153/427 1986/1145/427 1988/1143/427
f 1989/1143/428 1990/1153/428 1991/1151/428
f 1991/1151/428 1990/1153/428 1992/1154/428
f 1993/1155/467 1994/1156/467 1995/1157/467
f 1995/1157/467 1994/1156/467 1996/1158/467
f 1997/1157/4 1998/1158/4 1999/1159/4
f 1999/1159/4 1998/1158/4 2000/1160/4
f 2001/1161/468 2002/1162/468 2003/1163/468
f 2003/1163/468 2002/1162/468 2004/1164/468
f 2005/1163/7 2006/1164/7 2007/1155/7
f 2007/1155/7 2006/1164/7 2008/1156/7
f 2009/1165/469 2010/1158/469 2011/1166/469
f 2011/1166/469 2010/1158/469 2012/1156/469
f 2013/1156/470 2014/1166/471 2015/1167/472
f 2015/1167/472 2014/1166/471 2016/1168/472
f 2017/1169/473 2018/1170/474 2019/1171/475
f 2019/1171/475 2018/1170/474 2020/1172/473
f 2021/1171/4 2022/1172/4 2023/1173/4
f 2023/1173/4 2022/1172/4 2024/1174/4
f 2025/1175/476 2026/1176/476 2027/1177/476
f 2027/1177/476 2026/1176/476 2028/1178/476
f 2029/1177/7 2030/1178/7 2031/1169/7
f 2031/1169/7 2030/1178/7 2032/1170/7
f 2033/1179/477 2034/1172/477 2035/1180/477
f 2035/1180/477 2034/1172/477 2036/1170/477
f 2037/1170/478 2038/1180/478 2039/1181/478
f 2039/1181/478 2038/1180/478 2040/1182/478
f 2041/1183/479 2042/1184/479 2043/1185/479
f 2043/1185/479 2042/1184/479 2044/1186/479
f 2045/1185/4 2046/1186/4 2047/1187/4
f 2047/1187/4 2046/1186/4 2048/1188/4
f 2049/1189/480 2050/1190/480 2051/1191/480
f 2051/1191/480 2050/1190/480 2052/1192/480
f 2053/1191/7 2054/1192/7 2055/1183/7
f 2055/1183/7 2054/1192/7 2056/1184/7
f 2057/1193/481 2058/1186/481 2059/1194/481
f 2059/1194/481 2058/1186/481 2060/1184/481
f 2061/1184/482 2062/1194/482 2063/1195/482
f 2063/1195/482 2062/1194/482 2064/1196/482
f 2065/1197/483 2066/1198/483 2067/1199/483
f 2067/1199/483 2066/1198/483 2068/1200/483
f 2069/1199/4 2070/1200/4 2071/1201/4
f 2071/1201/4 2070/1200/4 2072/1202/4
f 2073/1203/484 2074/1204/484 2075/1205/484
f 2075/1205/484 2074/1204/484 2076/1206/484
f 2077/1205/7 2078/1206/7 2079/1197/7
f 2079/1197/7 2078/1206/7 2080/1198/7
f 2081/1207/485 2082/1200/485 2083/1208/485
f 2083/1208/485 2082/1200/485 2084/1198/486
f 2085/1198/487 2086/1208/487 2087/1209/487
f 2087/1209/487 2086/1208/487 2088/1210/487
f 2089/1211/488 2090/1212/488 2091/1213/488
f 2091/1213/488 2090/1212/488 2092/1214/488
f 2093/1213/4 2094/1214/4 2095/1215/4
f 2095/1215/4 2094/1214/4 2096/1216/4
f 2097/1217/489 2098/1218/489 2099/1219/490
f 2099/1219/490 2098/1218/489 2100/1220/490
f 2101/1219/7 2102/1220/7 2103/1211/7
f 2103/1211/7 2102/1220/7 2104/1212/7
f 2105/1221/491 2106/1214/491 2107/1222/491
f 2107/1222/491 2106/1214/491 2108/1212/491
f 2109/1212/492 2110/1222/492 2111/1223/492
f 2111/1223/492 2110/1222/492 2112/1224/492
f 2113/1225/493 2114/1226/493 2115/1227/493
f 2115/1227/493 2114/1226/493 2116/1228/493
f 2117/1227/4 2118/1228/4 2119/1229/4
f 2119/1229/4 2118/1228/4 2120/1230/4
f 2121/1231/494 2122/1232/494 2123/1233/494
f 2123/1233/494 2122/1232/494 2124/1234/494
f 2125/1233/7 2126/1234/7 2127/1225/7
f 2127/1225/7 2126/1234/7 2128/1226/7
f 2129/1235/495 2130/1228/496 2131/1236/496
f 2131/1236/496 2130/1228/496 2132/1226/496
f 2133/1226/497 2134/1236/498 2135/1237/499
f 2135/1237/499 2134/1236/498 2136/1238/499
f 2137/1239/500 2138/1240/501 2139/1241/502
f 2139/1241/502 2138/1240/501 2140/1242/500
f 2141/1241/4 2142/1242/4 2143/1243/4
f 2143/1243/4 2142/1242/4 2144/1244/4
f 2145/1245/503 2146/1246/503 2147/1247/503
f 2147/1247/503 2146/1246/503 2148/1248/504
f 2149/1247/7 2150/1248/7 2151/1239/7
f 2151/1239/7 2150/1248/7 2152/1240/7
f 2153/1249/505 2154/1242/506 2155/1250/505
f 2155/1250/505 2154/1242/506 2156/1240/505
f 2157/1240/507 2158/1250/507 2159/1251/507
f 2159/1251/507 2158/1250/507 2160/1252/508
f 2161/1253/509 2162/1254/509 2163/1255/509
f 2163/1255/509 2162/1254/509 2164/1256/509
f 2165/1255/4 2166/1256/4 2167/1257/4
f 2167/1257/4 2166/1256/4 2168/1258/4
f 2169/1259/510 2170/1260/510 2171/1261/510
f 2171/1261/510 2170/1260/510 2172/1262/510
f 2173/1261/7 2174/1262/7 2175/1253/7
f 2175/1253/7 2174/1262/7 2176/1254/7
f 2177/1263/511 2178/1256/511 2179/1264/511
s 0
f 2179/1264/512 2178/1256/512 2180/1254/512
s 1
f 2181/1254/513 2182/1264/514 2183/1265/514
f 2183/1265/514 2182/1264/514 2184/1266/514
f 2185/1267/515 2186/1268/515 2187/1269/515
f 2187/1269/515 2186/1268/515 2188/1270/515
f 2189/1269/4 2190/1270/4 2191/1271/4
f 2191/1271/4 2190/1270/4 2192/1272/4
f 2193/1273/516 2194/1274/516 2195/1275/517
f 2195/1275/517 2194/1274/516 2196/1276/516
f 2197/1275/7 2198/1276/7 2199/1267/7
f 2199/1267/7 2198/1276/7 2200/1268/7
f 2201/1277/518 2202/1270/519 2203/1278/519
f 2203/1278/519 2202/1270/519 2204/1268/520
f 2205/1268/521 2206/1278/521 2207/1279/521
f 2207/1279/521 2206/1278/521 2208/1280/521
f 2209/1281/424 2210/1282/424 2211/1283/425
f 2211/1283/425 2210/1282/424 2212/1284/424
f 2213/1283/4 2214/1284/4 2215/1285/4
f 2215/1285/4 2214/1284/4 2216/1286/4
f 2217/1287/426 2218/1288/426 2219/1289/426
f 2219/1289/426 2218/1288/426 2220/1290/426
f 2221/1289/7 2222/1290/7 2223/1281/7
f 2223/1281/7 2222/1290/7 2224/1282/7
f 2225/1291/427 2226/1284/427 2227/1292/427
f 2227/1292/427 2226/1284/427 2228/1282/427
f 2229/1282/428 2230/1292/428 2231/1293/428
f 2231/1293/428 2230/1292/428 2232/1294/428
f 2233/1295/522 2234/1296/522 2235/1297/522
f 2235/1297/522 2234/1296/522 2236/1298/522
f 2237/1297/4 2238/1298/4 2239/1299/4
f 2239/1299/4 2238/1298/4 2240/1300/4
f 2241/1301/523 2242/1302/524 2243/1303/524
f 2243/1303/524 2242/1302/524 2244/1304/525
f 2245/1303/7 2246/1304/7 2247/1295/7
f 2247/1295/7 2246/1304/7 2248/1296/7
f 2249/1305/526 2250/1298/527 2251/1306/526
f 2251/1306/526 2250/1298/527 2252/1296/527
f 2253/1296/528 2254/1306/528 2255/1307/528
f 2255/1307/528 2254/1306/528 2256/1308/528
f 2257/1309/529 2258/1310/529 2259/1311/529
f 2259/1311/529 2258/1310/529 2260/1312/530
f 2261/1311/4 2262/1312/4 2263/1313/4
f 2263/1313/4 2262/1312/4 2264/1314/4
f 2265/1315/531 2266/1316/531 2267/1317/531
f 2267/1317/531 2266/1316/531 2268/1318/532
f 2269/1317/7 2270/1318/7 2271/1309/7
f 2271/1309/7 2270/1318/7 2272/1310/7
f 2273/1319/533 2274/1312/533 2275/1320/533
f 2275/1320/533 2274/1312/533 2276/1310/533
f 2277/1310/534 2278/1320/535 2279/1321/535
f 2279/1321/535 2278/1320/535 2280/1322/535
f 2281/1323/536 2282/1324/536 2283/1325/536
f 2283/1325/536 2282/1324/536 2284/1299/536
f 2285/1326/537 2286/1327/537 2287/1323/537
f 2287/1323/537 2286/1327/537 2288/1324/537
f 2289/1328/538 2290/1329/539 2291/1330/539
f 2291/1330/539 2290/1329/539 2292/1331/539
f 2293/1332/540 2294/1333/540 2295/1328/540
f 2295/1328/540 2294/1333/540 2296/1329/540
f 2297/1334/541 2298/1335/542 2299/1336/541
f 2299/1336/541 2298/1335/542 2300/1337/541
f 2301/1338/543 2302/1339/543 2303/1334/543
f 2303/1334/543 2302/1339/543 2304/1335/543
f 2305/1340/544 2306/1341/545 2307/1342/546
f 2307/1342/546 2306/1341/545 2308/1343/545
f 2309/1344/547 2310/1345/548 2311/1340/548
f 2311/1340/548 2310/1345/548 2312/1341/548
f 2313/1346/549 2314/1347/549 2315/1348/549
f 2315/1348/549 2314/1347/549 2316/1349/549
f 2317/1348/550 2318/1349/551 2319/1350/550
f 2319/1350/550 2318/1349/551 2320/1351/551
f 2321/1352/552 2322/1353/553 2323/1354/552
f 2323/1354/552 2322/1353/553 2324/1355/552
f 2325/1354/554 2326/1355/555 2327/1356/554
f 2327/1356/554 2326/1355/555 2328/1357/555
f 2329/1358/556 2330/1359/557 2331/1360/557
f 2331/1360/557 2330/1359/557 2332/1361/558
f 2333/1360/559 2334/1361/560 2335/1362/559
f 2335/1362/559 2334/1361/560 2336/1363/559
f 2337/1364/561 2338/1365/561 2339/1366/562
f 2339/1366/562 2338/1365/561 2340/1367/561
f 2341/1368/563 2342/1369/563 2343/1364/564
f 2343/1364/564 2342/1369/563 2344/1365/564
f 2345/1370/565 2346/1371/565 2347/1372/565
f 2347/1372/565 2346/1371/565 2348/1373/565
f 2349/1374/566 2350/1375/566 2351/1370/566
f 2351/1370/566 2350/1375/566 2352/1371/566
f 2353/1376/567 2354/1377/567 2355/1378/567
f 2355/1378/567 2354/1377/567 2356/1379/567
f 2357/1380/568 2358/1381/568 2359/1376/568
f 2359/1376/568 2358/1381/568 2360/1377/569
f 2361/1382/570 2362/1383/570 2363/1384/570
f 2363/1384/570 2362/1383/570 2364/1385/570
f 2365/1386/571 2366/1387/572 2367/1382/571
f 2367/1382/571 2366/1387/572 2368/1383/571
f 2369/1388/573 2370/1389/573 2371/1390/573
f 2371/1390/573 2370/1389/573 2372/1391/574
f 2373/1392/575 2374/1393/575 2375/1388/575
f 2375/1388/575 2374/1393/575 2376/1389/575
f 2377/1394/576 2378/1395/576 2379/1396/576
f 2379/1396/576 2378/1395/576 2380/1397/576
f 2381/1396/577 2382/1397/577 2383/1398/577
f 2383/1398/577 2382/1397/577 2384/1399/578
f 2385/1400/579 2386/1401/579 2387/1402/579
f 2387/1402/579 2386/1401/579 2388/1403/579
f 2389/1402/580 2390/1403/580 2391/1404/580
f 2391/1404/580 2390/1403/580 2392/1405/580
f 2393/1406/581 2394/1407/581 2395/1408/581
f 2395/1408/581 2394/1407/581 2396/1409/582
f 2397/1408/583 2398/1409/584 2399/1410/584
f 2399/1410/584 2398/1409/584 2400/1411/583
f 2401/1412/585 2402/1413/585 2403/1414/585
f 2403/1414/585 2402/1413/585 2404/1415/585
f 2405/1414/586 2406/1415/586 2407/1416/586
f 2407/1416/586 2406/1415/586 2408/1417/586
f 2409/1418/587 2410/1419/587 2411/1420/587
f 2411/1420/587 2410/1419/587 2412/1421/587
f 2413/1420/588 2414/1421/588 2415/1422/588
f 2415/1422/588 2414/1421/588 2416/1423/589
f 2417/1424/590 2418/1425/590 2419/1426/590
f 2419/1426/590 2418/1425/590 2420/1427/590
f 2421/1426/591 2422/1427/592 2423/1428/592
f 2423/1428/592 2422/1427/592 2424/1429/591
f 2425/1430/593 2426/1431/593 2427/1432/594
f 2427/1432/594 2426/1431/593 2428/1433/594
f 2429/1432/595 2430/1433/595 2431/1424/595
f 2431/1424/595 2430/1433/595 2432/1425/595
f 2433/1434/596 2434/1427/596 2435/1435/596
f 2435/1435/596 2434/1427/596 2436/1425/597
f 2437/1425/598 2438/1435/599 2439/1436/598
f 2439/1436/598 2438/1435/599 2440/1437/599
f 2441/1438/600 2442/1439/601 2443/1440/600
f 2443/1440/600 2442/1439/601 2444/1441/602
f 2445/1440/603 2446/1441/604 2447/1442/603
f 2447/1442/603 2446/1441/604 2448/1443/604
f 2449/1444/605 2450/1445/606 2451/1446/605
f 2451/1446/605 2450/1445/606 2452/1447/606
f 2453/1446/595 2454/1447/595 2455/1438/595
f 2455/1438/595 2454/1447/595 2456/1439/595
f 2457/1448/607 2458/1441/608 2459/1449/607
f 2459/1449/607 2458/1441/608 2460/1439/607
f 2461/1439/609 2462/1449/609 2463/1447/609
f 2463/1447/609 2462/1449/609 2464/1450/609
f 2465/1451/610 2466/1452/611 2467/1453/610
f 2467/1453/610 2466/1452/611 2468/1454/610
f 2469/1453/612 2470/1454/612 2471/1455/612
f 2471/1455/612 2470/1454/612 2472/1456/604
f 2473/1457/613 2474/1458/613 2475/1459/613
f 2475/1459/613 2474/1458/613 2476/1460/613
f 2477/1459/595 2478/1460/595 2479/1451/595
f 2479/1451/595 2478/1460/595 2480/1452/595
f 2481/1461/614 2482/1454/614 2483/1462/615
f 2483/1462/615 2482/1454/614 2484/1452/615
f 2485/1452/616 2486/1462/616 2487/1463/616
f 2487/1463/616 2486/1462/616 2488/1464/616
f 2489/1465/610 2490/1466/610 2491/1467/610
f 2491/1467/610 2490/1466/610 2492/1468/610
f 2493/1467/591 2494/1468/604 2495/1469/591
f 2495/1469/591 2494/1468/604 2496/1470/591
f 2497/1471/613 2498/1472/613 2499/1473/617
f 2499/1473/617 2498/1472/613 2500/1474/613
f 2501/1473/595 2502/1474/595 2503/1465/595
f 2503/1465/595 2502/1474/595 2504/1466/595
f 2505/1475/614 2506/1468/614 2507/1476/615
f 2507/1476/615 2506/1468/614 2508/1466/614
f 2509/1466/616 2510/1476/616 2511/1477/616
f 2511/1477/616 2510/1476/616 2512/1478/616
f 2513/1479/618 2514/1480/618 2515/1481/618
f 2515/1481/618 2514/1480/618 2516/1482/618
f 2517/1483/619 2518/1484/619 2519/1479/619
f 2519/1479/619 2518/1484/619 2520/1480/619
f 2521/1485/620 2522/1486/620 2523/1487/620
f 2523/1487/620 2522/1486/620 2524/1488/620
f 2525/1489/621 2526/1490/622 2527/1485/622
f 2527/1485/622 2526/1490/622 2528/1486/622
f 2529/1491/623 2530/1492/623 2531/1493/623
f 2531/1493/623 2530/1492/623 2532/1494/623
f 2533/1495/624 2534/1496/624 2535/1491/624
f 2535/1491/624 2534/1496/624 2536/1492/624
f 2537/1497/625 2538/1498/625 2539/1499/625
f 2539/1499/625 2538/1498/625 2540/1500/626
f 2541/1501/627 2542/1502/627 2543/1497/628
f 2543/1497/628 2542/1502/627 2544/1498/628
s 0
f 2545/1503/629 2546/1504/629 2547/1505/629
f 2547/1505/630 2546/1504/630 2548/1506/630
s 1
f 2549/1507/597 2550/1508/597 2551/1503/597
f 2551/1503/597 2550/1508/597 2552/1504/596
f 2553/1509/631 2554/1510/631 2555/1511/631
f 2555/1511/631 2554/1510/631 2556/1512/631
f 2557/1513/632 2558/1514/632 2559/1509/632
f 2559/1509/632 2558/1514/632 2560/1510/632
f 2561/1515/633 2562/1516/633 2563/1517/633
f 2563/1517/633 2562/1516/633 2564/1518/633
f 2565/1517/634 2566/1518/634 2567/1519/634
f 2567/1519/634 2566/1518/634 2568/1520/634
f 2569/1521/635 2570/1522/635 2571/1523/635
f 2571/1523/635 2570/1522/635 2572/1524/635
f 2573/1523/636 2574/1524/637 2575/1515/637
f 2575/1515/637 2574/1524/637 2576/1516/636
f 2577/1525/638 2578/1518/638 2579/1526/638
f 2579/1526/638 2578/1518/638 2580/1516/638
f 2581/1516/639 2582/1526/639 2583/1527/639
f 2583/1527/639 2582/1526/639 2584/1528/639
f 2585/1529/633 2586/1530/633 2587/1531/633
f 2587/1531/633 2586/1530/633 2588/1532/633
f 2589/1531/640 2590/1532/640 2591/1533/641
f 2591/1533/641 2590/1532/640 2592/1534/640
f 2593/1535/635 2594/1536/635 2595/1537/635
f 2595/1537/635 2594/1536/635 2596/1538/635
f 2597/1537/642 2598/1538/642 2599/1529/642
f 2599/1529/642 2598/1538/642 2600/1530/642
f 2601/1539/643 2602/1532/644 2603/1540/645
f 2603/1540/645 2602/1532/644 2604/1530/645
f 2605/1530/646 2606/1540/646 2607/1538/646
f 2607/1538/646 2606/1540/646 2608/1541/646
f 2609/1542/647 2610/1543/647 2611/1544/647
f 2611/1544/647 2610/1543/647 2612/1545/647
f 2613/1544/640 2614/1545/640 2615/1546/648
f 2615/1546/648 2614/1545/640 2616/1547/649
f 2617/1548/650 2618/1549/650 2619/1550/650
f 2619/1550/650 2618/1549/650 2620/1551/650
f 2621/1550/651 2622/1551/651 2623/1542/651
f 2623/1542/651 2622/1551/651 2624/1543/651
f 2625/1552/652 2626/1545/652 2627/1553/652
f 2627/1553/652 2626/1545/652 2628/1543/652
f 2629/1543/653 2630/1553/653 2631/1551/653
f 2631/1551/653 2630/1553/653 2632/1554/654
f 2633/1555/640 2634/1556/640 2635/1557/640
f 2635/1557/640 2634/1556/640 2636/1558/640
f 2637/1559/642 2638/1560/642 2639/1555/642
f 2639/1555/642 2638/1560/642 2640/1556/642
f 2641/1561/633 2642/1562/633 2643/1563/633
f 2643/1563/633 2642/1562/633 2644/1564/633
f 2645/1563/634 2646/1564/634 2647/1565/634
f 2647/1565/634 2646/1564/634 2648/1566/634
f 2649/1533/635 2650/1534/635 2651/1567/635
f 2651/1567/635 2650/1534/635 2652/1568/635
f 2653/1567/637 2654/1568/637 2655/1561/637
f 2655/1561/637 2654/1568/637 2656/1562/637
f 2657/1569/638 2658/1564/638 2659/1570/638
f 2659/1570/638 2658/1564/638 2660/1562/638
f 2661/1562/639 2662/1570/639 2663/1568/639
f 2663/1568/639 2662/1570/639 2664/1571/639
f 2665/1572/655 2666/1573/655 2667/1574/655
f 2667/1574/655 2666/1573/655 2668/1575/655
f 2669/1574/656 2670/1575/656 2671/1576/656
f 2671/1576/656 2670/1575/656 2672/1577/634
f 2673/1546/657 2674/1547/657 2675/1578/657
f 2675/1578/657 2674/1547/657 2676/1579/657
f 2677/1578/658 2678/1579/637 2679/1572/637
f 2679/1572/637 2678/1579/637 2680/1573/658
f 2681/1580/659 2682/1575/659 2683/1581/659
f 2683/1581/659 2682/1575/659 2684/1573/659
f 2685/1573/660 2686/1581/660 2687/1579/660
f 2687/1579/660 2686/1581/660 2688/1582/660
f 2689/1583/661 2690/1584/634 2691/1585/634
f 2691/1585/634 2690/1584/634 2692/1586/634
f 2693/1587/637 2694/1588/637 2695/1583/637
f 2695/1583/637 2694/1588/637 2696/1584/637
f 2697/1589/633 2698/1590/633 2699/1591/633
f 2699/1591/633 2698/1590/633 2700/1592/633
f 2701/1591/662 2702/1592/662 2703/1593/662
f 2703/1593/662 2702/1592/662 2704/1594/662
f 2705/1565/635 2706/1566/635 2707/1595/635
f 2707/1595/635 2706/1566/635 2708/1596/635
f 2709/1595/663 2710/1596/663 2711/1589/663
f 2711/1589/663 2710/1596/663 2712/1590/663
f 2713/1597/664 2714/1592/664 2715/1598/664
f 2715/1598/664 2714/1592/664 2716/1590/664
f 2717/1590/665 2718/1598/665 2719/1596/665
f 2719/1596/665 2718/1598/665 2720/1599/665
s 0
f 2721/1600/666 2722/1601/666 2723/1602/666
f 2723/1602/667 2722/1601/667 2724/1603/667
s 1
f 2725/1602/662 2726/1603/662 2727/1604/662
f 2727/1604/662 2726/1603/662 2728/1605/662
f 2729/1576/668 2730/1577/669 2731/1606/669
f 2731/1606/669 2730/1577/669 2732/1607/668
f 2733/1606/663 2734/1607/663 2735/1600/663
f 2735/1600/663 2734/1607/663 2736/1601/663
f 2737/1608/670 2738/1603/670 2739/1609/670
f 2739/1609/670 2738/1603/670 2740/1601/670
f 2741/1601/671 2742/1609/672 2743/1607/672
f 2743/1607/672 2742/1609/672 2744/1610/671
f 2745/1611/662 2746/1612/662 2747/1613/662
f 2747/1613/662 2746/1612/662 2748/1614/662
f 2749/1615/663 2750/1616/663 2751/1611/663
f 2751/1611/663 2750/1616/663 2752/1612/663
f 2753/1617/673 2754/1618/673 2755/1619/673
f 2755/1619/673 2754/1618/673 2756/1620/673
f 2757/1619/674 2758/1620/674 2759/1621/674
f 2759/1621/674 2758/1620/674 2760/1622/674
f 2761/1621/675 2762/1622/675 2763/1623/675
f 2763/1623/675 2762/1622/675 2764/1624/675
f 2765/1625/676 2766/1626/676 2767/1617/676
f 2767/1617/676 2766/1626/676 2768/1618/676
f 2769/1627/677 2770/1620/677 2771/1628/677
f 2771/1628/677 2770/1620/677 2772/1618/677
s 0
f 2773/1629/678 2774/1630/678 2775/1620/678
f 2775/1620/678 2774/1630/678 2776/1627/678
s 1
f 2777/1631/679 2778/1632/679 2779/1633/679
f 2779/1633/679 2778/1632/679 2780/1634/679
f 2781/1633/680 2782/1634/674 2783/1635/680
f 2783/1635/680 2782/1634/674 2784/1636/680
f 2785/1635/681 2786/1636/682 2787/1637/681
f 2787/1637/681 2786/1636/682 2788/1638/682
f 2789/1639/676 2790/1640/676 2791/1631/676
f 2791/1631/676 2790/1640/676 2792/1632/676
f 2793/1641/683 2794/1634/684 2795/1642/684
f 2795/1642/684 2794/1634/684 2796/1632/684
f 2797/1636/685 2798/1643/685 2799/1634/685
f 2799/1634/685 2798/1643/685 2800/1641/685
f 2801/1644/673 2802/1645/673 2803/1646/673
f 2803/1646/673 2802/1645/673 2804/1647/673
f 2805/1646/686 2806/1647/686 2807/1648/686
f 2807/1648/686 2806/1647/686 2808/1649/686
f 2809/1648/687 2810/1649/687 2811/1650/687
f 2811/1650/687 2810/1649/687 2812/1651/687
f 2813/1652/688 2814/1653/688 2815/1644/688
f 2815/1644/688 2814/1653/688 2816/1645/689
f 2817/1654/677 2818/1647/690 2819/1655/690
f 2819/1655/690 2818/1647/690 2820/1645/677
f 2821/1656/691 2822/1657/691 2823/1647/691
f 2823/1647/691 2822/1657/691 2824/1654/691
f 2825/1658/673 2826/1659/673 2827/1660/673
f 2827/1660/673 2826/1659/673 2828/1661/673
f 2829/1660/674 2830/1661/674 2831/1662/674
f 2831/1662/674 2830/1661/674 2832/1663/674
f 2833/1662/687 2834/1663/687 2835/1664/687
f 2835/1664/687 2834/1663/687 2836/1665/687
f 2837/1666/688 2838/1667/688 2839/1658/689
f 2839/1658/689 2838/1667/688 2840/1659/689
f 2841/1668/677 2842/1661/677 2843/1669/677
f 2843/1669/677 2842/1661/677 2844/1659/677
f 2845/1670/691 2846/1671/691 2847/1661/691
f 2847/1661/691 2846/1671/691 2848/1668/691
f 2849/1672/692 2850/1673/692 2851/1674/693
f 2851/1674/693 2850/1673/692 2852/1675/692
f 2853/1676/694 2854/1677/694 2855/1672/694
f 2855/1672/694 2854/1677/694 2856/1673/694
f 2857/1678/695 2858/1679/695 2859/1680/695
f 2859/1680/695 2858/1679/695 2860/1681/695
f 2861/1682/696 2862/1683/696 2863/1678/696
f 2863/1678/696 2862/1683/696 2864/1679/696
f 2865/1684/697 2866/1685/697 2867/1686/697
f 2867/1686/697 2866/1685/697 2868/1687/697
f 2869/1688/698 2870/1689/698 2871/1684/698
f 2871/1684/698 2870/1689/698 2872/1685/698
f 2873/1690/699 2874/1691/699 2875/1692/699
f 2875/1692/699 2874/1691/699 2876/1693/699
f 2877/1694/700 2878/1695/700 2879/1690/700
f 2879/1690/700 2878/1695/700 2880/1691/700
f 2881/1696/701 2882/1697/701 2883/1698/701
f 2883/1698/701 2882/1697/701 2884/1699/701
f 2885/1698/702 2886/1699/703 2887/1700/703
f 2887/1700/703 2886/1699/703 2888/1701/703
f 2889/1702/704 2890/1703/704 2891/1704/704
f 2891/1704/704 2890/1703/704 2892/1705/704
s 0
f 2893/1704/705 2894/1705/705 2895/1706/705
f 2895/1706/705 2894/1705/705 2896/1707/705
s 1
f 2897/1708/706 2898/1709/707 2899/1710/706
f 2899/1710/706 2898/1709/707 2900/1711/706
f 2901/1710/674 2902/1711/674 2903/1712/680
f 2903/1712/680 2902/1711/674 2904/1713/674
f 2905/1712/708 2906/1713/708 2907/1714/708
f 2907/1714/708 2906/1713/708 2908/1715/709
f 2909/1716/676 2910/1717/676 2911/1708/676
f 2911/1708/676 2910/1717/676 2912/1709/676
f 2913/1718/710 2914/1711/710 2915/1719/710
f 2915/1719/710 2914/1711/710 2916/1709/710
f 2917/1720/711 2918/1721/712 2919/1711/712
f 2919/1711/712 2918/1721/712 2920/1718/712
f 2921/1722/713 2922/1723/714 2923/1724/715
f 2923/1724/715 2922/1723/714 2924/1725/714
f 2925/1724/716 2926/1725/716 2927/1726/716
f 2927/1726/716 2926/1725/716 2928/1727/716
f 2929/1726/708 2930/1727/708 2931/1728/708
f 2931/1728/708 2930/1727/708 2932/1729/708
f 2933/1730/717 2934/1731/717 2935/1722/717
f 2935/1722/717 2934/1731/717 2936/1723/717
f 2937/1732/718 2938/1725/718 2939/1733/718
f 2939/1733/718 2938/1725/718 2940/1723/719
f 2941/1727/720 2942/1734/720 2943/1725/720
f 2943/1725/720 2942/1734/720 2944/1732/720
f 2945/1735/721 2946/1736/721 2947/1737/722
f 2947/1737/722 2946/1736/721 2948/1738/722
f 2949/1737/723 2950/1738/716 2951/1739/716
f 2951/1739/716 2950/1738/716 2952/1740/716
f 2953/1739/724 2954/1740/725 2955/1741/724
f 2955/1741/724 2954/1740/725 2956/1742/725
f 2957/1743/726 2958/1744/717 2959/1735/717
f 2959/1735/717 2958/1744/717 2960/1736/717
f 2961/1745/727 2962/1738/727 2963/1746/727
f 2963/1746/727 2962/1738/727 2964/1736/727
f 2965/1740/728 2966/1747/728 2967/1738/728
f 2967/1738/728 2966/1747/728 2968/1745/728
f 2969/1748/716 2970/1749/716 2971/1750/716
f 2971/1750/716 2970/1749/716 2972/1751/716
f 2973/1752/717 2974/1753/717 2975/1748/717
f 2975/1748/717 2974/1753/717 2976/1749/717
f 2977/1754/713 2978/1755/715 2979/1756/713
f 2979/1756/713 2978/1755/715 2980/1757/713
f 2981/1756/686 2982/1757/686 2983/1758/686
f 2983/1758/686 2982/1757/686 2984/1759/686
f 2985/1758/708 2986/1759/708 2987/1730/708
f 2987/1730/708 2986/1759/708 2988/1731/708
f 2989/1760/676 2990/1761/676 2991/1754/676
f 2991/1754/676 2990/1761/676 2992/1755/676
f 2993/1762/710 2994/1757/710 2995/1763/710
f 2995/1763/710 2994/1757/710 2996/1755/729
f 2997/1759/711 2998/1764/711 2999/1757/711
f 2999/1757/711 2998/1764/711 3000/1762/711
f 3001/1765/730 3002/1766/730 3003/1767/730
f 3003/1767/730 3002/1766/730 3004/1768/731
f 3005/1767/674 3006/1768/674 3007/1769/680
f 3007/1769/680 3006/1768/674 3008/1770/674
f 3009/1769/732 3010/1770/732 3011/1743/732
f 3011/1743/732 3010/1770/732 3012/1744/732
f 3013/1771/676 3014/1772/676 3015/1765/676
f 3015/1765/676 3014/1772/676 3016/1766/676
f 3017/1773/733 3018/1768/734 3019/1774/734
f 3019/1774/734 3018/1768/734 3020/1766/733
f 3021/1770/735 3022/1775/736 3023/1768/736
f 3023/1768/736 3022/1775/736 3024/1773/736
f 3025/1776/686 3026/1777/686 3027/1778/686
f 3027/1778/686 3026/1777/686 3028/1779/686
f 3029/1780/676 3030/1781/676 3031/1776/676
f 3031/1776/676 3030/1781/676 3032/1777/676
f 3033/1782/713 3034/1783/713 3035/1784/737
f 3035/1784/737 3034/1783/713 3036/1785/713
f 3037/1784/738 3038/1785/738 3039/1786/738
f 3039/1786/738 3038/1785/738 3040/1787/738
f 3041/1786/708 3042/1787/708 3043/1760/708
f 3043/1760/708 3042/1787/708 3044/1761/739
f 3045/1788/740 3046/1789/740 3047/1782/741
f 3047/1782/741 3046/1789/740 3048/1783/740
f 3049/1790/742 3050/1785/742 3051/1791/742
f 3051/1791/742 3050/1785/742 3052/1783/742
f 3053/1787/743 3054/1792/743 3055/1785/743
f 3055/1785/743 3054/1792/743 3056/1790/743
f 3057/1793/744 3058/1794/745 3059/1795/745
f 3059/1795/745 3058/1794/745 3060/1796/744
f 3061/1795/738 3062/1796/738 3063/1797/746
f 3063/1797/746 3062/1796/738 3064/1798/738
f 3065/1797/747 3066/1798/747 3067/1771/747
f 3067/1771/747 3066/1798/747 3068/1772/747
f 3069/1799/740 3070/1800/740 3071/1793/740
f 3071/1793/740 3070/1800/740 3072/1794/740
f 3073/1801/748 3074/1796/749 3075/1802/748
f 3075/1802/748 3074/1796/749 3076/1794/749
f 3077/1798/750 3078/1803/750 3079/1796/750
f 3079/1796/750 3078/1803/750 3080/1801/750
f 3081/1804/738 3082/1805/738 3083/1806/751
f 3083/1806/751 3082/1805/738 3084/1807/738
f 3085/1808/740 3086/1809/740 3087/1804/740
f 3087/1804/740 3086/1809/740 3088/1805/740
