# Blender 5.2.0 LTS
# www.blender.org
mtllib nissan-r32-chassi.mtl
o body1
v 0.027819 0.629967 0.173780
v 0.027819 0.648525 -1.023402
v 0.027819 0.681206 -0.709798
v 0.027819 0.666387 0.079551
v 0.027819 0.695739 -0.229350
v 0.027819 0.028935 -2.240979
v 0.027819 0.120417 -2.240979
v 0.027819 0.208658 -2.240979
v 0.027819 0.350417 -1.693261
v 0.027819 0.304905 -2.191890
v 0.027819 0.294850 0.870022
v 0.027819 0.258501 1.235172
v 0.027819 0.185556 1.660935
v 0.027819 0.115237 1.959607
v 0.027819 0.067232 2.082311
v 0.027819 0.285790 0.961029
v -0.239048 0.625514 0.149392
v -0.504558 0.609449 0.068913
v -0.600324 0.452947 0.333359
v -0.691494 0.255378 0.645680
v -0.666691 0.259274 0.701322
v -0.652004 0.075276 1.893757
v -0.669709 0.130996 1.679804
v -0.686451 0.201383 1.249890
v -0.692148 0.242417 0.726546
v -0.729014 0.242931 0.566352
v -0.652023 0.430722 0.292804
v -0.552337 0.595488 0.003866
v -0.508310 0.636523 -0.489442
v -0.508310 0.636523 -0.538442
v -0.508310 0.636523 -0.755277
v -0.223091 0.646397 -1.013258
v -0.237767 0.664401 0.056006
v -0.227250 0.681729 -0.710229
v -0.233626 0.691055 -0.236552
v -0.438648 0.671784 -0.111257
v -0.479345 0.660444 -0.103636
v -0.461626 0.644069 0.028464
v -0.524838 0.627404 -0.098753
v -0.467778 0.625692 -0.992935
v -0.460235 0.660426 -0.752075
v -0.414885 0.674215 -0.736491
v -0.467584 0.674646 -0.506771
v -0.423388 0.687794 -0.512767
v -0.573692 0.468595 -1.233045
v -0.640348 0.321920 -1.478114
v -0.592803 0.326760 -1.541734
v -0.629322 0.450863 -0.968428
v -0.699235 0.286189 -1.143282
v -0.661169 0.286189 -2.128983
v -0.592174 0.290422 -2.145054
v -0.723238 0.232844 0.718708
v -0.708990 0.189622 1.254304
v -0.689042 0.124387 1.680460
v -0.818285 0.119058 0.643309
v -0.804496 0.166077 -0.657982
v -0.705439 0.282342 -0.625217
v -0.726781 0.208658 -2.188489
v -0.704160 0.282777 -0.671327
v -0.632302 0.460810 -0.560658
v -0.625711 0.460810 -0.611132
v -0.870448 0.027287 1.323663
v -0.787653 0.131882 -2.136989
v -0.781657 0.181990 -1.099072
v -0.755940 0.193906 -1.588127
v -0.818285 -0.164098 0.643714
v -0.764620 -0.334162 0.598595
v -0.799786 -0.253091 0.621651
v -0.870448 0.069159 1.311645
v -0.858205 0.100708 0.967390
v -0.870448 -0.063949 0.971582
v -0.870448 -0.164098 0.899087
v -0.845298 -0.334162 0.860078
v -0.845300 -0.334162 0.780937
v -0.693422 0.286189 -1.525585
v -0.631257 0.315984 -1.601472
v -0.870448 -0.046745 1.464081
v -0.825432 -0.058291 1.732700
v -0.793836 0.009577 1.739796
v -0.835566 0.042628 1.537159
v -0.852888 -0.046745 1.524844
v -0.856870 -0.164098 0.836861
v -0.856870 -0.047018 0.936768
v -0.870448 0.027287 1.119915
v -0.787653 0.028935 -2.118711
v -0.726812 0.028935 -2.188378
v -0.394773 0.208658 -2.222432
v -0.394773 0.028935 -2.222432
v -0.307015 0.120417 -2.230113
v -0.348791 0.196423 -2.226410
v -0.348791 0.042839 -2.226410
v -0.322112 0.169172 -2.228775
v -0.322112 0.071080 -2.228775
v -0.583913 0.208658 -2.203034
v -0.184236 0.120417 -2.240979
v -0.184236 0.028935 -2.240979
v -0.583913 0.028935 -2.203034
v -0.184236 0.208658 -2.240979
v -0.470342 0.333318 -1.619855
v -0.192845 0.344717 -1.682318
v -0.429858 0.296764 -2.159974
v -0.213285 0.302219 -2.180492
v -0.666691 0.259274 0.701322
v -0.652004 0.075276 1.893757
v -0.669709 0.130996 1.679804
v -0.686451 0.201383 1.249890
v -0.692148 0.242417 0.726546
v -0.515444 0.274782 0.788501
v -0.292534 0.285730 0.840385
v -0.288418 0.258501 1.235172
v -0.270287 0.188896 1.660935
v -0.249523 0.115237 1.947819
v -0.212791 0.067796 2.066848
v -0.341424 0.267555 0.928123
v -0.331692 0.235201 1.240553
v -0.297047 0.172865 1.663754
v -0.326398 0.067796 2.044217
v -0.470872 0.075276 1.982792
v -0.495882 0.155612 1.668763
v -0.507637 0.221828 1.243810
v -0.292001 0.279114 0.936314
v -0.514072 0.263032 0.877320
v -0.479932 0.099116 1.924285
v 0.294686 0.625514 0.149392
v 0.560196 0.609449 0.068913
v 0.655962 0.452947 0.333359
v 0.747132 0.255378 0.645680
v 0.722329 0.259274 0.701322
v 0.707642 0.075276 1.893757
v 0.725347 0.130996 1.679804
v 0.742089 0.201383 1.249890
v 0.747786 0.242417 0.726546
v 0.784652 0.242931 0.566352
v 0.707661 0.430722 0.292804
v 0.607975 0.595488 0.003866
v 0.563948 0.636523 -0.489442
v 0.563948 0.636523 -0.538442
v 0.563948 0.636523 -0.755277
v 0.278729 0.646397 -1.013258
v 0.293405 0.664401 0.056006
v 0.282888 0.681729 -0.710229
v 0.289264 0.691055 -0.236552
v 0.494286 0.671784 -0.111257
v 0.534983 0.660444 -0.103636
v 0.517264 0.644069 0.028464
v 0.580476 0.627404 -0.098753
v 0.523416 0.625692 -0.992935
v 0.515873 0.660426 -0.752075
v 0.470523 0.674215 -0.736491
v 0.523222 0.674646 -0.506771
v 0.479026 0.687794 -0.512767
v 0.629330 0.468595 -1.233045
v 0.695986 0.321920 -1.478114
v 0.648441 0.326760 -1.541734
v 0.684960 0.450863 -0.968428
v 0.754873 0.286189 -1.143282
v 0.716807 0.286189 -2.128983
v 0.647812 0.290422 -2.145054
v 0.778876 0.232844 0.718708
v 0.764628 0.189622 1.254304
v 0.744680 0.124387 1.680460
v 0.873923 0.119058 0.643309
v 0.860134 0.166077 -0.657982
v 0.761077 0.282342 -0.625217
v 0.782419 0.208658 -2.188489
v 0.759798 0.282777 -0.671327
v 0.687940 0.460810 -0.560658
v 0.681349 0.460810 -0.611132
v 0.926086 0.027287 1.323663
v 0.843291 0.131882 -2.136989
v 0.837295 0.181990 -1.099072
v 0.811578 0.193906 -1.588127
v 0.873923 -0.164098 0.643714
v 0.820258 -0.334162 0.598595
v 0.855424 -0.253091 0.621651
v 0.926086 0.069159 1.311645
v 0.913843 0.100708 0.967390
v 0.926086 -0.063949 0.971582
v 0.926086 -0.164098 0.899087
v 0.900936 -0.334162 0.860078
v 0.900938 -0.334162 0.780937
v 0.749060 0.286189 -1.525585
v 0.686895 0.315984 -1.601472
v 0.926086 -0.046745 1.464081
v 0.881070 -0.058291 1.732700
v 0.849474 0.009577 1.739796
v 0.891204 0.042628 1.537159
v 0.908526 -0.046745 1.524844
v 0.912508 -0.164098 0.836861
v 0.912508 -0.047018 0.936768
v 0.926086 0.027287 1.119915
v 0.843291 0.028935 -2.118711
v 0.782450 0.028935 -2.188378
v 0.450411 0.208658 -2.222432
v 0.450411 0.028935 -2.222432
v 0.362653 0.120417 -2.230113
v 0.404429 0.196423 -2.226410
v 0.404429 0.042839 -2.226410
v 0.377750 0.169172 -2.228775
v 0.377750 0.071080 -2.228775
v 0.639551 0.208658 -2.203034
v 0.239874 0.120417 -2.240979
v 0.239874 0.028935 -2.240979
v 0.639551 0.028935 -2.203034
v 0.239874 0.208658 -2.240979
v 0.525980 0.333318 -1.619855
v 0.248483 0.344717 -1.682318
v 0.485496 0.296764 -2.159974
v 0.268923 0.302219 -2.180492
v 0.722329 0.259274 0.701322
v 0.707642 0.075276 1.893757
v 0.725347 0.130996 1.679804
v 0.742089 0.201383 1.249890
v 0.747786 0.242417 0.726546
v 0.571082 0.274782 0.788501
v 0.348172 0.285730 0.840385
v 0.344056 0.258501 1.235172
v 0.325925 0.188896 1.660935
v 0.305161 0.115237 1.947819
v 0.268429 0.067796 2.066848
v 0.397062 0.267555 0.928123
v 0.387330 0.235201 1.240553
v 0.352685 0.172865 1.663754
v 0.382036 0.067796 2.044217
v 0.526510 0.075276 1.982792
v 0.551520 0.155612 1.668763
v 0.563275 0.221828 1.243810
v 0.347639 0.279114 0.936314
v 0.569710 0.263032 0.877320
v 0.535570 0.099116 1.924285
v -0.870448 0.106805 -1.065069
v -0.870448 0.115924 -1.630017
v -0.787653 0.131882 -2.136989
v -0.828615 0.126705 -0.767406
v -0.781657 0.181990 -1.099072
v -0.755940 0.193906 -1.588127
v -0.870448 0.038686 -1.265104
v -0.870448 0.038686 -1.468853
v -0.870448 -0.039655 -1.104803
v -0.840825 -0.334163 -0.977709
v -0.818285 -0.164098 -0.651160
v -0.799786 -0.253092 -0.612616
v -0.764620 -0.334163 -0.532755
v -0.861439 -0.164098 -1.014400
v -0.840825 -0.334163 -0.954318
v -0.870448 -0.050646 -1.630750
v -0.851612 -0.201331 -1.714918
v -0.788472 -0.346296 -1.731645
v -0.787653 -0.121696 -2.092580
v -0.787653 0.028935 -2.118711
v -0.870448 -0.019322 -1.637954
v -0.831838 -0.253317 -1.788678
v -0.788472 -0.346296 -1.808217
v -0.730201 -0.206198 -2.079257
v -0.738728 -0.231113 -2.075556
v -0.703201 -0.287067 -2.068449
v -0.870448 -0.144432 -1.689761
v -0.870448 -0.142954 -1.748796
v 0.926086 0.106805 -1.065069
v 0.926086 0.115924 -1.630017
v 0.843291 0.131882 -2.136989
v 0.884253 0.126705 -0.767406
v 0.837295 0.181990 -1.099072
v 0.811578 0.193906 -1.588127
v 0.926086 0.038686 -1.265104
v 0.926086 0.038686 -1.468853
v 0.926086 -0.039655 -1.104803
v 0.896463 -0.334163 -0.977709
v 0.873923 -0.164098 -0.651160
v 0.855424 -0.253092 -0.612616
v 0.820258 -0.334163 -0.532755
v 0.917077 -0.164098 -1.014400
v 0.896463 -0.334163 -0.954318
v 0.926086 -0.050646 -1.630750
v 0.907250 -0.201331 -1.714918
v 0.844110 -0.346296 -1.731645
v 0.843291 -0.121696 -2.092580
v 0.843291 0.028935 -2.118711
v 0.926086 -0.019322 -1.637954
v 0.887476 -0.253317 -1.788678
v 0.844110 -0.346296 -1.808217
v 0.785839 -0.206198 -2.079257
v 0.794366 -0.231113 -2.075556
v 0.758839 -0.287067 -2.068449
v 0.926086 -0.144432 -1.689761
v 0.926086 -0.142954 -1.748796
v -0.804496 0.166077 -0.657982
v -0.729014 0.242931 0.566352
v -0.818285 0.119058 0.643309
v -0.705439 0.282342 -0.625217
v -0.818285 -0.164098 0.643714
v -0.818285 -0.164098 -0.651160
v -0.799786 -0.253092 -0.612616
v -0.764620 -0.334163 -0.532755
v -0.764620 -0.334162 0.598595
v -0.799786 -0.253091 0.621651
v 0.784652 0.242931 0.566352
v 0.873923 0.119058 0.643309
v 0.860134 0.166077 -0.657982
v 0.761077 0.282342 -0.625217
v 0.873923 -0.164098 0.643714
v 0.873923 -0.164098 -0.651160
v 0.855424 -0.253092 -0.612616
v 0.820258 -0.334163 -0.532755
v 0.820258 -0.334162 0.598595
v 0.855424 -0.253091 0.621651
v -0.840825 -0.334163 -0.977709
v -0.764620 -0.334163 -0.532755
v -0.764620 -0.334162 0.598595
v -0.845298 -0.334162 0.860078
v -0.845300 -0.334162 0.780937
v -0.833589 -0.374295 -0.901604
v -0.820118 -0.374295 -0.462708
v -0.820118 -0.374295 0.598595
v -0.832476 -0.427184 -0.978316
v -0.771542 -0.427184 0.602092
v -0.832618 -0.427184 0.834623
v -0.840966 -0.367911 0.860078
v -0.840825 -0.334163 -0.954318
v -0.771542 -0.427184 -0.882591
v -0.840570 -0.369864 0.780937
v 0.896463 -0.334163 -0.977709
v 0.820258 -0.334163 -0.532755
v 0.820258 -0.334162 0.598595
v 0.900936 -0.334162 0.860078
v 0.900938 -0.334162 0.780937
v 0.889227 -0.374295 -0.901604
v 0.875756 -0.374295 -0.462708
v 0.875756 -0.374295 0.598595
v 0.888114 -0.427184 -0.978316
v 0.827180 -0.427184 0.602092
v 0.888256 -0.427184 0.834623
v 0.896604 -0.367911 0.860078
v 0.896463 -0.334163 -0.954318
v 0.827180 -0.427184 -0.882591
v 0.896208 -0.369864 0.780937
v -0.764620 -0.334163 -0.532755
v -0.764620 -0.334162 0.598595
v -0.833589 -0.374295 -0.901604
v -0.820118 -0.374295 -0.462708
v -0.820118 -0.374295 0.598595
v -0.840570 -0.369864 0.780937
v 0.820258 -0.334163 -0.532755
v 0.820258 -0.334162 0.598595
v 0.889227 -0.374295 -0.901604
v 0.875756 -0.374295 -0.462708
v 0.875756 -0.374295 0.598595
v 0.896208 -0.369864 0.780937
v -0.831838 -0.253317 -1.788678
v -0.730201 -0.206198 -2.079257
v -0.738728 -0.231113 -2.075556
v 0.887476 -0.253317 -1.788678
v 0.785839 -0.206198 -2.079257
v 0.794366 -0.231113 -2.075556
v -0.282877 0.189011 0.421244
v -0.286154 0.187977 0.420647
v -0.267082 0.148961 0.398123
v -0.268529 0.148507 0.397858
v -0.399610 0.189011 0.421244
v -0.402887 0.187977 0.420647
v -0.383816 0.148961 0.398123
v -0.385261 0.148507 0.397858
v 0.888256 -0.427184 0.834623
v 0.888114 -0.427184 -0.978316
v 0.844110 -0.346296 -1.731645
v 0.758839 -0.287067 -2.068449
v 0.027819 -0.427184 0.834623
v 0.027819 -0.427184 0.602092
v 0.027819 -0.427184 -0.882591
v 0.027819 -0.427184 -0.978316
v 0.027819 -0.346296 -1.731645
v 0.027819 -0.346296 -1.808217
v 0.027819 -0.287067 -2.068449
v 0.592424 -0.427184 0.834623
v 0.827180 -0.427184 0.602092
v 0.827180 -0.427184 -0.882591
v 0.592424 -0.427184 -0.978316
v 0.592424 -0.346296 -1.731645
v 0.844110 -0.346296 -1.808217
v 0.592424 -0.465558 1.578968
v 0.027819 -0.465558 1.578968
v -0.832618 -0.427184 0.834623
v -0.832476 -0.427184 -0.978316
v -0.788472 -0.346296 -1.731645
v -0.703201 -0.287067 -2.068449
v -0.536786 -0.427184 0.834623
v -0.771542 -0.427184 0.602092
v -0.771542 -0.427184 -0.882591
v -0.536786 -0.427184 -0.978316
v -0.536786 -0.346296 -1.731645
v -0.788472 -0.346296 -1.808217
v -0.536786 -0.465558 1.578968
v 0.882981 -0.465558 1.578968
v 0.892002 -0.429986 1.578968
v 0.906195 -0.372630 1.578968
v 0.920641 -0.200379 1.566304
v 0.926086 -0.046745 1.464081
v 0.926086 0.027287 1.323663
v 0.926086 0.027287 1.119915
v 0.926086 -0.063949 0.971582
v 0.926086 -0.164098 0.899087
v 0.900936 -0.334162 0.860078
v 0.896604 -0.367911 0.860078
v 0.888256 -0.427184 0.834623
v 0.888114 -0.427184 -0.978316
v 0.896463 -0.334163 -0.977709
v 0.917077 -0.164098 -1.014400
v 0.926086 -0.039655 -1.104803
v 0.926086 0.038686 -1.265104
v 0.926086 0.038686 -1.468853
v 0.926086 -0.050646 -1.630750
v 0.926086 -0.144432 -1.689761
v 0.907250 -0.201331 -1.714918
v 0.844110 -0.346296 -1.731645
v 0.592424 -0.465558 1.578968
v 0.592424 -0.429986 1.578968
v 0.592424 -0.372630 1.578968
v 0.592424 -0.200379 1.566304
v 0.592424 -0.046745 1.464081
v 0.592424 0.027287 1.323663
v 0.592424 0.027287 1.119915
v 0.592424 -0.063949 0.971582
v 0.592424 -0.164098 0.899087
v 0.592424 -0.334162 0.860078
v 0.592424 -0.367911 0.860078
v 0.592424 -0.427184 0.834623
v 0.592424 -0.427184 -0.978316
v 0.592424 -0.334163 -0.977709
v 0.592424 -0.164098 -1.014400
v 0.592424 -0.039655 -1.104803
v 0.592424 0.038686 -1.265104
v 0.592424 0.038686 -1.468853
v 0.592424 -0.050646 -1.630750
v 0.592424 -0.144432 -1.689761
v 0.592424 -0.201331 -1.714918
v 0.592424 -0.346296 -1.731645
v -0.827343 -0.465558 1.578968
v -0.836364 -0.429986 1.578968
v -0.850557 -0.372630 1.578968
v -0.865003 -0.200379 1.566304
v -0.870448 -0.046745 1.464081
v -0.870448 0.027287 1.323663
v -0.870448 0.027287 1.119915
v -0.870448 -0.063949 0.971582
v -0.870448 -0.164098 0.899087
v -0.845298 -0.334162 0.860078
v -0.840966 -0.367911 0.860078
v -0.832618 -0.427184 0.834623
v -0.832476 -0.427184 -0.978316
v -0.840825 -0.334163 -0.977709
v -0.861439 -0.164098 -1.014400
v -0.870448 -0.039655 -1.104803
v -0.870448 0.038686 -1.265104
v -0.870448 0.038686 -1.468853
v -0.870448 -0.050646 -1.630750
v -0.870448 -0.144432 -1.689761
v -0.851612 -0.201331 -1.714918
v -0.788472 -0.346296 -1.731645
v -0.536786 -0.465558 1.578968
v -0.536786 -0.429986 1.578968
v -0.536786 -0.372630 1.578968
v -0.536786 -0.200379 1.566304
v -0.536786 -0.046745 1.464081
v -0.536786 0.027287 1.323663
v -0.536786 0.027287 1.119915
v -0.536786 -0.063949 0.971582
v -0.536786 -0.164098 0.899087
v -0.536786 -0.334162 0.860078
v -0.536786 -0.367911 0.860078
v -0.536786 -0.427184 0.834623
v -0.536786 -0.427184 -0.978316
v -0.536786 -0.334163 -0.977709
v -0.536786 -0.164098 -1.014400
v -0.536786 -0.039655 -1.104803
v -0.536786 0.038686 -1.265104
v -0.536786 0.038686 -1.468853
v -0.536786 -0.050646 -1.630750
v -0.536786 -0.144432 -1.689761
v -0.536786 -0.201331 -1.714918
v -0.536786 -0.346296 -1.731645
v 0.027819 0.067232 2.082311
v 0.268429 0.067796 2.066848
v 0.382036 0.067796 2.044217
v 0.027819 -0.063846 2.116416
v 0.322462 -0.063846 2.116416
v 0.027819 0.051222 1.991929
v 0.027819 -0.053558 1.991929
v 0.358454 0.051222 1.991929
v 0.310383 -0.053557 1.991929
v -0.212791 0.067796 2.066848
v -0.326398 0.067796 2.044217
v -0.266824 -0.063846 2.116416
v -0.302816 0.051222 1.991929
v -0.254745 -0.053557 1.991929
v 0.027819 -0.017914 2.090044
v 0.027819 -0.017914 2.090044
v 0.343067 -0.017914 2.090044
v 0.343067 -0.017914 2.090044
v 0.349084 -0.004129 1.991426
v 0.333765 -0.039472 1.991426
v 0.027819 -0.004129 1.991426
v 0.027819 -0.039472 1.991426
v 0.027819 0.020751 2.066788
v 0.027819 0.020751 2.066788
v 0.360833 0.020751 2.066788
v 0.360833 0.020751 2.066788
v 0.367634 0.036179 1.991426
v 0.353435 0.003643 1.991426
v 0.027819 0.036179 1.991426
v 0.027819 0.003643 1.991426
v -0.287429 -0.017914 2.090044
v -0.287429 -0.017914 2.090044
v -0.293446 -0.004129 1.991426
v -0.278127 -0.039472 1.991426
v -0.305195 0.020751 2.066788
v -0.305195 0.020751 2.066788
v -0.311996 0.036179 1.991426
v -0.297797 0.003643 1.991426
v 0.027819 -0.061447 -2.295649
v 0.027819 -0.061447 -2.252078
v 0.027819 -0.184429 -2.255507
v 0.201268 -0.061447 -2.295650
v 0.199889 -0.061447 -2.252078
v 0.201268 -0.184429 -2.253194
v 0.201268 -0.117073 -2.287180
v -0.145630 -0.061447 -2.295650
v -0.144251 -0.061447 -2.252078
v -0.145630 -0.184429 -2.253194
v -0.145630 -0.117073 -2.287180
v 0.530211 -0.307288 -2.193188
v 0.506611 -0.250310 -2.250944
v 0.553812 -0.250310 -2.250944
v 0.587189 -0.283686 -2.250944
v 0.587189 -0.330889 -2.250944
v 0.553812 -0.364265 -2.250944
v 0.506611 -0.364265 -2.250944
v 0.473234 -0.330889 -2.250944
v 0.473234 -0.283686 -2.250944
v 0.506611 -0.250310 -2.105415
v 0.553812 -0.250310 -2.105415
v 0.587189 -0.283686 -2.105415
v 0.587189 -0.330889 -2.105415
v 0.553812 -0.364265 -2.105415
v 0.506611 -0.364265 -2.105415
v 0.473234 -0.330889 -2.105415
v 0.473234 -0.283686 -2.105415
v 0.615765 -0.384090 -2.105859
v 0.443129 -0.225713 -2.105859
v 0.615765 -0.225713 -2.105859
v 0.669974 -0.272100 -2.105859
v 0.669974 -0.337702 -2.105859
v 0.443129 -0.384090 -2.105859
v 0.388920 -0.337702 -2.105859
v 0.388920 -0.272100 -2.105859
v 0.669974 -0.272100 -1.746680
v 0.669974 -0.337702 -1.746680
v 0.615765 -0.384090 -1.746680
v 0.443129 -0.384090 -1.746680
v 0.388920 -0.272100 -1.746680
v 0.388920 -0.337702 -1.746680
v 0.494040 -0.257600 2.085254
v 0.494040 -0.257600 2.085254
v 0.728717 -0.257600 1.970970
v 0.728717 -0.257600 1.970970
v 0.731408 -0.242171 1.899799
v 0.725618 -0.274707 1.899799
v 0.494040 -0.242171 2.003964
v 0.494040 -0.274707 2.003964
v -0.438402 -0.257600 2.085254
v -0.438402 -0.257600 2.085254
v -0.673079 -0.257600 1.970970
v -0.673079 -0.257600 1.970970
v -0.675770 -0.242171 1.899799
v -0.669980 -0.274707 1.899799
v -0.438402 -0.242171 2.003964
v -0.438402 -0.274707 2.003964
v 0.560006 -0.431158 2.032179
v 0.560006 -0.431158 2.032179
v 0.560006 -0.379906 1.996756
v 0.550542 -0.379906 1.957307
v 0.570499 -0.379906 1.957307
v 0.550542 -0.431158 1.957307
v 0.570499 -0.431158 1.957307
v -0.504368 -0.431158 2.032179
v -0.504368 -0.431158 2.032179
v -0.504368 -0.379906 1.996756
v -0.494904 -0.379906 1.957307
v -0.514861 -0.379906 1.957307
v -0.494904 -0.431158 1.957307
v -0.514861 -0.431158 1.957307
v 0.027819 -0.117658 2.177179
v 0.200441 -0.117657 2.177178
v 0.200441 -0.170142 2.192548
v 0.322462 -0.170114 2.183748
v 0.421319 -0.170114 2.154539
v 0.421319 -0.204789 2.139473
v 0.421319 -0.334473 2.086208
v 0.421319 -0.372629 2.071807
v 0.027819 -0.372629 2.071807
v 0.027819 -0.117658 2.018512
v 0.200441 -0.117657 2.018512
v 0.200441 -0.170142 2.018512
v 0.421319 -0.170114 2.018512
v 0.421319 -0.372629 2.018512
v 0.027819 -0.372629 2.018512
v -0.144803 -0.117657 2.177178
v -0.144803 -0.170142 2.192548
v -0.266824 -0.170114 2.183748
v -0.365681 -0.170114 2.154539
v -0.365681 -0.204789 2.139473
v -0.365681 -0.334473 2.086208
v -0.365681 -0.372629 2.071807
v -0.144803 -0.117657 2.018512
v -0.144803 -0.170142 2.018512
v -0.365681 -0.170114 2.018512
v -0.365681 -0.372629 2.018512
v 0.027819 -0.094670 2.170596
v 0.027819 -0.117658 2.177179
v -0.870448 -0.046745 1.464081
v -0.144803 -0.170142 2.192548
v -0.266824 -0.170114 2.183748
v -0.144803 -0.117657 2.177178
v -0.439859 -0.170114 2.132590
v -0.637712 -0.170114 2.050102
v -0.439859 -0.094642 2.101945
v -0.637712 -0.094642 2.015261
v -0.748254 -0.094642 1.935964
v -0.804693 -0.092305 1.845208
v -0.836964 -0.088356 1.721456
v -0.855864 -0.079053 1.574311
v -0.807121 -0.175621 1.864782
v -0.853749 -0.198599 1.616916
v -0.365681 -0.170114 2.154539
v -0.266824 -0.094670 2.170596
v -0.365681 -0.372629 2.071807
v -0.439859 -0.372629 2.049858
v -0.608276 -0.372630 1.967371
v -0.439859 -0.204789 2.102961
v -0.730662 -0.204789 1.955069
v -0.365681 -0.204789 2.139473
v -0.365681 -0.334473 2.086208
v -0.439859 -0.334473 2.064259
v -0.614388 -0.334473 1.981771
v -0.704780 -0.334473 1.916366
v -0.747188 -0.170114 1.984698
v -0.693898 -0.372630 1.901966
v -0.681783 -0.204789 1.988927
v -0.658885 -0.334473 1.949574
v -0.865003 -0.200379 1.566304
v -0.850557 -0.372630 1.578968
v -0.834463 -0.372630 1.616539
v -0.777657 -0.372630 1.797200
v -0.802516 -0.204789 1.839740
v 0.926086 -0.046745 1.464081
v 0.200441 -0.170142 2.192548
v 0.322462 -0.170114 2.183748
v 0.200441 -0.117657 2.177178
v 0.495497 -0.170114 2.132590
v 0.693350 -0.170114 2.050102
v 0.495497 -0.094642 2.101945
v 0.693350 -0.094642 2.015261
v 0.803892 -0.094642 1.935964
v 0.860331 -0.092305 1.845208
v 0.892602 -0.088356 1.721456
v 0.911502 -0.079053 1.574311
v 0.862759 -0.175621 1.864782
v 0.909387 -0.198599 1.616916
v 0.421319 -0.170114 2.154539
v 0.322462 -0.094670 2.170596
v 0.421319 -0.372629 2.071807
v 0.495497 -0.372629 2.049858
v 0.663914 -0.372630 1.967371
v 0.495497 -0.204789 2.102961
v 0.786300 -0.204789 1.955069
v 0.421319 -0.204789 2.139473
v 0.421319 -0.334473 2.086208
v 0.495497 -0.334473 2.064259
v 0.670026 -0.334473 1.981771
v 0.760418 -0.334473 1.916366
v 0.802826 -0.170114 1.984698
v 0.749536 -0.372630 1.901966
v 0.737421 -0.204789 1.988927
v 0.714523 -0.334473 1.949574
v 0.920641 -0.200379 1.566304
v 0.906195 -0.372630 1.578968
v 0.890101 -0.372630 1.616539
v 0.833295 -0.372630 1.797200
v 0.858154 -0.204789 1.839740
v -0.681783 -0.204789 1.988927
v -0.658885 -0.334473 1.949574
v -0.493954 -0.204789 1.979567
v -0.681783 -0.204789 1.895041
v -0.658885 -0.334473 1.909603
v -0.493954 -0.334473 1.994128
v 0.737421 -0.204789 1.988927
v 0.714523 -0.334473 1.949574
v 0.549592 -0.204789 1.979567
v 0.737421 -0.204789 1.895041
v 0.714523 -0.334473 1.909603
v 0.549592 -0.334473 1.994128
v -0.493954 -0.204789 1.979567
v -0.681783 -0.204789 1.895041
v -0.658885 -0.334473 1.909603
v -0.493954 -0.334473 1.994128
v 0.549592 -0.204789 1.979567
v 0.737421 -0.204789 1.895041
v 0.714523 -0.334473 1.909603
v 0.549592 -0.334473 1.994128
v 0.027819 -0.063846 2.116416
v 0.027819 -0.094670 2.170596
v -0.870448 -0.046745 1.464081
v -0.825432 -0.058291 1.732700
v -0.852888 -0.046745 1.524844
v -0.266824 -0.063846 2.116416
v -0.439859 -0.063846 2.065258
v -0.637712 -0.063846 1.974312
v -0.744923 -0.063847 1.894886
v -0.798661 -0.063846 1.825478
v -0.439859 -0.094642 2.101945
v -0.637712 -0.094642 2.015261
v -0.748254 -0.094642 1.935964
v -0.804693 -0.092305 1.845208
v -0.836964 -0.088356 1.721456
v -0.855864 -0.079053 1.574311
v -0.266824 -0.094670 2.170596
v 0.926086 -0.046745 1.464081
v 0.881070 -0.058291 1.732700
v 0.908526 -0.046745 1.524844
v 0.322462 -0.063846 2.116416
v 0.495497 -0.063846 2.065258
v 0.693350 -0.063846 1.974312
v 0.800561 -0.063847 1.894886
v 0.854299 -0.063846 1.825478
v 0.495497 -0.094642 2.101945
v 0.693350 -0.094642 2.015261
v 0.803892 -0.094642 1.935964
v 0.860331 -0.092305 1.845208
v 0.892602 -0.088356 1.721456
v 0.911502 -0.079053 1.574311
v 0.322462 -0.094670 2.170596
v -0.439859 -0.334473 2.064259
v -0.614388 -0.334473 1.981771
v -0.658885 -0.334473 1.949574
v -0.658885 -0.334473 1.909603
v 0.495497 -0.334473 2.064259
v -0.631450 -0.204789 2.020474
v -0.614388 -0.334473 1.981771
v -0.681783 -0.204789 1.988927
v -0.493954 -0.204789 1.979567
v -0.681783 -0.204789 1.895041
v -0.658885 -0.334473 1.909603
v -0.493954 -0.334473 1.994128
v 0.687088 -0.204789 2.020474
v 0.670026 -0.334473 1.981771
v 0.737421 -0.204789 1.988927
v 0.714523 -0.334473 1.949574
v 0.549592 -0.204789 1.979567
v 0.737421 -0.204789 1.895041
v 0.714523 -0.334473 1.909603
v 0.549592 -0.334473 1.994128
v -0.439859 -0.170114 2.132590
v -0.637712 -0.170114 2.050102
v -0.807121 -0.175621 1.864782
v -0.365681 -0.170114 2.154539
v -0.631450 -0.204789 2.020474
v -0.730662 -0.204789 1.955069
v -0.747188 -0.170114 1.984698
v -0.681783 -0.204789 1.988927
v -0.802516 -0.204789 1.839740
v 0.495497 -0.170114 2.132590
v 0.693350 -0.170114 2.050102
v 0.862759 -0.175621 1.864782
v 0.421319 -0.170114 2.154539
v 0.687088 -0.204789 2.020474
v 0.786300 -0.204789 1.955069
v 0.802826 -0.170114 1.984698
v 0.737421 -0.204789 1.988927
v 0.858154 -0.204789 1.839740
v 0.027819 -0.372629 2.071807
v 0.027819 -0.429986 2.112757
v 0.027819 -0.381109 2.075302
v -0.365681 -0.372629 2.071807
v -0.439859 -0.372629 2.049858
v -0.608276 -0.372630 1.967371
v -0.365681 -0.429986 2.112757
v -0.365681 -0.381109 2.071807
v -0.439859 -0.381109 2.049858
v -0.608276 -0.381109 1.967371
v -0.693898 -0.372630 1.901966
v -0.608276 -0.429986 2.021989
v -0.777657 -0.372630 1.797200
v -0.702041 -0.429986 1.940942
v 0.421319 -0.372629 2.071807
v 0.495497 -0.372629 2.049858
v 0.663914 -0.372630 1.967371
v 0.421319 -0.429986 2.112757
v 0.421319 -0.381109 2.071807
v 0.495497 -0.381109 2.049858
v 0.663914 -0.381109 1.967371
v 0.749536 -0.372630 1.901966
v 0.663914 -0.429986 2.021989
v 0.833295 -0.372630 1.797200
v 0.757679 -0.429986 1.940942
v 0.663914 -0.381109 1.967371
v 0.663914 -0.429986 2.021989
v 0.467962 -0.381109 2.019968
v 0.467962 -0.429986 2.019968
v 0.645066 -0.381109 1.915533
v 0.645066 -0.429986 1.915533
v -0.608276 -0.381109 1.967371
v -0.608276 -0.429986 2.021989
v -0.412324 -0.381109 2.019968
v -0.412324 -0.429986 2.019968
v -0.589428 -0.381109 1.915533
v -0.589428 -0.429986 1.915533
v 0.027819 -0.429986 2.112757
v 0.027819 -0.465558 2.112757
v -0.850557 -0.372630 1.578968
v -0.834463 -0.372630 1.616539
v -0.836364 -0.429986 1.578968
v -0.827343 -0.465558 1.578968
v -0.365681 -0.429986 2.112757
v -0.365681 -0.465558 2.112757
v -0.439859 -0.429986 2.093042
v -0.439859 -0.465558 2.093042
v -0.608276 -0.429986 2.021989
v -0.608276 -0.465558 2.021989
v -0.777657 -0.429986 1.816241
v -0.771065 -0.465558 1.816241
v -0.777657 -0.372630 1.797200
v -0.827116 -0.429986 1.616539
v -0.818095 -0.465558 1.616539
v -0.702041 -0.429986 1.940942
v -0.702041 -0.465558 1.940942
v 0.906195 -0.372630 1.578968
v 0.890101 -0.372630 1.616539
v 0.892002 -0.429986 1.578968
v 0.882981 -0.465558 1.578968
v 0.421319 -0.429986 2.112757
v 0.421319 -0.465558 2.112757
v 0.495497 -0.429986 2.093042
v 0.495497 -0.465558 2.093042
v 0.663914 -0.429986 2.021989
v 0.663914 -0.465558 2.021989
v 0.833295 -0.429986 1.816241
v 0.826703 -0.465558 1.816241
v 0.833295 -0.372630 1.797200
v 0.882754 -0.429986 1.616539
v 0.873733 -0.465558 1.616539
v 0.757679 -0.429986 1.940942
v 0.757679 -0.465558 1.940942
v 0.467962 -0.381109 2.019968
v 0.467962 -0.429986 2.019968
v 0.645066 -0.381109 1.915533
v 0.645066 -0.429986 1.915533
v -0.412324 -0.381109 2.019968
v -0.412324 -0.429986 2.019968
v -0.589428 -0.381109 1.915533
v -0.589428 -0.429986 1.915533
v -0.365681 -0.429986 2.112757
v -0.365681 -0.381109 2.071807
v 0.421319 -0.429986 2.112757
v 0.421319 -0.381109 2.071807
v 0.495497 -0.381109 2.049858
v 0.663914 -0.381109 1.967371
v 0.495497 -0.429986 2.093042
v 0.663914 -0.429986 2.021989
v 0.467962 -0.381109 2.019968
v 0.467962 -0.429986 2.019968
v 0.645066 -0.381109 1.915533
v 0.645066 -0.429986 1.915533
v -0.439859 -0.381109 2.049858
v -0.608276 -0.381109 1.967371
v -0.439859 -0.429986 2.093042
v -0.608276 -0.429986 2.021989
v -0.412324 -0.381109 2.019968
v -0.412324 -0.429986 2.019968
v -0.589428 -0.381109 1.915533
v -0.589428 -0.429986 1.915533
v 0.421319 -0.465558 2.112757
v 0.495497 -0.465558 2.093042
v 0.663914 -0.465558 2.021989
v 0.757679 -0.465558 1.940942
v 0.826703 -0.465558 1.816241
v 0.873733 -0.465558 1.616539
v 0.882981 -0.465558 1.578968
v 0.027819 -0.465558 2.112757
v 0.027819 -0.465558 1.578968
v 0.592424 -0.465558 1.578968
v -0.365681 -0.465558 2.112757
v -0.439859 -0.465558 2.093042
v -0.608276 -0.465558 2.021989
v -0.702041 -0.465558 1.940942
v -0.771065 -0.465558 1.816241
v -0.818095 -0.465558 1.616539
v -0.827343 -0.465558 1.578968
v -0.536786 -0.465558 1.578968
v -0.287245 0.195710 -2.234561
v -0.287245 0.130944 -2.234561
v -0.192381 0.195710 -2.242861
v -0.192381 0.130944 -2.242861
v -0.030035 -0.170314 -0.095897
v -0.030035 -0.217344 0.024226
v -0.057114 -0.170314 -0.095897
v -0.057114 -0.217344 0.024226
v -0.057114 -0.126128 0.069009
v -0.057114 -0.152284 0.076017
v -0.030035 -0.126128 0.069009
v -0.030035 -0.152284 0.076017
v -0.057114 -0.095034 0.185049
v -0.057114 -0.121191 0.192058
v -0.030035 -0.095034 0.185049
v -0.030035 -0.121191 0.192058
v -0.057114 -0.126128 0.069009
v -0.057114 -0.152284 0.076017
v -0.030035 -0.126128 0.069009
v -0.030035 -0.152284 0.076017
v -0.343438 0.284390 0.400624
v -0.343438 0.299464 0.391484
v -0.343438 0.314160 0.399970
v -0.343438 0.313782 0.417594
v -0.343438 0.218928 0.581885
v -0.343438 0.251321 0.457901
v -0.578715 0.166957 0.332824
v -0.592482 0.174685 0.319442
v -0.637078 0.174685 0.319442
v -0.651696 0.166957 0.332824
v -0.533837 0.253832 0.382981
v -0.544309 0.266099 0.372222
v -0.575098 0.275952 0.377910
v -0.586923 0.272000 0.393472
v -0.489063 0.284390 0.400625
v -0.491806 0.299464 0.391484
v -0.497292 0.314160 0.399970
v -0.500035 0.313782 0.417594
v -0.651696 0.100356 0.448182
v -0.500035 0.218928 0.581885
v -0.489063 0.251321 0.457901
v -0.533837 0.220763 0.440259
v -0.578715 0.133888 0.390102
v -0.651696 0.133888 0.390102
v -0.586923 0.194659 0.527432
v -0.343438 0.251321 0.457901
v -0.489063 0.251321 0.457901
v -0.533837 0.220763 0.440259
v -0.578715 0.133888 0.390102
v -0.343438 0.133889 0.390102
v -0.108150 0.166957 0.332824
v -0.094392 0.174685 0.319442
v -0.049796 0.174685 0.319442
v -0.035179 0.166958 0.332824
v -0.153038 0.253832 0.382982
v -0.142566 0.266099 0.372222
v -0.111776 0.275952 0.377910
v -0.099951 0.272000 0.393472
v -0.197812 0.284390 0.400624
v -0.195069 0.299464 0.391484
v -0.189583 0.314160 0.399970
v -0.186839 0.313781 0.417595
v -0.035178 0.100356 0.448182
v -0.186839 0.218928 0.581885
v -0.197812 0.251321 0.457901
v -0.153037 0.220763 0.440259
v -0.108150 0.133888 0.390102
v -0.035178 0.133888 0.390102
v -0.099951 0.194659 0.527432
v -0.197812 0.251321 0.457901
v -0.153037 0.220763 0.440259
v -0.108150 0.133888 0.390102
v -0.108150 0.028242 0.329106
v -0.343438 0.028242 0.329106
v -0.651696 0.028242 0.329106
v -0.108150 0.133888 0.390102
v -0.343438 0.133889 0.390102
v -0.651696 0.133888 0.390102
v -0.578715 0.133888 0.390102
v -0.651696 0.100356 0.448182
v -0.651696 -0.040463 0.448108
v -0.343438 -0.040381 0.447965
v -0.108150 -0.040463 0.448108
v -0.108150 0.100356 0.448182
v -0.108150 0.133888 0.390102
v -0.108150 0.100356 0.448182
v -0.035162 0.100356 0.448182
v -0.035161 0.133888 0.390102
v -0.668012 0.210974 0.298416
v -0.668012 0.187264 0.300909
v -0.668012 0.182308 0.324227
v -0.668012 0.202953 0.336146
v -0.668012 0.220670 0.320194
v -0.581017 0.187264 0.300909
v -0.581017 0.182308 0.324227
v -0.581017 0.202953 0.336146
v -0.581017 0.220670 0.320194
v -0.581017 0.210974 0.298416
v -0.018863 0.210974 0.298416
v -0.018863 0.187264 0.300909
v -0.018863 0.182308 0.324227
v -0.018863 0.202953 0.336146
v -0.018863 0.220670 0.320194
v -0.105857 0.187264 0.300909
v -0.105857 0.182308 0.324227
v -0.105857 0.202953 0.336146
v -0.105857 0.220670 0.320194
v -0.105857 0.210974 0.298416
v 0.647166 0.107636 0.450426
v 0.501755 0.107636 0.450426
v 0.647166 0.167085 0.500309
v 0.501755 0.167085 0.500309
v -0.029859 0.107636 0.450425
v -0.029859 0.167085 0.500309
v 0.113312 0.107636 0.450426
v 0.113312 0.167085 0.500309
v 0.233958 0.107636 0.450426
v 0.233958 0.167085 0.500309
v 0.113312 0.107636 0.450426
v 0.113312 0.167085 0.500309
v -0.086648 -0.165079 0.650634
v 0.142286 -0.165079 0.650634
v 0.142286 -0.128939 -0.482667
v 0.142286 -0.379932 -0.482667
v -0.086648 -0.128939 -0.482667
v -0.086648 -0.379932 -0.482667
v -0.066885 -0.250627 0.119931
v -0.066885 -0.379932 0.119931
v 0.122523 -0.250627 0.119931
v 0.122523 -0.379932 0.119931
v -0.086648 -0.250627 0.292731
v -0.086648 -0.379932 0.292731
v 0.142286 -0.250627 0.292731
v 0.142286 -0.379932 0.292731
v 0.142286 -0.128939 -0.192462
v 0.142286 -0.379932 -0.192462
v -0.086648 -0.128939 -0.192462
v -0.086648 -0.379932 -0.192462
v -0.086648 0.079054 0.423752
v 0.142286 0.079054 0.423752
v -0.086648 0.079054 0.448962
v -0.086648 -0.379932 0.590949
v 0.142286 0.079054 0.448962
v 0.142286 -0.379932 0.590949
v 0.379041 0.058374 2.033792
v 0.511728 0.064719 1.979800
v 0.703193 0.064719 1.883923
v 0.691829 -0.050720 1.948678
v 0.511728 -0.050720 2.037511
v 0.328166 -0.050720 2.095063
v 0.382036 0.067796 2.044217
v 0.526510 0.075276 1.982792
v 0.707642 0.075276 1.893757
v 0.693350 -0.063846 1.974312
v 0.495497 -0.063846 2.065258
v 0.322462 -0.063846 2.116416
v 0.379041 0.058374 2.033792
v 0.511728 0.064719 1.979800
v 0.703193 0.064719 1.883923
v 0.691829 -0.050720 1.948678
v 0.511728 -0.050720 2.037511
v 0.328166 -0.050720 2.095063
v -0.323403 0.058374 2.033792
v -0.456090 0.064719 1.979800
v -0.647555 0.064719 1.883923
v -0.636191 -0.050720 1.948678
v -0.456090 -0.050720 2.037511
v -0.272528 -0.050720 2.095063
v -0.326398 0.067796 2.044217
v -0.470872 0.075276 1.982792
v -0.652004 0.075276 1.893757
v -0.637712 -0.063846 1.974312
v -0.439859 -0.063846 2.065258
v -0.266824 -0.063846 2.116416
v -0.323403 0.058374 2.033792
v -0.456090 0.064719 1.979800
v -0.647555 0.064719 1.883923
v -0.636191 -0.050720 1.948678
v -0.456090 -0.050720 2.037511
v -0.272528 -0.050720 2.095063
v 0.707642 0.075276 1.893757
v 0.854299 -0.063846 1.825478
v 0.800561 -0.063847 1.894886
v 0.693350 -0.063846 1.974312
v 0.722621 0.071931 1.858794
v 0.849474 0.009577 1.739796
v 0.708329 -0.063846 1.936923
v 0.881070 -0.058291 1.732700
v -0.652004 0.075276 1.893757
v -0.798661 -0.063846 1.825478
v -0.744923 -0.063847 1.894886
v -0.637712 -0.063846 1.974312
v -0.666983 0.071931 1.858794
v -0.793836 0.009577 1.739796
v -0.652691 -0.063846 1.936923
v -0.825432 -0.058291 1.732700
v -0.081079 0.585722 0.167231
v -0.099922 0.518062 0.167231
v 0.136716 0.585722 0.167231
v 0.155560 0.518062 0.167231
v 0.136716 0.585722 0.155098
v 0.155560 0.518062 0.155098
v -0.081079 0.585722 0.155098
v -0.099922 0.518062 0.155098
v 0.136716 0.585722 0.155098
v 0.155560 0.518062 0.155098
v -0.081079 0.585722 0.155098
v -0.099922 0.518062 0.155098
v 0.013938 0.615385 0.093359
v 0.023850 0.585519 0.164790
v 0.041700 0.615385 0.093359
v 0.031788 0.585519 0.164790
v 0.041700 0.608880 0.058665
v 0.031788 0.585519 0.156850
v 0.013938 0.608880 0.058665
v 0.023850 0.585519 0.156850
v 0.989215 0.371189 0.298072
v 0.989215 0.287924 0.298072
v 0.989215 0.371189 0.257283
v 0.989215 0.287924 0.257283
v 0.781478 0.371189 0.311852
v 0.781478 0.278489 0.311852
v 0.805581 0.393062 0.399322
v 0.805581 0.255391 0.399322
v 0.805581 0.393062 0.305521
v 0.805581 0.255391 0.305521
v 0.961563 0.393062 0.313318
v 0.961563 0.271496 0.313318
v 0.961563 0.371189 0.330260
v 0.961564 0.393062 0.264547
v 0.961563 0.287924 0.330260
v 0.961564 0.271496 0.264547
v 0.781478 0.371189 0.438668
v 0.781478 0.278489 0.438668
v 0.989215 0.371189 0.257283
v 0.989215 0.287924 0.257283
v 0.781478 0.371189 0.311852
v 0.781478 0.278489 0.311852
v 0.805581 0.393062 0.305521
v 0.805581 0.255391 0.305521
v 0.961564 0.393062 0.264547
v 0.961564 0.271496 0.264547
v -0.933577 0.371189 0.298072
v -0.933577 0.287924 0.298072
v -0.933577 0.371189 0.257283
v -0.933577 0.287924 0.257283
v -0.725840 0.371189 0.311852
v -0.725840 0.278489 0.311852
v -0.749943 0.393062 0.399322
v -0.749943 0.255391 0.399322
v -0.749943 0.393062 0.305521
v -0.749943 0.255391 0.305521
v -0.905925 0.393062 0.313318
v -0.905925 0.271496 0.313318
v -0.905925 0.371189 0.330260
v -0.905926 0.393062 0.264547
v -0.905925 0.287924 0.330260
v -0.905926 0.271496 0.264547
v -0.725840 0.371189 0.438668
v -0.725840 0.278489 0.438668
v -0.933577 0.371189 0.257283
v -0.933577 0.287924 0.257283
v -0.725840 0.371189 0.311852
v -0.725840 0.278489 0.311852
v -0.749943 0.393062 0.305521
v -0.749943 0.255391 0.305521
v -0.905926 0.393062 0.264547
v -0.905926 0.271496 0.264547
v 0.753110 0.318521 0.445117
v 0.779537 0.253622 0.540902
v 0.842971 0.318521 0.362875
v 0.842971 0.264030 0.362875
v 0.752277 0.318521 0.372874
v 0.777875 0.253622 0.372874
v -0.697472 0.318521 0.445117
v -0.723899 0.253622 0.540902
v -0.787333 0.318521 0.362875
v -0.787333 0.264030 0.362875
v -0.696639 0.318521 0.372874
v -0.722237 0.253622 0.372874
v 0.702429 0.379496 0.369660
v 0.757868 0.242762 0.566470
v 0.728819 0.379496 0.369660
v 0.785699 0.242762 0.566470
v 0.783620 0.243449 0.369660
v 0.754370 0.243449 0.369660
v -0.646791 0.379496 0.369660
v -0.702230 0.242762 0.566470
v -0.673181 0.379496 0.369660
v -0.730061 0.242762 0.566470
v -0.727982 0.243449 0.369660
v -0.698732 0.243449 0.369660
v -0.290876 0.185108 0.418371
v -0.279335 0.185108 0.418371
v -0.290876 0.195103 0.424141
v -0.279335 0.195103 0.424141
v -0.407592 0.185108 0.418371
v -0.396051 0.185108 0.418371
v -0.407592 0.195103 0.424141
v -0.396051 0.195103 0.424141
v 0.747132 0.255378 0.645680
v 0.655962 0.452947 0.333359
v 0.560196 0.609449 0.068913
v 0.607975 0.595488 0.003866
v 0.707661 0.430722 0.292804
v 0.784652 0.242931 0.566352
v 0.761077 0.282342 -0.625217
v 0.687940 0.460810 -0.560658
v 0.563948 0.636523 -0.489442
v 0.563948 0.636523 -0.538442
v 0.681349 0.460810 -0.611132
v 0.759798 0.282777 -0.671327
v 0.754873 0.286189 -1.143282
v 0.684960 0.450863 -0.968428
v 0.563948 0.636523 -0.755277
v 0.523416 0.625692 -0.992935
v 0.629330 0.468595 -1.233045
v 0.695986 0.321920 -1.478114
v 0.721009 0.255378 0.645680
v 0.630951 0.452947 0.333359
v 0.535185 0.609449 0.068913
v 0.582964 0.595488 0.003866
v 0.682650 0.430722 0.292804
v 0.758219 0.242931 0.566352
v 0.734671 0.282342 -0.625217
v 0.662929 0.460810 -0.560658
v 0.538937 0.636523 -0.489442
v 0.538937 0.636523 -0.538442
v 0.656338 0.460810 -0.611132
v 0.730240 0.282777 -0.671327
v 0.725374 0.286189 -1.143909
v 0.659950 0.450863 -0.968428
v 0.538937 0.636523 -0.755277
v 0.498405 0.625692 -0.961532
v 0.604319 0.468595 -1.201641
v 0.673220 0.310519 -1.372083
v 0.027819 0.629967 0.173780
v 0.294686 0.625514 0.149392
v 0.580476 0.627404 -0.098753
v 0.027819 0.648525 -1.023402
v 0.278729 0.646397 -1.013258
v 0.027819 0.627404 -0.098753
v 0.027819 0.636523 -0.489461
v 0.027819 0.636523 -0.755277
v 0.027819 0.595488 0.003866
v -0.691494 0.255378 0.645680
v -0.600324 0.452947 0.333359
v -0.504558 0.609449 0.068913
v -0.552337 0.595488 0.003866
v -0.652023 0.430722 0.292804
v -0.729014 0.242931 0.566352
v -0.705439 0.282342 -0.625217
v -0.632302 0.460810 -0.560658
v -0.508310 0.636523 -0.489442
v -0.508310 0.636523 -0.538442
v -0.625711 0.460810 -0.611132
v -0.704160 0.282777 -0.671327
v -0.699235 0.286189 -1.143282
v -0.629322 0.450863 -0.968428
v -0.508310 0.636523 -0.755277
v -0.467778 0.625692 -0.992935
v -0.573692 0.468595 -1.233045
v -0.640348 0.321920 -1.478114
v -0.665371 0.255378 0.645680
v -0.575313 0.452947 0.333359
v -0.479547 0.609449 0.068913
v -0.527326 0.595488 0.003866
v -0.627012 0.430722 0.292804
v -0.702581 0.242931 0.566352
v -0.679033 0.282342 -0.625217
v -0.607291 0.460810 -0.560658
v -0.483299 0.636523 -0.489442
v -0.483299 0.636523 -0.538442
v -0.600700 0.460810 -0.611132
v -0.674602 0.282777 -0.671327
v -0.669736 0.286189 -1.143909
v -0.604312 0.450863 -0.968428
v -0.483299 0.636523 -0.755277
v -0.442767 0.625692 -0.961532
v -0.548681 0.468595 -1.201641
v -0.617582 0.310519 -1.372083
v -0.239048 0.625514 0.149392
v -0.524838 0.627404 -0.098753
v -0.223091 0.646397 -1.013258
v 0.027819 0.294850 0.870022
v 0.027819 -0.368632 0.577278
v 0.027819 0.100382 0.447005
v 0.027819 0.213997 0.542127
v 0.027819 -0.162613 0.642492
v 0.027819 -0.042898 0.447005
v 0.027819 -0.334162 0.598595
v 0.348172 0.285730 0.840385
v 0.571082 0.274782 0.788501
v 0.722329 0.259274 0.701322
v 0.747132 0.255378 0.645680
v 0.707758 -0.042898 0.447005
v 0.666395 -0.368632 0.577278
v 0.758219 0.242931 0.566352
v 0.721009 0.255378 0.645680
v 0.707758 0.100382 0.447005
v 0.584603 0.213997 0.542127
v 0.707758 -0.162613 0.642492
v 0.707758 -0.334162 0.598595
v -0.292534 0.285730 0.840385
v -0.515444 0.274782 0.788501
v -0.666691 0.259274 0.701322
v -0.691494 0.255378 0.645680
v -0.652120 -0.042898 0.447005
v -0.610757 -0.368632 0.577278
v -0.702581 0.242931 0.566352
v -0.665371 0.255378 0.645680
v -0.652120 0.100382 0.447005
v -0.528965 0.213997 0.542127
v -0.652120 -0.162613 0.642492
v -0.652120 -0.334162 0.598595
v 0.027819 -0.368632 -0.550944
v 0.027819 -0.368632 0.577278
v 0.027819 -0.368632 -0.792996
v 0.027819 0.307102 -1.340298
v 0.027819 0.350417 -1.693261
v 0.759798 0.282777 -0.671327
v 0.754873 0.286189 -1.143282
v 0.666395 -0.368632 -0.550944
v 0.707758 -0.042898 -0.664832
v 0.776042 -0.042898 -0.664832
v 0.775372 0.166077 -0.657982
v 0.666395 -0.368632 0.577278
v 0.734671 0.282342 -0.625217
v 0.666395 -0.368632 -0.792996
v 0.666395 0.307102 -1.340298
v 0.695986 0.321920 -1.478114
v 0.525980 0.333318 -1.619855
v 0.248483 0.344717 -1.682318
v 0.200579 0.307102 -1.340298
v 0.518910 0.307102 -1.340298
v 0.666395 0.307102 -1.176781
v 0.666395 -0.141095 -0.949694
v 0.666395 -0.141095 -0.654971
v 0.725374 0.286189 -1.143909
v 0.730240 0.282777 -0.671327
v 0.707758 -0.334163 -0.565669
v 0.707758 -0.334162 0.598595
v 0.666395 -0.255990 -0.654971
v 0.673220 0.310519 -1.372083
v 0.648441 0.326760 -1.541734
v -0.704160 0.282777 -0.671327
v -0.699235 0.286189 -1.143282
v -0.610757 -0.368632 -0.550944
v -0.652120 -0.042898 -0.664832
v -0.720404 -0.042898 -0.664832
v -0.719734 0.166077 -0.657982
v -0.610757 -0.368632 0.577278
v -0.679033 0.282342 -0.625217
v -0.610757 -0.368632 -0.792996
v -0.610757 0.307102 -1.340298
v -0.640348 0.321920 -1.478114
v -0.470342 0.333318 -1.619855
v -0.192845 0.344717 -1.682318
v -0.144941 0.307102 -1.340298
v -0.463272 0.307102 -1.340298
v -0.610757 0.307102 -1.176781
v -0.610757 -0.141095 -0.949694
v -0.610757 -0.141095 -0.654971
v -0.669736 0.286189 -1.143909
v -0.674602 0.282777 -0.671327
v -0.652120 -0.334163 -0.565669
v -0.652120 -0.334162 0.598595
v -0.610757 -0.255990 -0.654971
v -0.617582 0.310519 -1.372083
v -0.592803 0.326760 -1.541734
v 0.784652 0.242931 0.566352
v 0.761077 0.282342 -0.625217
v 0.707758 -0.042898 -0.664832
v 0.776042 -0.042898 -0.664832
v 0.775372 0.166077 -0.657982
v 0.775838 0.100382 0.447005
v 0.776042 -0.042898 0.447005
v 0.707758 -0.042898 0.447005
v 0.734671 0.282342 -0.625217
v 0.758219 0.242931 0.566352
v 0.707758 -0.334163 -0.565669
v 0.707758 -0.334162 0.598595
v 0.707758 -0.042898 -0.664832
v 0.776042 -0.042898 -0.664832
v 0.776042 -0.042898 0.447005
v 0.707758 -0.042898 0.447005
v 0.775838 0.100382 0.447005
v 0.776042 -0.042898 0.447005
v 0.707758 -0.042898 0.447005
v 0.758219 0.242931 0.566352
v 0.707758 0.100382 0.447005
v -0.729014 0.242931 0.566352
v -0.705439 0.282342 -0.625217
v -0.652120 -0.042898 -0.664832
v -0.720404 -0.042898 -0.664832
v -0.719734 0.166077 -0.657982
v -0.720200 0.100382 0.447005
v -0.720404 -0.042898 0.447005
v -0.652120 -0.042898 0.447005
v -0.679033 0.282342 -0.625217
v -0.702581 0.242931 0.566352
v -0.652120 -0.334163 -0.565669
v -0.652120 -0.334162 0.598595
v -0.652120 -0.042898 -0.664832
v -0.720404 -0.042898 -0.664832
v -0.720404 -0.042898 0.447005
v -0.652120 -0.042898 0.447005
v -0.720200 0.100382 0.447005
v -0.720404 -0.042898 0.447005
v -0.652120 -0.042898 0.447005
v -0.702581 0.242931 0.566352
v -0.652120 0.100382 0.447005
v -0.142775 -0.122241 2.161212
v -0.142775 -0.289812 2.100221
v 0.198413 -0.122241 2.161212
v 0.198413 -0.289812 2.100221
v 0.198413 -0.119374 2.153333
v 0.198413 -0.286944 2.092343
v -0.142775 -0.119374 2.153333
v -0.142775 -0.286944 2.092343
v 0.198413 -0.060683 -2.260449
v 0.198413 -0.236299 -2.291414
v -0.142775 -0.060683 -2.260449
v -0.142775 -0.236299 -2.291414
v -0.142775 -0.062139 -2.252192
v -0.142775 -0.237755 -2.283157
v 0.198413 -0.062139 -2.252192
v 0.198413 -0.237755 -2.283157
v 0.610640 0.257253 -2.176170
v 0.459225 0.257253 -2.191905
v 0.610640 0.228107 -2.195851
v 0.459225 0.228107 -2.211586
v -0.039310 -0.241980 -0.480795
v -0.080536 -0.371579 -0.480795
v 0.094948 -0.241980 -0.480795
v 0.136174 -0.371579 -0.480795
v 0.094948 -0.241980 -0.656004
v 0.136174 -0.371579 -0.798998
v -0.039310 -0.241980 -0.656004
v -0.080536 -0.371579 -0.798998
v -0.161615 -0.317663 0.450435
v -0.161615 -0.381640 0.450435
v -0.202247 -0.317663 0.450435
v -0.202247 -0.381640 0.450435
v -0.202247 -0.182752 0.590284
v -0.202247 -0.381640 0.590284
v -0.131192 -0.182752 0.590284
v -0.131192 -0.381640 0.590284
v -0.547200 -0.180224 0.568713
v -0.581507 -0.184443 0.564494
v -0.583369 -0.315301 0.433635
v -0.540151 -0.213624 0.535313
v -0.594651 -0.213624 0.535313
v -0.524336 -0.307309 0.441628
v -0.540151 -0.280775 0.468161
v -0.594651 -0.280775 0.468161
v -0.594651 -0.307309 0.441628
v -0.530224 -0.315301 0.433635
v -0.242022 -0.236341 0.513750
v -0.242022 -0.242899 0.520308
v -0.307609 -0.236341 0.513750
v -0.307609 -0.242899 0.520308
v -0.307609 -0.184936 0.565155
v -0.307609 -0.191494 0.571712
v -0.242022 -0.184936 0.565155
v -0.242022 -0.191494 0.571712
v -0.399733 -0.236341 0.513750
v -0.399733 -0.242899 0.520308
v -0.465321 -0.236341 0.513750
v -0.465321 -0.242899 0.520308
v -0.465321 -0.184936 0.565155
v -0.465321 -0.191494 0.571712
v -0.399733 -0.184936 0.565155
v -0.399733 -0.191494 0.571712
v -0.547200 -0.180224 0.568713
v -0.581507 -0.184443 0.564494
v -0.583369 -0.315301 0.433635
v -0.540151 -0.213624 0.535313
v -0.594651 -0.213624 0.535313
v -0.524336 -0.307309 0.441628
v -0.540151 -0.280775 0.468161
v -0.594651 -0.280775 0.468161
v -0.594651 -0.307309 0.441628
v -0.530224 -0.315301 0.433635
v 0.843291 -0.121696 -2.092580
v 0.843291 0.028935 -2.118711
v 0.843291 0.005593 -2.121065
v 0.805403 0.005593 -2.209006
v 0.027819 0.005565 -2.301714
v 0.239874 0.005565 -2.301714
v 0.450411 0.005593 -2.285803
v 0.641882 0.005593 -2.263803
v 0.746007 0.005593 -2.243423
v 0.805403 -0.117084 -2.197905
v 0.746007 -0.117084 -2.232322
v 0.641882 -0.117084 -2.252701
v 0.450411 -0.117084 -2.274701
v 0.285304 -0.061447 -2.295650
v 0.027819 -0.061447 -2.295649
v 0.285304 -0.117106 -2.287181
v 0.785839 -0.206198 -2.079257
v 0.794366 -0.231113 -2.075556
v 0.758839 -0.287067 -2.068449
v 0.027819 -0.199289 -2.247747
v 0.285304 -0.199282 -2.244317
v 0.450411 -0.199260 -2.231837
v 0.567272 -0.199260 -2.209837
v 0.671397 -0.199260 -2.189457
v 0.730793 -0.199260 -2.155041
v 0.027819 -0.233927 -2.280609
v 0.285304 -0.233921 -2.277178
v 0.450411 -0.233898 -2.264699
v 0.580595 -0.233898 -2.242699
v 0.684720 -0.233898 -2.222319
v 0.744116 -0.233898 -2.187903
v 0.027819 -0.184429 -2.255507
v 0.285304 -0.184429 -2.252078
v 0.027819 -0.279223 -2.247747
v 0.285304 -0.279217 -2.244317
v 0.450411 -0.279194 -2.231837
v 0.567272 -0.279194 -2.209837
v 0.671397 -0.279194 -2.189457
v 0.730793 -0.279194 -2.155041
v 0.782450 0.028935 -2.188378
v 0.027819 0.028935 -2.240979
v 0.450411 0.028935 -2.222432
v 0.239874 0.028935 -2.240979
v 0.639551 0.028935 -2.203034
v 0.805403 0.005593 -2.209006
v 0.027819 0.005565 -2.301714
v 0.239874 0.005565 -2.301714
v 0.450411 0.005593 -2.285803
v 0.641882 0.005593 -2.263803
v 0.746007 0.005593 -2.243423
v 0.785839 -0.206198 -2.079257
v 0.794366 -0.231113 -2.075556
v 0.027819 -0.199289 -2.247747
v 0.285304 -0.199282 -2.244317
v 0.450411 -0.199260 -2.231837
v 0.567272 -0.199260 -2.209837
v 0.671397 -0.199260 -2.189457
v 0.730793 -0.199260 -2.155041
v 0.027819 -0.233927 -2.280609
v 0.285304 -0.233921 -2.277178
v 0.450411 -0.233898 -2.264699
v 0.580595 -0.233898 -2.242699
v 0.684720 -0.233898 -2.222319
v 0.744116 -0.233898 -2.187903
v -0.787653 -0.121696 -2.092580
v -0.787653 0.028935 -2.118711
v -0.787653 0.005593 -2.121065
v -0.749765 0.005593 -2.209006
v -0.184236 0.005565 -2.301714
v -0.394773 0.005593 -2.285803
v -0.586244 0.005593 -2.263803
v -0.690369 0.005593 -2.243423
v -0.749765 -0.117084 -2.197905
v -0.690369 -0.117084 -2.232322
v -0.586244 -0.117084 -2.252701
v -0.394773 -0.117084 -2.274701
v -0.229666 -0.061447 -2.295650
v -0.229666 -0.117106 -2.287181
v -0.730201 -0.206198 -2.079257
v -0.738728 -0.231113 -2.075556
v -0.703201 -0.287067 -2.068449
v -0.229666 -0.199282 -2.244317
v -0.394773 -0.199260 -2.231837
v -0.511634 -0.199260 -2.209837
v -0.615759 -0.199260 -2.189457
v -0.675155 -0.199260 -2.155041
v -0.229666 -0.233921 -2.277178
v -0.394773 -0.233898 -2.264699
v -0.524957 -0.233898 -2.242699
v -0.629082 -0.233898 -2.222319
v -0.688478 -0.233898 -2.187903
v -0.229666 -0.184429 -2.252078
v -0.229666 -0.279217 -2.244317
v -0.394773 -0.279194 -2.231837
v -0.511634 -0.279194 -2.209837
v -0.615759 -0.279194 -2.189457
v -0.675155 -0.279194 -2.155041
v -0.726812 0.028935 -2.188378
v -0.394773 0.028935 -2.222432
v -0.184236 0.028935 -2.240979
v -0.583913 0.028935 -2.203034
v -0.749765 0.005593 -2.209006
v -0.184236 0.005565 -2.301714
v -0.394773 0.005593 -2.285803
v -0.586244 0.005593 -2.263803
v -0.690369 0.005593 -2.243423
v -0.730201 -0.206198 -2.079257
v -0.738728 -0.231113 -2.075556
v -0.229666 -0.199282 -2.244317
v -0.394773 -0.199260 -2.231837
v -0.511634 -0.199260 -2.209837
v -0.615759 -0.199260 -2.189457
v -0.675155 -0.199260 -2.155041
v -0.229666 -0.233921 -2.277178
v -0.394773 -0.233898 -2.264699
v -0.524957 -0.233898 -2.242699
v -0.629082 -0.233898 -2.222319
v -0.688478 -0.233898 -2.187903
v 0.027819 -0.287067 -2.068449
v 0.027819 -0.279223 -2.247747
v 0.285304 -0.279217 -2.244317
v 0.450411 -0.279194 -2.231837
v 0.567272 -0.279194 -2.209837
v 0.671397 -0.279194 -2.189457
v 0.730793 -0.279194 -2.155041
v 0.758839 -0.287067 -2.068449
v -0.229666 -0.279217 -2.244317
v -0.394773 -0.279194 -2.231837
v -0.511634 -0.279194 -2.209837
v -0.615759 -0.279194 -2.189457
v -0.675155 -0.279194 -2.155041
v -0.703201 -0.287067 -2.068449
v 0.285304 -0.061447 -2.295650
v 0.285304 -0.117106 -2.287181
v 0.285304 -0.184429 -2.252078
v 0.201268 -0.061447 -2.295650
v 0.201268 -0.184429 -2.253194
v 0.201268 -0.117073 -2.287180
v -0.229666 -0.061447 -2.295650
v -0.229666 -0.117106 -2.287181
v -0.229666 -0.184429 -2.252078
v -0.145630 -0.061447 -2.295650
v -0.145630 -0.184429 -2.253194
v -0.145630 -0.117073 -2.287180
v 0.285304 -0.061447 -2.295650
v 0.285304 -0.117106 -2.287181
v 0.285304 -0.184429 -2.252078
v 0.285304 -0.061447 -2.252078
v 0.285304 -0.184429 -2.252078
v 0.201268 -0.061447 -2.295650
v 0.202647 -0.061447 -2.252078
v 0.201268 -0.184429 -2.253194
v 0.201268 -0.117073 -2.287180
v -0.229666 -0.061447 -2.295650
v -0.229666 -0.117106 -2.287181
v -0.229666 -0.184429 -2.252078
v -0.229666 -0.061447 -2.252078
v -0.229666 -0.184429 -2.252078
v -0.145630 -0.061447 -2.295650
v -0.147009 -0.061447 -2.252078
v -0.145630 -0.184429 -2.253194
v -0.145630 -0.117073 -2.287180
v 0.331189 0.603921 -0.522826
v 0.331189 0.596715 -0.563698
v 0.500246 0.481757 -0.501285
v 0.300312 0.469354 -0.571625
v 0.500246 0.428891 -0.491962
v 0.120883 0.406344 -0.420856
v 0.120883 0.393941 -0.491194
v 0.469369 0.603921 -0.522826
v 0.469369 0.596715 -0.563698
v 0.157340 0.266297 -0.414246
v 0.157340 0.254614 -0.480501
v 0.540942 0.336772 -0.475721
v 0.120883 0.364529 -0.413483
v 0.120883 0.352126 -0.483822
v 0.300312 0.416489 -0.562303
v 0.226088 0.463137 -0.498002
v 0.226088 0.450735 -0.568341
v 0.300312 0.481757 -0.501285
v 0.280797 0.562124 -0.515456
v 0.280797 0.553164 -0.566263
v 0.259615 0.336772 -0.475721
v 0.300312 0.428891 -0.491962
v 0.540942 -0.275064 -0.367837
v 0.157358 -0.203892 -0.279283
v 0.157358 -0.222104 -0.382568
v 0.259615 -0.287467 -0.438176
v 0.259615 -0.275064 -0.367837
v 0.679674 0.406344 -0.420856
v 0.679674 0.393941 -0.491194
v 0.643217 0.266297 -0.414246
v 0.643217 0.254614 -0.480501
v 0.679674 0.364529 -0.413483
v 0.679674 0.352126 -0.483822
v 0.574469 0.463137 -0.498002
v 0.574469 0.450735 -0.568341
v 0.500246 0.469354 -0.571625
v 0.519760 0.562124 -0.515456
v 0.519760 0.553164 -0.566263
v 0.500246 0.416489 -0.562303
v 0.643198 -0.203892 -0.279283
v 0.643198 -0.222104 -0.382568
v 0.540942 -0.287467 -0.438176
v 0.500246 0.481757 -0.501285
v 0.500246 0.469354 -0.571625
v 0.500246 0.428891 -0.491962
v 0.500246 0.416489 -0.562303
v 0.300312 0.481757 -0.501285
v 0.300312 0.469354 -0.571625
v 0.300312 0.428891 -0.491962
v 0.300312 0.416489 -0.562303
v -0.275551 0.603921 -0.522826
v -0.275551 0.596715 -0.563698
v -0.444608 0.481757 -0.501285
v -0.244674 0.469354 -0.571625
v -0.444608 0.428891 -0.491962
v -0.065245 0.406344 -0.420856
v -0.065245 0.393941 -0.491194
v -0.413731 0.603921 -0.522826
v -0.413731 0.596715 -0.563698
v -0.101702 0.266297 -0.414246
v -0.101702 0.254614 -0.480501
v -0.485304 0.336772 -0.475721
v -0.065245 0.364529 -0.413483
v -0.065245 0.352126 -0.483822
v -0.244674 0.416489 -0.562303
v -0.170450 0.463137 -0.498002
v -0.170450 0.450735 -0.568341
v -0.244674 0.481757 -0.501285
v -0.225159 0.562124 -0.515456
v -0.225159 0.553164 -0.566263
v -0.203977 0.336772 -0.475721
v -0.244674 0.428891 -0.491962
v -0.485304 -0.275064 -0.367837
v -0.101720 -0.203892 -0.279283
v -0.101720 -0.222104 -0.382568
v -0.203977 -0.287467 -0.438176
v -0.203977 -0.275064 -0.367837
v -0.624036 0.406344 -0.420856
v -0.624036 0.393941 -0.491194
v -0.587579 0.266297 -0.414246
v -0.587579 0.254614 -0.480501
v -0.624036 0.364529 -0.413483
v -0.624036 0.352126 -0.483822
v -0.518831 0.463137 -0.498002
v -0.518831 0.450735 -0.568341
v -0.444608 0.469354 -0.571625
v -0.464122 0.562124 -0.515456
v -0.464122 0.553164 -0.566263
v -0.444608 0.416489 -0.562303
v -0.587560 -0.203892 -0.279283
v -0.587560 -0.222104 -0.382568
v -0.485304 -0.287467 -0.438176
v -0.444608 0.481757 -0.501285
v -0.444608 0.469354 -0.571625
v -0.444608 0.428891 -0.491962
v -0.444608 0.416489 -0.562303
v -0.244674 0.481757 -0.501285
v -0.244674 0.469354 -0.571625
v -0.244674 0.428891 -0.491962
v -0.244674 0.416489 -0.562303
v 0.546008 -0.274388 0.139948
v 0.147473 -0.232292 0.082395
v 0.147473 -0.369640 0.082395
v 0.254549 -0.369640 -0.438632
v 0.546008 -0.369640 -0.438632
v 0.254549 -0.274388 0.139948
v 0.546008 -0.274405 -0.438599
v 0.546008 -0.369640 0.139948
v 0.118754 -0.212727 -0.231069
v 0.118754 -0.369640 -0.231069
v 0.254549 -0.274405 -0.438599
v 0.254549 -0.369640 0.139948
v 0.653085 -0.232292 0.082395
v 0.653085 -0.369640 0.082395
v 0.681802 -0.212727 -0.231069
v 0.681802 -0.369640 -0.231069
v -0.490370 -0.274388 0.139948
v -0.091835 -0.232292 0.082395
v -0.091835 -0.369640 0.082395
v -0.198911 -0.369640 -0.438632
v -0.490370 -0.369640 -0.438632
v -0.198911 -0.274388 0.139948
v -0.490370 -0.274405 -0.438599
v -0.490370 -0.369640 0.139948
v -0.063116 -0.212727 -0.231069
v -0.063116 -0.369640 -0.231069
v -0.198911 -0.274405 -0.438599
v -0.198911 -0.369640 0.139948
v -0.597447 -0.232292 0.082395
v -0.597447 -0.369640 0.082395
v -0.626164 -0.212727 -0.231069
v -0.626164 -0.369640 -0.231069
v 0.027819 -0.124854 -0.887819
v 0.666395 -0.141095 -0.949694
v 0.200579 -0.218852 -0.996742
v 0.518910 -0.218852 -0.996742
v 0.027819 -0.124854 -0.654971
v 0.666395 -0.141095 -0.654971
v 0.200579 -0.162303 -0.654971
v 0.518910 -0.162303 -0.654971
v 0.027819 -0.255990 -0.654971
v 0.666395 -0.255990 -0.654971
v 0.518910 -0.255990 -0.654971
v 0.666395 -0.368632 -0.792996
v 0.130124 -0.124854 -0.887819
v 0.130124 -0.124854 -0.654971
v 0.200579 -0.255990 -0.654971
v 0.027819 -0.368632 -0.792996
v 0.027819 0.307102 -1.340298
v 0.200579 0.307102 -1.340298
v 0.518910 0.307102 -1.340298
v 0.027819 0.307102 -1.176781
v 0.200579 0.307102 -1.176781
v 0.518910 0.307102 -1.176780
v 0.027819 -0.124854 -0.887819
v 0.666395 -0.141095 -0.949694
v 0.200579 -0.218852 -0.996742
v 0.518910 -0.218852 -0.996742
v 0.027819 0.143014 -1.006416
v 0.130124 0.143014 -1.006416
v 0.130124 -0.124854 -0.887819
v 0.027819 0.352607 -1.292630
v 0.666395 0.307102 -1.340298
v 0.200579 0.352607 -1.292630
v 0.518910 0.352607 -1.292630
v 0.027819 0.352607 -1.230100
v 0.666395 0.307102 -1.176781
v 0.200579 0.352607 -1.230100
v 0.518910 0.352607 -1.230100
v -0.610757 -0.141095 -0.949694
v -0.144941 -0.218852 -0.996742
v -0.463272 -0.218852 -0.996742
v -0.610757 -0.141095 -0.654971
v -0.144941 -0.162303 -0.654971
v -0.463272 -0.162303 -0.654971
v -0.610757 -0.255990 -0.654971
v -0.463272 -0.255990 -0.654971
v -0.610757 -0.368632 -0.792996
v -0.074486 -0.124854 -0.887819
v -0.074486 -0.124854 -0.654971
v -0.144941 -0.255990 -0.654971
v -0.144941 0.307102 -1.340298
v -0.463272 0.307102 -1.340298
v -0.144941 0.307102 -1.176781
v -0.463272 0.307102 -1.176780
v -0.610757 -0.141095 -0.949694
v -0.144941 -0.218852 -0.996742
v -0.463272 -0.218852 -0.996742
v -0.074486 0.143014 -1.006416
v -0.074486 -0.124854 -0.887819
v -0.610757 0.307102 -1.340298
v -0.144941 0.352607 -1.292630
v -0.463272 0.352607 -1.292630
v -0.610757 0.307102 -1.176781
v -0.144941 0.352607 -1.230100
v -0.463272 0.352607 -1.230100
v 0.014238 -0.043006 0.183207
v 0.002391 -0.043006 0.206314
v 0.014238 -0.043006 0.232863
v 0.041813 -0.043006 0.232863
v 0.053664 -0.043006 0.206314
v 0.041813 -0.043006 0.183207
v 0.007236 -0.173395 0.206097
v 0.014238 -0.173395 0.224465
v 0.041813 -0.173395 0.224465
v 0.048819 -0.173395 0.206097
v 0.041813 -0.173395 0.187728
v 0.014238 -0.173395 0.187728
v 0.014238 -0.057723 0.177156
v -0.004870 -0.057723 0.211232
v 0.014238 -0.057723 0.248261
v 0.041813 -0.057723 0.248261
v 0.060926 -0.057723 0.211232
v 0.041813 -0.057723 0.177156
v 0.007236 -0.136045 0.206097
v 0.014238 -0.136045 0.224465
v 0.041813 -0.136045 0.224465
v 0.048819 -0.136045 0.206097
v 0.041813 -0.136045 0.187728
v 0.014238 -0.136045 0.187728
v 0.003023 -0.171275 0.231425
v -0.042535 -0.257385 0.276983
v 0.053033 -0.171275 0.231425
v 0.098590 -0.257385 0.276983
v 0.053033 -0.171275 0.181415
v 0.098590 -0.257385 0.135858
v 0.003023 -0.171275 0.181415
v -0.042535 -0.257385 0.135858
v -0.375485 0.111596 0.188944
v -0.311499 0.111596 0.188944
v -0.420730 0.131164 0.200242
v -0.420730 0.194326 0.236707
v -0.375485 0.213894 0.248005
v -0.311499 0.213894 0.248005
v -0.266254 0.194326 0.236707
v -0.266254 0.131164 0.200242
v -0.311499 0.021709 0.344632
v -0.375485 0.021709 0.344632
v -0.420730 0.041278 0.355930
v -0.420730 0.104439 0.392396
v -0.375485 0.124008 0.403693
v -0.311499 0.124008 0.403693
v -0.266254 0.104439 0.392396
v -0.266254 0.041278 0.355930
v -0.420557 0.157260 0.251196
v -0.420557 0.157260 0.238560
v -0.420557 0.168203 0.244879
v -0.515802 0.157260 0.238560
v -0.515802 0.168202 0.244879
v -0.515801 0.157260 0.251196
v -0.625091 -0.402077 -2.135438
v 0.379846 -0.267914 -2.156241
v -0.647523 -0.379884 -2.156241
v 0.379846 -0.267914 -1.759096
v 0.379846 -0.379884 -1.759096
v 0.356770 -0.402077 -2.135438
v 0.356770 -0.402077 -1.780101
v 0.379846 -0.379884 -2.156241
v -0.647523 -0.267914 -1.759096
v -0.647523 -0.267914 -2.156241
v -0.647523 -0.379884 -1.759096
v -0.625091 -0.402077 -1.780101
v -0.541378 0.270138 -2.168016
v -0.389964 0.270138 -2.183750
v -0.541378 0.240991 -2.187696
v -0.389964 0.240991 -2.203431
v -0.023205 0.389865 -1.605038
v -0.023205 0.339864 -1.623043
v 0.078843 0.348778 -1.692072
v -0.023205 0.348778 -1.692072
v 0.078843 0.389865 -1.605038
v 0.078843 0.339864 -1.623043
v 0.027819 0.350381 -1.693455
v 0.027819 0.432934 -1.987582
v 0.027819 0.407338 -1.955277
v 0.027819 0.488117 -2.194226
v 0.027819 0.432934 -2.113305
v 0.027819 0.407338 -2.159532
v 0.027819 0.454906 -2.187643
v -0.659942 0.313435 -1.841009
v -0.637953 0.300964 -1.841009
v -0.651061 0.313435 -2.113348
v -0.629071 0.300964 -2.113348
v -0.571531 0.432934 -1.987582
v -0.571531 0.407338 -1.955277
v -0.593676 0.419792 -1.970628
v -0.593676 0.419792 -2.159532
v -0.494612 0.488117 -2.194226
v -0.571531 0.432934 -2.113305
v -0.571531 0.407338 -2.159532
v -0.571531 0.454906 -2.187643
v 0.715580 0.313435 -1.841009
v 0.693591 0.300964 -1.841009
v 0.706699 0.313435 -2.113348
v 0.684709 0.300964 -2.113348
v 0.627169 0.432934 -1.987582
v 0.627169 0.407338 -1.955277
v 0.649314 0.419792 -1.970628
v 0.649314 0.419792 -2.159532
v 0.550250 0.488117 -2.194226
v 0.627169 0.432934 -2.113305
v 0.627169 0.407338 -2.159532
v 0.627169 0.454906 -2.187643
v 0.572600 0.413305 -2.013283
v 0.572600 0.281467 -1.956662
v 0.593389 0.413305 -2.013283
v 0.593389 0.281467 -1.956662
v 0.593389 0.413305 -2.132824
v 0.593389 0.281467 -2.076203
v 0.572600 0.413305 -2.132824
v 0.572600 0.281467 -2.076203
v -0.516962 0.413305 -2.013283
v -0.516962 0.281467 -1.956662
v -0.537751 0.413305 -2.013283
v -0.537751 0.281467 -1.956662
v -0.537751 0.413305 -2.132824
v -0.537751 0.281467 -2.076203
v -0.516962 0.413305 -2.132824
v -0.516962 0.281467 -2.076203
v 0.669115 0.302001 0.714513
v 0.671304 0.288526 0.726372
v 0.664975 0.303030 0.696941
v 0.191767 0.311182 0.840681
v 0.185437 0.325688 0.811249
v 0.189577 0.324656 0.828821
v 0.030856 0.326184 0.822660
v 0.029311 0.312737 0.834652
v 0.033262 0.327153 0.804765
v -0.459755 0.310137 0.768748
v -0.455805 0.324553 0.738862
v -0.458211 0.323585 0.756757
v 0.441314 0.310766 0.765640
v 0.441700 0.302940 0.767721
v 0.440927 0.305028 0.759926
v -0.039500 0.293669 0.871444
v -0.041652 0.299474 0.849777
v -0.040576 0.315422 0.865662
v 0.375926 0.314481 0.829556
v 0.376406 0.304779 0.832135
v 0.375446 0.307368 0.822471
v -0.210198 0.324309 0.788309
v -0.209496 0.316234 0.788334
v -0.207987 0.320413 0.781554
v -0.640964 0.263520 0.734446
v -0.636771 0.275137 0.715598
v -0.642916 0.285969 0.734378
v -0.278785 0.309734 0.835271
v -0.277914 0.299721 0.835301
v -0.276044 0.304901 0.826895
v 0.030785 0.376454 -1.632709
v 0.032463 0.388177 -1.613538
v 0.030766 0.398982 -1.633241
v -0.313401 0.381593 -1.579131
v -0.523397 0.375631 -1.547344
v -0.525477 0.362093 -1.559150
v -0.519626 0.376748 -1.529695
v -0.043363 0.378719 -1.663192
v -0.037510 0.393373 -1.633735
v -0.041281 0.392257 -1.651386
v 0.547389 -0.187819 -2.203697
v 0.547389 -0.223086 -2.229319
v 0.547389 -0.209615 -2.270778
v 0.547389 -0.166024 -2.270778
v 0.547389 -0.152553 -2.229319
v 0.520038 -0.223086 -2.229319
v 0.520038 -0.209615 -2.270778
v 0.520038 -0.166024 -2.270778
v 0.520038 -0.152553 -2.229319
v 0.520038 -0.187819 -2.203697
v -0.491751 -0.187819 -2.203697
v -0.491751 -0.223086 -2.229319
v -0.491751 -0.209615 -2.270778
v -0.491751 -0.166024 -2.270778
v -0.491751 -0.152553 -2.229319
v -0.464400 -0.223086 -2.229319
v -0.464400 -0.209615 -2.270778
v -0.464400 -0.166024 -2.270778
v -0.464400 -0.152553 -2.229319
v -0.464400 -0.187819 -2.203697
vn -0.0312 0.9987 0.0395
vn -0.0000 0.9718 0.2358
vn -0.0000 0.9993 0.0368
vn -0.0660 0.9671 0.2459
vn -0.0108 0.9973 -0.0721
vn -0.0000 0.9978 -0.0670
vn -0.0000 0.9939 -0.1105
vn -0.0392 0.9907 -0.1305
vn -0.0000 0.9306 0.3660
vn -0.0923 0.9151 0.3925
vn -0.1462 0.9845 -0.0974
vn -0.4853 0.8593 -0.1612
vn -0.1597 0.9831 0.0899
vn -0.2946 0.9103 0.2907
vn -0.5691 0.7722 0.2825
vn -0.7108 0.6876 0.1481
vn -0.5069 0.8514 0.1352
vn -0.5626 0.7743 0.2896
vn -0.4708 0.8323 0.2926
vn -0.5300 0.8247 0.1975
vn -0.4202 0.9035 0.0840
vn -0.5862 0.8079 0.0608
vn -0.3466 0.9330 -0.0971
vn -0.4843 0.8748 -0.0124
vn -0.1527 0.9880 -0.0221
vn -0.7282 0.6853 -0.0100
vn -0.7438 0.6684 -0.0000
vn -0.5255 0.8452 -0.0974
vn -0.8187 0.5718 -0.0529
vn -0.5588 0.8277 -0.0514
vn -0.6815 0.7311 -0.0322
vn -0.7872 0.6029 -0.1302
vn -0.7907 0.6009 -0.1171
vn -0.3440 0.9320 0.1142
vn -0.4482 0.8832 0.1379
vn -0.4802 0.8477 0.2253
vn -0.6035 0.7478 0.2770
vn -0.3121 0.9266 0.2098
vn -0.4385 0.8910 0.1178
vn -0.5063 0.8537 0.1220
vn -0.8131 0.5819 -0.0175
vn -0.8411 0.5309 -0.1035
vn -0.8576 0.5033 -0.1053
vn -0.8632 0.5045 -0.0192
vn -0.8955 0.4396 0.0693
vn -0.7886 0.6146 -0.0216
vn -0.8180 0.5748 -0.0224
vn -0.5485 0.4543 -0.7020
vn -0.4002 0.8672 -0.2962
vn -0.4875 0.8683 0.0914
vn -0.9095 0.4146 -0.0303
vn -0.8765 0.4722 0.0937
vn -0.3213 0.9457 -0.0491
vn -0.1542 0.9860 -0.0634
vn -0.8333 0.5208 0.1856
vn -0.7522 0.6045 0.2621
vn -0.9653 0.1972 0.1710
vn -0.9139 0.3232 0.2457
vn -1.0000 -0.0000 -0.0000
vn -0.9151 -0.1874 -0.3569
vn -0.8802 -0.2711 -0.3895
vn -0.9821 -0.0850 -0.1678
vn -0.9773 -0.0147 -0.2111
vn -0.9805 0.0575 -0.1881
vn -0.9778 0.1184 -0.1731
vn -0.9334 0.2755 -0.2301
vn -0.9946 0.0939 -0.0438
vn -0.9727 0.0780 -0.2186
vn -0.9963 -0.0737 -0.0433
vn -0.9348 0.3412 -0.0983
vn -0.9163 0.3346 0.2202
vn -0.4309 -0.0365 -0.9016
vn -0.6809 -0.0372 -0.7315
vn -0.7481 -0.1160 -0.6533
vn -0.0441 0.0001 -0.9990
vn -0.0875 -0.0004 -0.9962
vn -0.0441 -0.0000 -0.9990
vn -0.0945 0.0002 -0.9955
vn -0.0868 0.0011 -0.9962
vn -0.0877 -0.0000 -0.9961
vn -0.0000 -0.0000 -1.0000
vn -0.0944 0.2851 -0.9538
vn -0.0869 -0.0015 -0.9962
vn -0.0875 0.0004 -0.9962
vn -0.0977 0.8719 -0.4798
vn -0.0995 0.2968 -0.9497
vn -0.1019 -0.0002 -0.9948
vn -0.0492 0.2669 -0.9625
vn -0.0000 0.2336 -0.9723
vn -0.0828 0.9936 -0.0763
vn -0.0728 0.8652 -0.4962
vn -0.0455 0.9955 -0.0831
vn -0.0535 0.8518 -0.5211
vn -0.0000 0.9963 -0.0858
vn -0.0000 0.8303 -0.5574
vn -0.1451 0.9839 0.1046
vn -0.1211 0.9861 0.1142
vn -0.2672 0.9539 0.1366
vn -0.0911 0.9869 0.1334
vn -0.2852 0.9370 0.2018
vn -0.1031 0.9767 0.1885
vn -0.1209 0.9840 0.1311
vn -0.1359 0.9700 0.2017
vn -0.0609 0.9493 0.3085
vn -0.1398 0.9394 0.3132
vn -0.1806 0.9422 0.2821
vn -0.1434 0.9085 0.3924
vn -0.0945 0.9198 0.3807
vn -0.0425 0.9235 0.3812
vn -0.2493 0.9455 0.2096
vn -0.0000 0.9300 0.3676
vn -0.0000 0.9527 0.3040
vn -0.2333 0.9638 0.1290
vn -0.1350 0.9883 0.0707
vn -0.0869 0.9908 0.1035
vn -0.0000 0.9958 0.0915
vn -0.0000 0.9913 0.1317
vn -0.0000 0.9800 0.1992
vn -0.2774 0.9399 0.1991
vn -0.0000 0.9956 0.0937
vn -0.1354 0.9815 0.1353
vn -0.3047 0.9205 0.2446
vn 0.0312 0.9987 0.0395
vn 0.0660 0.9671 0.2459
vn 0.0108 0.9973 -0.0721
vn 0.0392 0.9907 -0.1305
vn 0.0923 0.9151 0.3925
vn 0.4853 0.8593 -0.1612
vn 0.1462 0.9845 -0.0974
vn 0.1597 0.9831 0.0899
vn 0.2946 0.9103 0.2907
vn 0.5069 0.8514 0.1352
vn 0.7108 0.6876 0.1481
vn 0.5691 0.7722 0.2825
vn 0.5626 0.7743 0.2896
vn 0.5300 0.8247 0.1975
vn 0.4708 0.8323 0.2926
vn 0.4202 0.9035 0.0840
vn 0.5862 0.8079 0.0608
vn 0.4843 0.8748 -0.0124
vn 0.3466 0.9330 -0.0971
vn 0.1527 0.9880 -0.0221
vn 0.7438 0.6684 -0.0000
vn 0.7282 0.6853 -0.0100
vn 0.5255 0.8452 -0.0974
vn 0.6815 0.7311 -0.0322
vn 0.5588 0.8277 -0.0514
vn 0.8187 0.5718 -0.0529
vn 0.7907 0.6009 -0.1171
vn 0.7872 0.6029 -0.1302
vn 0.4482 0.8832 0.1379
vn 0.3440 0.9320 0.1142
vn 0.3121 0.9266 0.2098
vn 0.6035 0.7478 0.2770
vn 0.4802 0.8477 0.2253
vn 0.5063 0.8537 0.1220
vn 0.4385 0.8910 0.1178
vn 0.8576 0.5033 -0.1053
vn 0.8411 0.5309 -0.1035
vn 0.8131 0.5819 -0.0175
vn 0.8632 0.5045 -0.0192
vn 0.8955 0.4396 0.0693
vn 0.7886 0.6146 -0.0216
vn 0.8180 0.5748 -0.0224
vn 0.5485 0.4543 -0.7020
vn 0.4002 0.8672 -0.2962
vn 0.8765 0.4722 0.0937
vn 0.9095 0.4146 -0.0303
vn 0.4875 0.8683 0.0914
vn 0.1542 0.9860 -0.0634
vn 0.3213 0.9457 -0.0491
vn 0.8333 0.5208 0.1856
vn 0.7522 0.6045 0.2621
vn 0.9653 0.1972 0.1710
vn 0.9139 0.3232 0.2457
vn 1.0000 -0.0000 -0.0000
vn 0.9821 -0.0850 -0.1678
vn 0.8802 -0.2711 -0.3895
vn 0.9151 -0.1875 -0.3569
vn 0.9773 -0.0147 -0.2111
vn 0.9805 0.0575 -0.1881
vn 0.9946 0.0939 -0.0438
vn 0.9334 0.2755 -0.2301
vn 0.9778 0.1184 -0.1731
vn 0.9727 0.0780 -0.2186
vn 0.9963 -0.0737 -0.0433
vn 0.9348 0.3412 -0.0983
vn 0.9163 0.3346 0.2202
vn 0.6809 -0.0372 -0.7315
vn 0.4309 -0.0365 -0.9016
vn 0.7481 -0.1160 -0.6533
vn 0.0441 -0.0000 -0.9990
vn 0.0875 -0.0004 -0.9962
vn 0.0441 0.0001 -0.9990
vn 0.0868 0.0011 -0.9962
vn 0.0945 0.0002 -0.9955
vn 0.0877 -0.0000 -0.9961
vn 0.0944 0.2851 -0.9538
vn 0.0875 0.0004 -0.9962
vn 0.0869 -0.0015 -0.9962
vn 0.0977 0.8719 -0.4798
vn 0.0995 0.2968 -0.9497
vn 0.1019 -0.0002 -0.9948
vn 0.0492 0.2669 -0.9625
vn 0.0728 0.8652 -0.4962
vn 0.0828 0.9936 -0.0763
vn 0.0535 0.8518 -0.5211
vn 0.0455 0.9955 -0.0831
vn 0.2672 0.9539 0.1366
vn 0.1211 0.9861 0.1142
vn 0.1451 0.9839 0.1046
vn 0.0911 0.9869 0.1334
vn 0.2852 0.9370 0.2018
vn 0.1031 0.9767 0.1885
vn 0.1209 0.9840 0.1311
vn 0.1359 0.9700 0.2017
vn 0.0609 0.9493 0.3085
vn 0.1398 0.9394 0.3132
vn 0.1806 0.9422 0.2821
vn 0.1434 0.9085 0.3924
vn 0.0945 0.9198 0.3807
vn 0.0425 0.9235 0.3812
vn 0.2493 0.9455 0.2096
vn 0.2333 0.9638 0.1290
vn 0.1350 0.9883 0.0707
vn 0.0869 0.9908 0.1035
vn 0.2774 0.9399 0.1991
vn 0.1354 0.9815 0.1353
vn 0.3047 0.9205 0.2446
vn -0.9125 0.4052 0.0563
vn -0.9506 0.2990 0.0841
vn -0.6448 0.7641 0.0177
vn -0.8956 0.4394 0.0693
vn -0.9923 -0.0354 0.1187
vn -0.9890 -0.0779 0.1261
vn -0.9989 -0.0122 0.0448
vn -0.8924 0.4483 -0.0520
vn -0.9681 -0.1984 0.1533
vn -0.9927 -0.1203 -0.0000
vn -0.9909 -0.1041 0.0858
vn -0.9543 -0.2440 0.1725
vn -0.9978 0.0221 -0.0631
vn -0.9875 -0.1069 -0.1160
vn -0.9230 -0.3586 -0.1398
vn -0.9410 -0.3385 -0.0064
vn -0.9095 -0.4155 0.0142
vn -0.8986 -0.4004 -0.1794
vn -0.9815 -0.0161 -0.1909
vn -0.9231 0.3569 -0.1431
vn -0.9218 -0.2584 -0.2891
vn -0.7621 -0.5309 -0.3706
vn -0.7927 -0.4922 -0.3596
vn -0.7470 -0.5635 -0.3527
vn -0.9935 -0.1140 -0.0029
vn -0.5608 0.8279 -0.0083
vn -0.5483 0.4544 -0.7021
vn 0.6448 0.7641 0.0177
vn 0.9506 0.2990 0.0841
vn 0.9125 0.4052 0.0563
vn 0.8956 0.4395 0.0694
vn 0.9890 -0.0779 0.1261
vn 0.9923 -0.0354 0.1187
vn 0.9989 -0.0122 0.0448
vn 0.8924 0.4483 -0.0520
vn 0.9681 -0.1984 0.1533
vn 0.9909 -0.1041 0.0858
vn 0.9927 -0.1203 -0.0000
vn 0.9543 -0.2440 0.1725
vn 0.9978 0.0221 -0.0631
vn 0.9410 -0.3385 -0.0064
vn 0.9230 -0.3586 -0.1398
vn 0.9875 -0.1069 -0.1160
vn 0.9095 -0.4155 0.0142
vn 0.8986 -0.4004 -0.1794
vn 0.9815 -0.0161 -0.1909
vn 0.9231 0.3569 -0.1431
vn 0.9218 -0.2584 -0.2891
vn 0.7927 -0.4922 -0.3596
vn 0.7621 -0.5309 -0.3706
vn 0.7470 -0.5635 -0.3527
vn 0.9935 -0.1140 -0.0029
vn 0.5483 0.4544 -0.7021
vn 0.5608 0.8279 -0.0083
vn -0.9978 -0.0660 -0.0046
vn -0.9956 -0.0939 -0.0000
vn -0.9680 0.2510 0.0044
vn -0.9374 0.3482 -0.0015
vn -0.9174 -0.3979 -0.0000
vn -0.9580 -0.2868 -0.0000
vn -0.9649 -0.2625 -0.0000
vn -0.8048 0.5934 0.0124
vn -0.7621 0.6475 0.0063
vn 0.9680 0.2510 0.0044
vn 0.9956 -0.0939 -0.0000
vn 0.9978 -0.0660 -0.0046
vn 0.9374 0.3482 -0.0015
vn 0.9649 -0.2625 -0.0000
vn 0.9580 -0.2868 -0.0000
vn 0.9174 -0.3979 -0.0000
vn 0.8048 0.5934 0.0124
vn 0.7621 0.6475 0.0063
vn -0.9275 -0.3214 0.1910
vn -0.9962 -0.0650 0.0582
vn -0.9022 -0.3642 0.2310
vn -0.9960 -0.0894 -0.0000
vn -0.9825 0.0561 0.1776
vn -0.6739 -0.7215 0.1593
vn -0.7303 -0.6769 -0.0922
vn -0.7317 -0.6816 0.0012
vn -0.7560 -0.6485 -0.0896
vn -0.9078 -0.1203 -0.4017
vn -0.9762 -0.1691 -0.1357
vn -0.9709 -0.1281 -0.2023
vn -0.9911 -0.1328 -0.0009
vn -0.9919 -0.1273 -0.0000
vn -0.9666 -0.2491 -0.0602
vn 0.9022 -0.3642 0.2310
vn 0.9962 -0.0650 0.0582
vn 0.9275 -0.3214 0.1910
vn 0.9960 -0.0894 -0.0000
vn 0.9825 0.0561 0.1776
vn 0.6739 -0.7215 0.1593
vn 0.7317 -0.6816 0.0012
vn 0.7303 -0.6769 -0.0922
vn 0.7560 -0.6485 -0.0896
vn 0.9709 -0.1281 -0.2023
vn 0.9762 -0.1691 -0.1357
vn 0.9078 -0.1203 -0.4017
vn 0.9919 -0.1273 -0.0000
vn 0.9911 -0.1328 -0.0009
vn 0.9666 -0.2491 -0.0602
vn -0.5823 0.8130 0.0044
vn -0.5854 0.8096 -0.0436
vn -0.5856 0.8098 -0.0360
vn -0.5752 0.8179 0.0129
vn -0.5713 0.8206 0.0175
vn -0.5839 0.8074 -0.0851
vn 0.5856 0.8098 -0.0360
vn 0.5854 0.8096 -0.0436
vn 0.5823 0.8130 0.0044
vn 0.5752 0.8179 0.0129
vn 0.5713 0.8206 0.0175
vn 0.5839 0.8074 -0.0851
vn -0.9208 0.2739 -0.2777
vn 0.9208 0.2739 -0.2777
vn 0.0001 0.5000 -0.8660
vn -0.0000 0.5000 -0.8660
vn 0.0001 0.5001 -0.8660
vn -0.0000 -0.9751 -0.2219
vn -0.0000 -0.9937 -0.1117
vn -0.0000 -0.9994 -0.0356
vn -0.0000 -0.9986 -0.0535
vn -0.0000 -1.0000 -0.0000
vn -0.0000 -0.9999 -0.0172
vn -0.0000 -0.9950 -0.0995
vn -0.0000 -0.9997 -0.0258
vn -0.0000 -0.9987 -0.0515
vn -0.0000 0.0065 -1.0000
vn -0.0000 -0.1028 -0.9947
vn -0.0000 -0.1100 -0.9939
vn -0.0000 -0.4081 -0.9129
vn -0.0000 -0.4191 -0.9079
vn -0.0000 -0.7658 -0.6431
vn -0.0000 -0.7688 -0.6395
vn -0.0000 -0.9743 -0.2253
vn -0.0000 -0.7271 0.6865
vn -0.0000 -0.9684 0.2494
vn -0.0000 -0.4763 0.8793
vn -0.0000 -0.4697 0.8828
vn -0.0000 -0.1146 0.9934
vn -0.0000 -0.2625 0.9649
vn -0.0000 -0.2963 0.9551
vn -0.0000 -0.2014 0.9795
vn -0.0000 -0.3946 0.9189
vn -0.0000 -0.1850 0.9827
vn -0.0000 -0.1125 0.9937
vn -0.0000 -0.4132 0.9106
vn -0.0000 -0.1221 0.9925
vn -0.0000 -0.4221 0.9066
vn -0.0000 -0.7332 0.6800
vn -0.0000 -0.9622 0.2722
vn -0.0000 -0.9707 -0.2402
vn -0.0000 -0.0367 -0.9993
vn -0.0000 -0.0407 -0.9992
vn -0.0000 -0.3243 -0.9460
vn -0.0000 -0.3333 -0.9428
vn -0.0000 -0.7422 -0.6702
vn -0.0000 -0.7438 -0.6684
vn -0.0000 -0.4133 0.9106
vn 0.0358 -0.9658 0.2566
vn 0.0112 -0.9750 0.2218
vn -0.0000 -0.9832 0.1826
vn -0.0000 -0.9847 0.1744
vn 0.0555 -0.9587 0.2788
vn -0.9021 0.4139 0.1217
vn -0.8833 0.4429 0.1540
vn -0.8660 0.4663 0.1806
vn -0.8380 0.4996 0.2196
vn -0.0000 -0.0000 1.0000
vn -0.0000 0.9966 0.0824
vn -0.0112 -0.9750 0.2218
vn -0.0358 -0.9658 0.2566
vn -0.0555 -0.9587 0.2788
vn 0.8660 0.4663 0.1806
vn 0.8833 0.4429 0.1540
vn 0.9021 0.4139 0.1217
vn 0.8832 0.4429 0.1540
vn 0.8380 0.4996 0.2195
vn -0.0000 -0.6272 0.7789
vn -0.0000 0.6688 0.7435
vn -0.0000 0.9904 0.1384
vn -0.0000 -0.9769 0.2136
vn -0.0000 0.9797 0.2006
vn -0.0000 -0.9752 0.2214
vn -0.0000 0.6565 0.7543
vn -0.0000 -0.6080 0.7939
vn -0.9997 -0.0094 -0.0243
vn -0.9997 -0.0110 -0.0218
vn -0.9996 -0.0070 -0.0282
vn -0.9995 -0.0048 -0.0316
vn 0.0053 0.0165 -0.9998
vn -0.0000 0.0279 -0.9996
vn -0.0000 0.0205 -0.9998
vn -0.0000 0.0091 -1.0000
vn 0.9996 -0.0070 -0.0282
vn 0.9997 -0.0110 -0.0218
vn 0.9997 -0.0094 -0.0243
vn 0.9995 -0.0048 -0.0316
vn -0.0053 0.0165 -0.9998
vn -0.0053 0.0165 -0.9999
vn 0.3827 0.9239 -0.0000
vn -0.3827 0.9239 -0.0000
vn 0.9239 0.3827 -0.0000
vn 0.9239 -0.3827 -0.0000
vn 0.3827 -0.9239 -0.0000
vn -0.3827 -0.9239 -0.0000
vn -0.9239 -0.3827 -0.0000
vn -0.9239 0.3827 -0.0000
vn 0.2616 -0.6315 -0.7299
vn -0.2616 -0.6315 -0.7299
vn -0.5101 -0.2113 -0.8338
vn -0.6315 -0.2616 -0.7299
vn -0.6315 0.2616 -0.7299
vn -0.2616 0.6315 -0.7299
vn 0.2616 0.6315 -0.7299
vn 0.5101 0.2113 -0.8338
vn 0.6315 0.2616 -0.7299
vn 0.6315 -0.2616 -0.7299
vn 0.9084 -0.4181 -0.0000
vn 0.9083 -0.4182 -0.0000
vn 0.3466 -0.9380 -0.0000
vn -0.3466 -0.9380 -0.0000
vn -0.9083 -0.4182 -0.0000
vn 0.0910 0.9783 0.1864
vn 0.0905 0.9783 0.1865
vn 0.0906 0.9783 0.1866
vn 0.0999 -0.9735 0.2056
vn 0.1002 -0.9735 0.2055
vn -0.0905 0.9783 0.1866
vn -0.0911 0.9782 0.1865
vn -0.0906 0.9782 0.1867
vn -0.1002 -0.9735 0.2055
vn -0.0999 -0.9735 0.2056
vn 0.0940 0.9720 0.2152
vn 0.0942 0.9720 0.2152
vn 0.0949 0.9722 0.2142
vn 0.1033 -0.9681 0.2281
vn 0.1028 -0.9680 0.2291
vn 0.1026 -0.9680 0.2290
vn -0.0948 0.9722 0.2142
vn -0.0942 0.9720 0.2152
vn -0.0940 0.9720 0.2153
vn -0.1026 -0.9680 0.2289
vn -0.1028 -0.9680 0.2291
vn -0.1033 -0.9681 0.2281
vn -0.9870 0.0740 0.1430
vn -0.9875 0.0714 0.1407
vn -0.9872 0.0737 0.1411
vn 0.9847 0.0790 0.1555
vn 0.9840 0.0819 0.1580
vn 0.9844 0.0816 0.1558
vn 0.9875 0.0714 0.1407
vn 0.9870 0.0740 0.1430
vn 0.9872 0.0737 0.1411
vn -0.9840 0.0819 0.1580
vn -0.9847 0.0790 0.1555
vn -0.9844 0.0816 0.1558
vn -0.9735 -0.0212 0.2275
vn -0.9685 -0.0126 0.2487
vn -0.9671 0.0024 0.2543
vn 0.9600 0.0025 0.2800
vn 0.9617 -0.0138 0.2738
vn 0.9678 -0.0233 0.2507
vn 0.9671 0.0024 0.2543
vn 0.9685 -0.0126 0.2487
vn 0.9735 -0.0212 0.2275
vn -0.9678 -0.0233 0.2507
vn -0.9617 -0.0138 0.2738
vn -0.9600 0.0025 0.2800
vn 0.0001 -1.0000 -0.0000
vn 0.0002 -1.0000 -0.0000
vn -0.0000 1.0000 -0.0000
vn -0.0001 -1.0000 -0.0000
vn -0.0002 -1.0000 -0.0000
vn -0.0000 0.2753 0.9614
vn -0.1755 0.2150 0.9607
vn 0.0004 0.2774 0.9607
vn -0.1741 0.1691 0.9701
vn -0.0246 0.2423 0.9699
vn -0.4403 0.3978 0.8049
vn -0.7082 0.3759 0.5976
vn -0.6499 0.3647 0.6668
vn -0.4163 0.3762 0.8278
vn -0.9348 0.0879 0.3441
vn -0.9832 0.0059 0.1824
vn -0.9763 -0.0555 0.2094
vn -0.9279 0.1351 0.3475
vn -0.9873 0.0514 0.1506
vn -0.2798 0.1653 0.9457
vn -0.3546 0.3567 0.8643
vn -0.3444 0.3284 0.8795
vn -0.6326 -0.4192 0.6512
vn -0.5507 -0.3756 0.7454
vn -0.6472 -0.3721 0.6653
vn -0.4825 -0.3820 0.7882
vn -0.4749 -0.3725 0.7973
vn -0.9762 -0.0060 0.2166
vn -0.9867 0.0645 0.1494
vn -0.9182 -0.0481 0.3933
vn -0.9405 -0.0832 0.3295
vn -0.8903 -0.2328 0.3915
vn -0.6706 -0.3159 0.6712
vn -0.8946 -0.2297 0.3834
vn -0.0004 0.2774 0.9607
vn 0.1755 0.2150 0.9607
vn 0.0246 0.2423 0.9699
vn 0.1741 0.1691 0.9701
vn 0.6499 0.3647 0.6668
vn 0.7082 0.3759 0.5976
vn 0.4403 0.3978 0.8049
vn 0.4163 0.3762 0.8278
vn 0.9763 -0.0555 0.2094
vn 0.9832 0.0059 0.1824
vn 0.9348 0.0879 0.3441
vn 0.9279 0.1351 0.3475
vn 0.9873 0.0514 0.1506
vn 0.2798 0.1653 0.9457
vn 0.3444 0.3284 0.8795
vn 0.3546 0.3567 0.8643
vn 0.6472 -0.3721 0.6653
vn 0.5507 -0.3756 0.7454
vn 0.6326 -0.4192 0.6512
vn 0.4749 -0.3725 0.7973
vn 0.4825 -0.3820 0.7882
vn 0.9867 0.0645 0.1494
vn 0.9762 -0.0060 0.2166
vn 0.9405 -0.0832 0.3295
vn 0.9182 -0.0481 0.3933
vn 0.8903 -0.2328 0.3915
vn 0.8946 -0.2297 0.3834
vn 0.6706 -0.3159 0.6712
vn 0.9848 0.1739 -0.0000
vn -0.8595 -0.0668 0.5068
vn -0.4700 -0.2987 0.8306
vn -0.4715 -0.5196 0.7125
vn -0.9149 0.0450 0.4011
vn -0.9848 0.1739 -0.0000
vn 0.4715 -0.5197 0.7124
vn 0.4700 -0.2987 0.8306
vn 0.8595 -0.0668 0.5068
vn 0.9149 0.0450 0.4011
vn -0.4260 0.0546 0.9031
vn -0.4538 0.0994 0.8855
vn -0.4373 0.0726 0.8964
vn -0.4102 0.0299 0.9115
vn 0.4373 0.0726 0.8964
vn 0.4538 0.0994 0.8855
vn 0.4260 0.0546 0.9031
vn 0.4102 0.0299 0.9115
vn -0.0000 0.8692 0.4945
vn -0.0726 0.8598 0.5054
vn -0.0778 0.8665 0.4930
vn -0.8546 0.4568 0.2470
vn -0.9341 0.3221 0.1539
vn -0.8733 0.4302 0.2284
vn -0.9388 0.2915 0.1834
vn -0.9335 0.2904 0.2106
vn -0.7993 0.4420 0.4072
vn -0.8255 0.4418 0.3513
vn -0.2518 0.7540 0.6066
vn -0.2568 0.7402 0.6214
vn -0.3146 0.7563 0.5736
vn -0.3480 0.7512 0.5609
vn -0.4706 0.7146 0.5176
vn -0.5242 0.7012 0.4832
vn 0.0726 0.8598 0.5054
vn 0.0778 0.8665 0.4930
vn 0.8733 0.4302 0.2284
vn 0.9341 0.3221 0.1539
vn 0.8546 0.4568 0.2470
vn 0.9335 0.2904 0.2106
vn 0.9388 0.2915 0.1834
vn 0.8255 0.4418 0.3513
vn 0.7993 0.4420 0.4072
vn 0.2568 0.7402 0.6214
vn 0.2518 0.7540 0.6066
vn 0.3146 0.7563 0.5736
vn 0.3480 0.7512 0.5609
vn 0.4706 0.7146 0.5176
vn 0.5242 0.7012 0.4832
vn -0.4714 -0.5198 0.7125
vn 0.4715 -0.5198 0.7124
vn -0.5205 -0.6652 0.5354
vn -0.5469 -0.6791 0.4896
vn -0.3970 -0.6601 0.6377
vn -0.3458 -0.6457 0.6808
vn -0.3623 -0.6424 0.6753
vn -0.9762 -0.0558 0.2094
vn -0.8776 -0.3929 0.2747
vn -0.8259 -0.4366 0.3567
vn 0.3970 -0.6601 0.6377
vn 0.5469 -0.6791 0.4896
vn 0.5205 -0.6652 0.5354
vn 0.3458 -0.6457 0.6808
vn 0.3623 -0.6424 0.6753
vn 0.8259 -0.4366 0.3567
vn 0.8776 -0.3929 0.2747
vn 0.9762 -0.0558 0.2094
vn 0.3181 -0.5821 0.7483
vn 0.2619 -0.3846 0.8851
vn 0.3299 -0.3889 0.8602
vn -0.3299 -0.3889 0.8602
vn -0.2619 -0.3846 0.8851
vn -0.3181 -0.5821 0.7483
vn -0.2653 -0.3543 0.8967
vn 0.2653 -0.3543 0.8967
vn -0.5403 -0.3359 0.7715
vn 0.5403 -0.3359 0.7715
vn 0.3423 -0.3357 0.8776
vn 0.2668 -0.3403 0.9017
vn -0.2668 -0.3403 0.9017
vn -0.3423 -0.3357 0.8776
vn -0.3631 -0.0000 0.9318
vn -0.1432 -0.0039 0.9897
vn -0.2940 0.3292 0.8973
vn -0.5260 -0.0000 0.8505
vn -0.5073 0.2987 0.8083
vn -0.6241 0.5052 0.5960
vn -0.6003 0.5061 0.6193
vn -0.6886 0.4719 0.5506
vn -0.4678 0.6199 0.6300
vn 0.0006 0.4977 0.8673
vn -0.3356 0.5590 0.7582
vn -0.0000 0.6083 0.7937
vn -0.0000 0.3687 0.9296
vn 0.1432 -0.0039 0.9897
vn 0.3631 -0.0000 0.9318
vn 0.2940 0.3293 0.8973
vn 0.5073 0.2987 0.8083
vn 0.5260 -0.0000 0.8505
vn 0.6241 0.5052 0.5960
vn 0.6886 0.4719 0.5506
vn 0.6003 0.5061 0.6193
vn 0.4678 0.6199 0.6300
vn 0.3356 0.5590 0.7582
vn -0.9398 -0.0000 0.3417
vn -0.9603 0.0901 0.2642
vn -0.9652 0.1339 0.2247
vn -0.9665 0.1912 0.1711
vn 0.8935 -0.0000 0.4491
vn 0.8466 0.1574 0.5085
vn 0.9652 0.1339 0.2247
vn 0.9603 0.0901 0.2642
vn 0.9398 -0.0000 0.3417
vn 0.9665 0.1912 0.1711
vn -0.8466 0.1574 0.5085
vn -0.8935 -0.0000 0.4491
vn -0.3236 -0.0000 0.9462
vn -0.1295 -0.0000 0.9916
vn -0.5278 -0.0000 0.8494
vn -0.9183 -0.0175 0.3956
vn -0.9408 -0.1015 0.3235
vn -0.9488 -0.1962 0.2477
vn -0.9197 0.1237 0.3727
vn -0.9291 -0.1619 0.3325
vn -0.9435 -0.2363 0.2322
vn -0.9429 -0.2391 0.2321
vn -0.9440 -0.2394 0.2271
vn -0.9149 -0.1731 0.3646
vn -0.7736 0.0170 0.6335
vn -0.7657 -0.0125 0.6431
vn 0.1295 -0.0000 0.9916
vn 0.3236 -0.0000 0.9462
vn 0.5278 -0.0000 0.8494
vn 0.9488 -0.1962 0.2477
vn 0.9408 -0.1015 0.3235
vn 0.9183 -0.0175 0.3956
vn 0.9197 0.1237 0.3727
vn 0.9435 -0.2363 0.2322
vn 0.9291 -0.1619 0.3325
vn 0.9440 -0.2394 0.2271
vn 0.9429 -0.2391 0.2321
vn 0.9149 -0.1731 0.3646
vn 0.7736 0.0170 0.6335
vn 0.7657 -0.0125 0.6431
vn 0.5079 -0.0000 0.8614
vn -0.5079 -0.0000 0.8614
vn -0.0872 -0.0000 -0.9962
vn 0.7657 -0.4006 0.5032
vn 0.7071 0.6830 -0.1830
vn 0.8148 -0.3611 0.4536
vn -0.7657 -0.4006 0.5032
vn -0.7071 0.6830 -0.1830
vn -0.3748 0.8955 -0.2400
vn 0.3748 0.8955 -0.2400
vn -0.8148 -0.3611 0.4536
vn 0.5773 -0.4082 0.7071
vn -0.5773 0.7071 0.4083
vn -0.5773 -0.4082 0.7071
vn 0.5774 0.7071 0.4082
vn -0.7071 -0.6830 0.1830
vn 0.7071 -0.6830 0.1830
vn 0.5821 -0.5484 -0.6004
vn 0.3058 0.2551 -0.9173
vn 0.7363 -0.3549 -0.5760
vn 0.2273 -0.2355 -0.9449
vn -0.3477 0.7585 -0.5512
vn -0.4148 -0.0878 -0.9057
vn -0.6912 0.7197 0.0660
vn 0.1339 0.1163 -0.9841
vn 0.3168 -0.6508 -0.6900
vn -0.1394 0.8823 -0.4496
vn -0.2461 0.9360 0.2519
vn -0.0000 -0.0107 -0.9999
vn -0.0000 0.8713 -0.4907
vn -0.0000 0.9631 0.2692
vn -0.0000 -0.8660 -0.5000
vn -0.0000 -0.7147 -0.6995
vn 0.3276 -0.8182 -0.4724
vn 0.7888 -0.5324 -0.3074
vn 0.5439 -0.7267 -0.4196
vn -0.6815 0.6338 0.3659
vn -0.2203 0.8447 0.4877
vn -0.0000 0.8660 0.5000
vn -0.9995 -0.0284 -0.0164
vn -0.8821 0.4079 0.2355
vn -0.8404 -0.2407 -0.4856
vn -0.3059 0.2552 -0.9172
vn -0.5820 -0.5485 -0.6003
vn -0.7364 -0.3551 -0.5759
vn 0.3477 0.7585 -0.5512
vn -0.2274 -0.2355 -0.9449
vn 0.6912 0.7197 0.0660
vn 0.4148 -0.0878 -0.9057
vn -0.1340 0.1166 -0.9841
vn -0.3169 -0.6508 -0.6900
vn 0.1397 0.8824 -0.4493
vn 0.2461 0.9359 0.2519
vn -0.3276 -0.8182 -0.4724
vn -0.7887 -0.5324 -0.3074
vn -0.5439 -0.7267 -0.4196
vn 0.6815 0.6338 0.3659
vn 0.2203 0.8447 0.4877
vn 0.8821 0.4079 0.2355
vn 0.9995 -0.0284 -0.0164
vn 0.8404 -0.2407 -0.4856
vn -0.0000 -0.2588 -0.9659
vn -0.5774 -0.2113 -0.7887
vn 0.7071 0.3536 -0.6124
vn 0.5773 -0.2113 -0.7887
vn -0.5550 -0.7204 -0.4159
vn 0.5551 -0.7204 -0.4159
vn -0.7071 0.3536 -0.6124
vn 0.5957 -0.5375 -0.5969
vn -0.5957 0.4016 -0.6956
vn 0.5957 0.4016 -0.6956
vn 0.5957 -0.7338 0.3267
vn -0.5957 -0.5375 -0.5969
vn 0.5957 0.7856 0.1670
vn -0.5957 0.0839 0.7988
vn 0.5957 0.0840 0.7988
vn -0.5957 0.7857 0.1670
vn -0.5957 -0.7338 0.3267
vn -0.5957 0.7856 0.1670
vn -0.0000 0.6428 -0.7660
vn -0.0000 0.6428 -0.7661
vn -0.7071 -0.0000 -0.7071
vn 0.5773 0.5774 -0.5774
vn 0.7071 -0.0000 -0.7071
vn 0.7329 0.6710 0.1122
vn 0.9984 -0.0000 -0.0569
vn 0.9997 -0.0000 -0.0253
vn -0.9997 -0.0000 -0.0253
vn -0.8558 0.4032 -0.3242
vn -0.7329 0.6710 0.1122
vn 0.8558 0.4032 -0.3242
vn 0.6728 0.7241 0.1518
vn 0.9995 -0.0000 0.0316
vn -0.5774 0.5773 -0.5773
vn -0.9995 -0.0000 0.0316
vn -0.6728 0.7241 0.1518
vn 0.5999 0.6620 -0.4493
vn -0.5999 0.6620 -0.4493
vn 0.8213 0.5705 -0.0000
vn -0.9984 -0.0000 -0.0569
vn -0.8213 0.5705 -0.0000
vn 0.1615 0.8233 0.5442
vn 0.1620 0.8208 0.5478
vn 0.1762 0.8446 0.5055
vn 0.2196 0.8281 0.5157
vn 0.1615 0.8234 0.5440
vn 0.1762 0.8447 0.5054
vn 0.2146 0.8745 0.4350
vn 0.2196 0.8282 0.5156
vn 0.2164 0.8711 0.4409
vn -0.9698 0.1890 0.1543
vn -0.9570 0.2082 0.2020
vn -0.9692 0.1899 0.1565
vn -0.9556 0.2101 0.2068
vn -0.9693 0.1899 0.1565
vn 0.3275 -0.6564 0.6796
vn 0.6501 -0.6472 0.3982
vn 0.7035 -0.6153 0.3555
vn 0.3198 -0.6463 0.6929
vn 0.3140 -0.7124 0.6276
vn 0.3132 -0.7146 0.6255
vn 0.9050 -0.4254 -0.0096
vn 0.9001 -0.4348 -0.0269
vn 0.7036 -0.6153 0.3555
vn 0.9049 -0.4254 -0.0096
vn 0.4060 0.4137 0.8149
vn 0.4072 0.4160 0.8131
vn 0.3701 0.4169 0.8302
vn 0.3490 0.4043 0.8454
vn 0.2959 0.3896 0.8721
vn 0.2781 0.3685 0.8871
vn -0.1762 0.8446 0.5055
vn -0.1620 0.8208 0.5478
vn -0.1615 0.8234 0.5441
vn -0.2196 0.8281 0.5157
vn -0.2164 0.8711 0.4409
vn -0.2146 0.8745 0.4350
vn 0.9693 0.1898 0.1565
vn 0.9570 0.2082 0.2020
vn 0.9698 0.1890 0.1543
vn 0.9556 0.2101 0.2068
vn -0.7036 -0.6153 0.3555
vn -0.6501 -0.6472 0.3982
vn -0.3275 -0.6564 0.6796
vn -0.3198 -0.6463 0.6929
vn -0.3140 -0.7123 0.6277
vn -0.3198 -0.6463 0.6928
vn -0.3140 -0.7124 0.6276
vn -0.3132 -0.7146 0.6255
vn -0.9049 -0.4255 -0.0097
vn -0.9001 -0.4348 -0.0269
vn -0.3701 0.4169 0.8302
vn -0.4072 0.4160 0.8131
vn -0.4060 0.4137 0.8149
vn -0.3490 0.4043 0.8454
vn -0.2959 0.3896 0.8721
vn -0.2781 0.3685 0.8871
vn 0.5962 0.7352 0.3224
vn 0.7284 0.2550 0.6360
vn 0.3846 -0.7668 0.5139
vn 0.6445 0.5259 0.5550
vn 0.9170 -0.0413 0.3968
vn 0.7786 0.5432 0.3140
vn 0.0258 0.9987 0.0445
vn 0.1218 0.9881 0.0943
vn -0.3846 -0.7668 0.5139
vn -0.7284 0.2550 0.6360
vn -0.5962 0.7352 0.3224
vn -0.6445 0.5259 0.5550
vn -0.9170 -0.0413 0.3968
vn -0.7786 0.5432 0.3140
vn -0.0258 0.9987 0.0445
vn -0.1218 0.9881 0.0943
vn -0.6574 -0.4993 0.5644
vn 0.4870 0.6412 0.5930
vn -0.4870 0.6412 0.5930
vn 0.7963 -0.6049 -0.0000
vn 0.6574 -0.4993 0.5644
vn -0.6049 0.7963 -0.0000
vn -0.7963 -0.6049 -0.0000
vn 0.6049 0.7963 -0.0000
vn -0.0000 0.9226 0.3858
vn 0.9393 -0.3427 -0.0194
vn 0.9438 -0.3290 0.0315
vn 0.9388 -0.3440 -0.0152
vn -0.0000 -0.9728 -0.2315
vn -0.9640 -0.2582 0.0636
vn -0.9650 -0.2609 0.0273
vn -0.9650 -0.2609 0.0279
vn 0.9640 -0.2582 0.0636
vn 0.9650 -0.2609 0.0279
vn 0.9650 -0.2609 0.0273
vn -0.9393 -0.3427 -0.0194
vn -0.9388 -0.3440 -0.0152
vn -0.9438 -0.3290 0.0315
vn -0.9037 0.4281 -0.0000
vn -0.4433 -0.4301 0.7864
vn -0.4482 0.4288 0.7844
vn -0.3093 0.9510 -0.0000
vn 0.4244 0.8437 0.3287
vn 0.3768 0.9263 -0.0000
vn -0.2637 -0.9646 -0.0000
vn 0.4172 -0.8580 0.2997
vn -0.1238 -0.9372 0.3261
vn 0.6098 0.2638 0.7474
vn 0.8849 0.3699 0.2830
vn 0.6054 -0.3168 0.7301
vn 0.8610 -0.4261 0.2777
vn 0.3460 -0.9382 -0.0000
vn 0.8897 -0.4565 -0.0000
vn 0.9142 0.4053 -0.0000
vn -0.1650 0.9390 0.3016
vn -0.9101 -0.4145 -0.0000
vn -0.2540 -0.0000 -0.9672
vn -0.2541 -0.0000 -0.9672
vn 0.9101 -0.4145 -0.0000
vn 0.4482 0.4288 0.7843
vn 0.4433 -0.4301 0.7865
vn -0.4244 0.8437 0.3287
vn 0.3093 0.9510 -0.0000
vn -0.3769 0.9263 -0.0000
vn -0.4172 -0.8580 0.2997
vn 0.2637 -0.9646 -0.0000
vn 0.1238 -0.9372 0.3261
vn -0.8849 0.3699 0.2830
vn -0.6098 0.2638 0.7474
vn -0.8610 -0.4261 0.2777
vn -0.6054 -0.3168 0.7301
vn -0.8897 -0.4565 -0.0000
vn -0.3460 -0.9382 -0.0000
vn -0.9142 0.4053 -0.0000
vn 0.9037 0.4282 -0.0000
vn 0.1650 0.9390 0.3016
vn 0.2541 -0.0000 -0.9672
vn 0.2540 -0.0000 -0.9672
vn -0.0652 0.8040 -0.5911
vn 0.2915 0.9020 0.3185
vn 0.6524 0.5826 -0.4847
vn 0.8273 0.1956 0.5266
vn 0.0193 -0.7002 -0.7137
vn 0.6746 -0.4972 -0.5456
vn -0.6524 0.5826 -0.4847
vn -0.2915 0.9020 0.3185
vn 0.0652 0.8040 -0.5911
vn -0.6746 -0.4972 -0.5456
vn -0.0193 -0.7002 -0.7137
vn -0.8273 0.1956 0.5266
vn -0.0000 0.8213 0.5706
vn -0.0000 -1.0000 -0.0035
vn 0.9275 0.3736 -0.0085
vn -0.9341 -0.3566 0.0154
vn -0.9275 0.3736 -0.0085
vn 0.9341 -0.3566 0.0154
vn -0.0000 0.5000 -0.8661
vn 0.0007 -0.9794 0.2020
vn -0.0000 -0.9987 -0.0501
vn -0.1048 -0.9579 -0.2673
vn -0.0000 -0.9800 0.1989
vn -0.1605 -0.9833 0.0860
vn -0.2977 -0.8534 -0.4278
vn -0.5624 -0.7731 -0.2932
vn -0.7018 -0.6654 -0.2544
vn -0.4343 -0.7941 -0.4252
vn -0.7018 -0.6654 -0.2543
vn -0.0000 0.8543 0.5197
vn -0.0000 0.8516 0.5242
vn -0.0000 0.8606 0.5093
vn -0.0000 0.8542 0.5199
vn -0.0000 0.8451 0.5346
vn -0.0000 -0.9848 -0.1738
vn -0.0000 -0.9096 -0.4154
vn -0.0000 -0.8435 -0.5371
vn -0.0000 -0.8244 -0.5660
vn -0.1716 -0.9749 0.1420
vn -0.0000 -0.7779 0.6284
vn -0.1145 -0.9821 0.1497
vn -0.0000 -0.3607 -0.9327
vn -0.2717 -0.9489 -0.1603
vn -0.0000 -0.9207 0.3903
vn -0.0000 -0.9998 -0.0207
vn -0.0000 -0.9990 -0.0447
vn -0.0254 -0.9995 -0.0213
vn -0.4058 -0.9139 0.0148
vn -0.0000 -0.9868 -0.1617
vn -0.7822 0.0075 -0.6230
vn -0.9602 -0.0909 -0.2640
vn -0.6616 0.5335 -0.5269
vn -0.9588 -0.0947 -0.2677
vn -0.9517 -0.2845 -0.1157
vn -0.6996 -0.0802 -0.7100
vn -0.5107 -0.5419 0.6674
vn -0.5676 0.0424 -0.8222
vn -0.5690 -0.4765 0.6701
vn -0.0000 -0.3522 0.9359
vn -0.0000 -0.3402 0.9404
vn -0.0000 0.3416 -0.9398
vn -0.0000 0.3203 -0.9473
vn -0.4335 -0.7703 0.4677
vn -0.5495 -0.7012 0.4543
vn -0.0006 -0.7390 0.6737
vn -0.0145 -0.7308 0.6824
vn -0.0000 -0.9999 -0.0117
vn -0.0000 -0.9807 0.1958
vn 0.1048 -0.9579 -0.2673
vn -0.0007 -0.9794 0.2020
vn 0.1605 -0.9833 0.0861
vn 0.2977 -0.8534 -0.4278
vn 0.5624 -0.7731 -0.2932
vn 0.7018 -0.6654 -0.2543
vn 0.4343 -0.7941 -0.4252
vn -0.0000 0.8517 0.5240
vn -0.0000 0.8516 0.5243
vn 0.1716 -0.9749 0.1420
vn 0.2717 -0.9489 -0.1603
vn 0.1145 -0.9821 0.1497
vn 0.0254 -0.9995 -0.0213
vn 0.4058 -0.9139 0.0148
vn 0.7822 0.0075 -0.6230
vn 0.9588 -0.0947 -0.2677
vn 0.6616 0.5335 -0.5269
vn 0.9602 -0.0909 -0.2640
vn 0.9517 -0.2845 -0.1157
vn 0.5107 -0.5419 0.6674
vn 0.6996 -0.0802 -0.7100
vn 0.5690 -0.4765 0.6701
vn 0.5676 0.0424 -0.8222
vn 0.4335 -0.7703 0.4677
vn 0.5495 -0.7012 0.4543
vn 0.0006 -0.7390 0.6737
vn 0.0145 -0.7308 0.6824
vn -0.0000 -0.4887 -0.8724
vn -0.0000 -0.8528 -0.5222
vn -0.0000 0.3679 -0.9299
vn -0.0000 0.3415 -0.9399
vn -0.0288 0.8381 -0.5448
vn -0.0000 0.8492 -0.5281
vn -0.0003 0.9716 -0.2368
vn -0.0000 0.9709 -0.2394
vn -0.0288 0.9734 -0.2275
vn -0.0000 0.9976 -0.0698
vn -0.0545 0.9861 -0.1568
vn 0.0503 0.9962 -0.0709
vn -0.0757 0.8668 -0.4929
vn -0.0000 0.2479 -0.9688
vn -0.0000 0.3433 -0.9392
vn -0.0000 0.3914 -0.9202
vn -0.0000 0.5260 -0.8505
vn -0.0000 -0.4888 -0.8724
vn 0.0288 0.8381 -0.5448
vn 0.0003 0.9716 -0.2368
vn 0.0288 0.9734 -0.2275
vn -0.0503 0.9962 -0.0709
vn 0.0545 0.9861 -0.1568
vn 0.0757 0.8668 -0.4929
vn -0.0000 0.3435 -0.9392
vn -0.4343 0.8891 0.1446
vn -0.3766 0.9264 -0.0000
vn -0.3995 0.9167 -0.0000
vn 0.0038 0.9934 0.1143
vn 0.0146 0.9941 0.1072
vn -0.0000 0.9934 0.1150
vn -0.0000 0.9926 0.1218
vn 0.0027 0.9950 0.0995
vn 0.0103 0.9956 0.0936
vn -0.0099 0.9954 0.0950
vn 0.3063 -0.1300 0.9430
vn -0.8438 0.2085 0.4945
vn -0.0000 -0.0328 0.9995
vn -0.9217 0.0291 0.3869
vn -0.8658 0.4980 0.0491
vn -0.3721 0.8249 0.4255
vn 0.1325 0.9266 0.3518
vn -0.9649 0.2332 0.1203
vn -0.8189 0.3473 0.4570
vn 0.0208 0.9948 0.1001
vn -0.0045 0.9949 0.1010
vn -0.0001 1.0000 0.0072
vn -0.2361 0.6073 0.7585
vn -0.6402 0.7682 -0.0000
vn -0.0325 0.9945 0.1000
vn 0.3766 0.9264 -0.0000
vn 0.4343 0.8891 0.1446
vn -0.0146 0.9941 0.1072
vn -0.0038 0.9934 0.1143
vn -0.0103 0.9956 0.0936
vn -0.0027 0.9950 0.0995
vn 0.0099 0.9954 0.0950
vn 0.8438 0.2085 0.4945
vn -0.3063 -0.1300 0.9430
vn 0.9217 0.0291 0.3869
vn 0.8658 0.4980 0.0491
vn 0.9649 0.2332 0.1203
vn -0.1325 0.9266 0.3518
vn 0.3721 0.8249 0.4255
vn 0.8189 0.3473 0.4570
vn -0.0208 0.9948 0.1001
vn 0.0045 0.9949 0.1010
vn 0.0001 1.0000 0.0072
vn 0.2361 0.6074 0.7585
vn 0.6402 0.7682 -0.0000
vn 0.3995 0.9167 -0.0000
vn 0.0325 0.9945 0.1000
vn -0.0000 1.0000 0.0072
vn -1.0000 -0.0031 0.0002
vn -0.9977 -0.0682 -0.0038
vn -0.9885 -0.1509 0.0032
vn -0.5260 0.8500 0.0279
vn -0.8704 0.4912 0.0334
vn -0.0000 0.9995 0.0331
vn -0.0000 0.3308 -0.9437
vn -0.0000 0.3099 -0.9508
vn -0.0000 0.6419 -0.7667
vn 0.9977 -0.0682 -0.0038
vn 1.0000 -0.0031 0.0002
vn 0.9885 -0.1509 0.0032
vn 0.8704 0.4912 0.0334
vn 0.5260 0.8500 0.0279
vn -1.0000 -0.0014 -0.0000
vn 1.0000 -0.0014 -0.0000
vn -0.0000 -0.3420 0.9397
vn -0.0000 0.3420 -0.9397
vn -0.0000 0.9397 0.3420
vn -0.0000 0.9397 0.3419
vn -0.0000 -0.9397 -0.3421
vn -0.0000 0.1736 -0.9848
vn -0.0000 -0.1736 0.9848
vn -0.0000 0.9848 0.1736
vn -0.0000 -0.9848 -0.1737
vn -0.0000 -0.9848 -0.1736
vn 0.0858 0.5576 -0.8257
vn 0.9529 0.3031 -0.0000
vn 0.7035 0.7107 -0.0000
vn 0.5903 0.8072 -0.0000
vn -0.9529 0.3031 -0.0000
vn -0.7035 0.7107 -0.0000
vn -0.5903 0.8072 -0.0000
vn -0.0000 0.4093 -0.9124
vn 0.9771 -0.0000 -0.2126
vn -0.0000 0.7197 -0.6943
vn -0.0000 -0.7071 0.7071
vn -0.0001 -0.7071 0.7071
vn -0.0000 -0.7072 0.7071
vn -0.0000 0.3910 -0.9204
vn -0.5774 -0.8165 -0.0000
vn 0.5773 -0.0000 -0.8165
vn 0.5773 -0.8165 -0.0000
vn -0.5773 0.8165 -0.0000
vn -0.5773 -0.0000 -0.8165
vn 0.5774 -0.0000 0.8165
vn -0.5773 -0.0000 0.8165
vn 0.5773 0.8165 -0.0000
vn -0.0000 0.7071 -0.7071
vn -0.0000 0.7072 -0.7071
vn 0.0001 0.7071 -0.7071
vn 0.9062 0.2071 -0.3688
vn 0.8786 -0.3385 -0.3369
vn 0.9750 -0.0147 -0.2215
vn 0.7612 -0.0662 -0.6452
vn 0.7099 -0.3592 -0.6058
vn 0.3472 -0.0845 -0.9340
vn 0.3449 -0.3702 -0.8626
vn 0.1559 -0.3279 -0.9318
vn 0.1523 -0.0891 -0.9843
vn 0.0949 -0.2829 -0.9544
vn 0.0718 -0.3075 -0.9488
vn 0.0626 -0.0865 -0.9943
vn 0.1021 -0.0834 -0.9913
vn 0.0234 -0.0744 -0.9970
vn -0.0000 -0.0901 -0.9959
vn 0.0930 -0.4773 -0.8738
vn 0.0397 -0.4627 -0.8856
vn 0.0485 -0.4623 -0.8854
vn -0.0000 -0.4629 -0.8864
vn 0.1547 -0.5637 -0.8114
vn 0.2780 -0.6163 -0.7368
vn 0.1493 -0.6090 -0.7790
vn 0.1483 -0.6056 -0.7819
vn 0.2755 -0.6163 -0.7378
vn 0.1017 -0.5879 -0.8025
vn 0.0967 -0.5845 -0.8056
vn 0.0364 -0.5868 -0.8089
vn 0.0356 -0.5868 -0.8089
vn -0.0000 -0.5872 -0.8094
vn 0.6518 -0.6541 -0.3838
vn 0.4456 -0.6974 -0.5613
vn 0.6571 -0.5683 -0.4953
vn 0.5834 -0.5823 -0.5662
vn 0.7920 -0.5210 -0.3183
vn 0.7864 -0.5379 -0.3036
vn 0.2371 -0.6097 -0.7563
vn 0.0132 0.9332 -0.3591
vn -0.0000 0.9333 -0.3591
vn 0.0142 0.9337 -0.3578
vn 0.0345 0.9373 -0.3468
vn 0.0350 0.9373 -0.3467
vn 0.0523 0.9334 -0.3550
vn 0.0494 0.9294 -0.3657
vn 0.1022 0.8969 -0.4302
vn 0.3806 0.7937 -0.4746
vn 0.3105 0.8342 -0.4558
vn 0.9061 0.2070 -0.3690
vn 0.0317 0.6879 -0.7251
vn -0.0000 0.6883 -0.7255
vn 0.0326 0.6879 -0.7251
vn 0.1323 0.7058 -0.6960
vn 0.0864 0.6857 -0.7227
vn 0.0911 0.6884 -0.7195
vn 0.1328 0.7086 -0.6930
vn 0.2443 0.7152 -0.6548
vn 0.5898 0.6433 -0.4881
vn 0.5081 0.6876 -0.5188
vn 0.2468 0.7152 -0.6538
vn 0.7982 0.3212 -0.5097
vn 0.8025 0.1906 -0.5654
vn -0.9750 -0.0147 -0.2215
vn -0.8786 -0.3385 -0.3369
vn -0.9061 0.2071 -0.3688
vn -0.7612 -0.0662 -0.6452
vn -0.7099 -0.3592 -0.6058
vn -0.3472 -0.0845 -0.9340
vn -0.3449 -0.3702 -0.8626
vn -0.1523 -0.0891 -0.9843
vn -0.1559 -0.3279 -0.9318
vn -0.0626 -0.0865 -0.9943
vn -0.0718 -0.3075 -0.9488
vn -0.0949 -0.2829 -0.9544
vn -0.1021 -0.0834 -0.9913
vn -0.0234 -0.0744 -0.9970
vn -0.0485 -0.4623 -0.8854
vn -0.0397 -0.4627 -0.8856
vn -0.0930 -0.4773 -0.8738
vn -0.1547 -0.5637 -0.8114
vn -0.1483 -0.6056 -0.7819
vn -0.1493 -0.6090 -0.7790
vn -0.2780 -0.6163 -0.7368
vn -0.2755 -0.6163 -0.7378
vn -0.0967 -0.5845 -0.8056
vn -0.1017 -0.5879 -0.8025
vn -0.0356 -0.5868 -0.8089
vn -0.0364 -0.5868 -0.8089
vn -0.6518 -0.6541 -0.3838
vn -0.4456 -0.6974 -0.5613
vn -0.7920 -0.5210 -0.3183
vn -0.5834 -0.5823 -0.5662
vn -0.6571 -0.5683 -0.4953
vn -0.7864 -0.5379 -0.3036
vn -0.2371 -0.6097 -0.7563
vn -0.0132 0.9332 -0.3591
vn -0.0345 0.9373 -0.3468
vn -0.0142 0.9337 -0.3578
vn -0.0350 0.9373 -0.3467
vn -0.0523 0.9334 -0.3550
vn -0.1022 0.8969 -0.4302
vn -0.0494 0.9294 -0.3657
vn -0.9062 0.2071 -0.3688
vn -0.3105 0.8342 -0.4558
vn -0.3806 0.7937 -0.4746
vn -0.0317 0.6879 -0.7251
vn -0.0326 0.6879 -0.7251
vn -0.0911 0.6884 -0.7195
vn -0.0864 0.6857 -0.7227
vn -0.1323 0.7058 -0.6960
vn -0.1328 0.7086 -0.6930
vn -0.5081 0.6876 -0.5188
vn -0.5898 0.6433 -0.4881
vn -0.2443 0.7152 -0.6548
vn -0.2468 0.7152 -0.6538
vn -0.8025 0.1906 -0.5654
vn -0.7982 0.3212 -0.5096
vn 0.0008 -0.9990 -0.0455
vn -0.0000 -0.9990 -0.0440
vn -0.0000 -0.9990 -0.0437
vn 0.0103 -0.9978 -0.0661
vn 0.0002 -1.0000 -0.0012
vn 0.0311 -0.9952 -0.0929
vn 0.0187 -0.9968 -0.0777
vn -0.0008 -0.9990 -0.0455
vn -0.0002 -1.0000 -0.0012
vn -0.0103 -0.9978 -0.0661
vn -0.0311 -0.9952 -0.0929
vn -0.0187 -0.9968 -0.0777
vn 0.0031 -0.3077 -0.9515
vn 0.0118 -0.4623 -0.8866
vn 0.0054 -0.4560 -0.8900
vn -0.0001 -0.3042 -0.9526
vn -0.0000 -0.1505 -0.9886
vn -0.0054 -0.4560 -0.8900
vn -0.0118 -0.4623 -0.8866
vn -0.0031 -0.3077 -0.9515
vn 0.0001 -0.3042 -0.9526
vn 0.0051 0.0056 -1.0000
vn 0.0133 -0.0000 -0.9999
vn 0.0083 0.0034 -1.0000
vn -0.0083 0.0034 -1.0000
vn -0.0133 -0.0000 -0.9999
vn -0.0051 0.0056 -1.0000
vn -0.2567 0.6916 -0.6752
vn 0.2642 0.8235 0.5021
vn 0.2567 0.6916 -0.6752
vn -0.5767 0.5796 0.5758
vn -0.5565 0.4587 -0.6927
vn -0.4069 0.6536 0.6381
vn -0.5230 -0.0061 0.8523
vn -0.8401 0.3052 -0.4483
vn -0.8765 -0.2161 -0.4302
vn -0.4580 0.0126 0.8888
vn -0.0842 -0.4712 0.8780
vn -0.8262 -0.4826 -0.2908
vn -0.3784 -0.4713 -0.7967
vn -0.4726 0.5338 0.7012
vn -0.0000 0.1737 0.9848
vn -0.0196 -0.0079 -0.9998
vn -0.5295 0.2351 -0.8151
vn -0.8469 -0.1975 -0.4937
vn -0.1809 0.2003 0.9629
vn 0.0842 -0.4711 0.8780
vn -0.0000 0.1736 0.9848
vn -0.0000 -0.1737 -0.9848
vn 0.1809 0.2003 0.9629
vn -0.3515 -0.2536 0.9012
vn 0.5767 0.5796 0.5758
vn 0.5565 0.4587 -0.6927
vn 0.4069 0.6536 0.6381
vn 0.8401 0.3052 -0.4483
vn 0.5230 -0.0061 0.8523
vn 0.8765 -0.2161 -0.4302
vn 0.4580 0.0126 0.8888
vn 0.8262 -0.4826 -0.2908
vn 0.3784 -0.4713 -0.7967
vn 0.4726 0.5338 0.7012
vn 0.5295 0.2351 -0.8151
vn 0.0196 -0.0079 -0.9998
vn 0.8469 -0.1976 -0.4937
vn 0.3515 -0.2536 0.9012
vn -0.2642 0.8235 0.5021
vn -0.7071 -0.6963 0.1228
vn 0.7071 -0.6963 0.1228
vn 0.7071 -0.6964 0.1228
vn 0.7071 0.6963 -0.1228
vn 0.7071 0.6964 -0.1228
vn -0.7071 0.6964 -0.1228
vn -0.7071 0.6963 -0.1228
vn 0.8469 -0.1975 -0.4937
vn -0.8469 -0.1976 -0.4937
vn -0.1842 -0.6561 0.7319
vn 0.1185 0.6207 0.7751
vn -0.1185 0.6207 0.7751
vn 0.3541 0.6000 -0.7173
vn -0.3754 -0.6140 -0.6943
vn -0.3541 0.6000 -0.7173
vn -0.7456 -0.6400 -0.1856
vn -0.5734 0.7942 -0.2011
vn -0.5145 0.7266 0.4555
vn 0.1842 -0.6561 0.7319
vn -0.6580 -0.6145 0.4353
vn 0.7456 -0.6400 -0.1856
vn 0.5734 0.7942 -0.2011
vn 0.5145 0.7266 0.4555
vn 0.3754 -0.6140 -0.6943
vn 0.6580 -0.6145 0.4353
vn -0.0000 -0.7747 0.6323
vn -0.0000 -0.4288 0.9034
vn -0.0874 0.7217 0.6867
vn 0.1824 0.7319 0.6565
vn -0.0000 0.7071 0.7071
vn 0.1981 0.6488 0.7347
vn -0.1900 0.9686 -0.1603
vn -0.3572 0.9273 -0.1120
vn -0.1053 0.7324 0.6727
vn 0.4487 0.8915 -0.0623
vn 0.2408 0.9576 -0.1584
vn 0.5463 0.3185 0.7747
vn 0.4521 0.2889 0.8439
vn 0.0754 0.6404 0.7643
vn 0.3863 0.4884 0.7824
vn -0.3675 0.3213 0.8728
vn 0.1294 0.7905 0.5987
vn -0.0222 0.5856 0.8103
vn -0.1920 0.3178 0.9285
vn -0.0000 0.7408 0.6717
vn -0.0000 0.5733 0.8194
vn -0.0000 0.4048 0.9144
vn -0.0000 0.7233 -0.6905
vn -0.0000 0.9283 -0.3719
vn 0.0972 0.9386 -0.3311
vn -0.0000 0.9383 0.3459
vn 0.0977 0.9474 0.3049
vn 0.2356 0.9546 -0.1824
vn -0.1981 0.6488 0.7347
vn 0.0874 0.7216 0.6867
vn -0.1824 0.7319 0.6565
vn 0.3572 0.9273 -0.1120
vn 0.1900 0.9686 -0.1603
vn 0.1053 0.7324 0.6727
vn -0.2408 0.9576 -0.1584
vn -0.4487 0.8915 -0.0623
vn -0.0754 0.6404 0.7643
vn -0.4521 0.2889 0.8439
vn -0.5463 0.3185 0.7747
vn -0.3863 0.4884 0.7824
vn 0.0222 0.5856 0.8103
vn -0.1294 0.7905 0.5987
vn 0.3675 0.3213 0.8728
vn 0.1920 0.3178 0.9285
vn -0.0972 0.9386 -0.3311
vn -0.0977 0.9474 0.3049
vn -0.2356 0.9546 -0.1824
vn -0.6308 0.7718 -0.0808
vn -0.3688 0.8377 0.4028
vn -0.3914 0.7287 -0.5620
vn 0.6308 0.7717 -0.0808
vn 0.3913 0.7287 -0.5620
vn 0.3688 0.8377 0.4028
vn 0.4524 0.2140 0.8658
vn -0.4711 0.1085 -0.8754
vn -0.5822 -0.1383 0.8012
vn -0.9970 -0.0774 -0.0078
vn -0.5674 -0.0000 0.8235
vn 0.5821 -0.1383 0.8013
vn -0.4525 0.2140 0.8657
vn 0.5673 -0.0000 0.8235
vn 0.9970 -0.0775 -0.0078
vn 0.5682 -0.0731 -0.8196
vn 0.5673 -0.0000 -0.8235
vn -0.5683 -0.0731 -0.8196
vn 0.4710 0.1086 -0.8754
vn -0.5674 -0.0000 -0.8235
vn 0.9888 0.1473 0.0243
vn -0.9888 0.1473 0.0243
vn 0.5662 0.5991 0.5662
vn -0.4161 0.8085 0.4161
vn -0.5662 0.5991 0.5662
vn 0.5662 0.5991 -0.5662
vn 0.4161 0.8085 0.4161
vn -0.5662 0.5991 -0.5662
vn 0.4161 0.8085 -0.4161
vn -0.4161 0.8085 -0.4161
vn -0.2295 -0.8429 -0.4867
vn 0.2295 -0.8429 -0.4867
vn -0.8505 -0.4555 -0.2630
vn -0.8505 0.4555 0.2630
vn -0.2295 0.8429 0.4867
vn 0.2295 0.8429 0.4867
vn -0.2295 0.8429 0.4866
vn 0.8505 0.4555 0.2630
vn 0.2295 0.8429 0.4866
vn 0.8505 -0.4555 -0.2630
vn -0.5547 -0.8321 -0.0000
vn -0.5228 0.8525 -0.0000
vn -0.0000 0.5001 -0.8660
vn -0.0000 0.5000 0.8660
vn -0.0000 1.0000 0.0001
vn -0.5229 0.8524 -0.0000
vn -0.5547 0.8320 -0.0000
vn -0.0000 0.4999 0.8661
vn 0.6537 -0.3896 -0.6488
vn 0.2902 -0.9042 0.3135
vn 0.2900 -0.9035 -0.3156
vn 0.6532 -0.3904 0.6488
vn -0.6537 -0.3872 -0.6502
vn -0.2965 -0.9024 0.3127
vn -0.6533 -0.3880 0.6502
vn -0.7071 -0.0000 0.7071
vn 0.7071 -0.0000 0.7071
vn -0.2962 -0.9017 -0.3148
vn -0.0858 0.5575 -0.8257
vn -0.0000 -0.3388 0.9409
vn 0.0399 0.9036 -0.4266
vn -0.0000 0.9071 -0.4210
vn 0.0123 0.9103 -0.4137
vn -0.0399 0.9036 -0.4266
vn -0.0123 0.9103 -0.4137
vn -0.8342 -0.2918 -0.4679
vn -0.0476 -0.9989 -0.0025
vn -0.8250 -0.5647 -0.0205
vn 0.0858 -0.7236 -0.6849
vn -0.7882 0.2047 -0.5804
vn 0.6109 0.1416 0.7790
vn 0.2073 -0.8665 -0.4541
vn 0.5894 0.1810 0.7873
vn -0.1951 0.9447 0.2635
vn -0.4825 0.8124 0.3274
vn -0.5939 0.4115 -0.6913
vn -0.0000 -0.8685 -0.4956
vn -0.3492 0.9271 0.1358
vn -0.0951 0.0229 -0.9952
vn 0.2996 0.6103 0.7333
vn 0.3324 0.5861 0.7389
vn -0.0000 -0.3567 -0.9342
vn -0.0000 -0.1944 -0.9809
vn -0.0000 0.8262 0.5634
vn -0.0000 0.9556 0.2948
vn -0.0000 0.7838 0.6210
vn -0.0000 0.9444 0.3288
vn 0.0476 -0.9989 -0.0025
vn 0.8342 -0.2918 -0.4679
vn 0.8250 -0.5647 -0.0205
vn -0.0857 -0.7236 -0.6849
vn 0.7882 0.2046 -0.5804
vn -0.2076 -0.8666 -0.4537
vn -0.5832 0.1927 0.7892
vn 0.4825 0.8124 0.3274
vn 0.1951 0.9447 0.2635
vn -0.5894 0.1810 0.7873
vn 0.5939 0.4115 -0.6913
vn 0.3493 0.9271 0.1358
vn 0.0951 0.0229 -0.9952
vn -0.3324 0.5861 0.7389
vn -0.2996 0.6103 0.7333
vn 0.5957 0.3169 0.7380
vn -0.7829 0.2455 0.5717
vn -0.5957 0.3169 0.7380
vn 0.7829 -0.2455 -0.5717
vn 0.7829 0.2455 0.5717
vn -0.7829 -0.2455 -0.5717
vn 0.5957 -0.3169 -0.7380
vn -0.5957 -0.3169 -0.7380
vn -0.5957 0.3170 0.7380
vn 0.1410 0.8997 0.4131
vn 0.2027 0.6653 0.7185
vn -0.1410 -0.8997 -0.4131
vn 0.0578 0.9973 0.0448
vn 0.0578 0.9973 0.0449
vn 0.9717 -0.0460 -0.2316
vn -0.9717 0.0460 0.2316
vn -0.0623 0.9021 0.4269
vn -0.1028 0.6686 0.7365
vn -0.0623 0.9022 0.4269
vn 0.0623 -0.9021 -0.4269
vn -0.0124 0.9985 0.0524
vn -0.0124 0.9986 0.0523
vn 0.9910 0.0052 0.1335
vn -0.9910 -0.0053 -0.1335
vn 0.2027 0.6654 0.7185
vn -0.1028 0.6685 0.7365
vn -0.9954 -0.0247 0.0922
vn 0.4171 0.2527 0.8730
vn 0.0840 0.2598 0.9620
vn 0.3956 0.2542 0.8825
vn 0.6885 0.2179 0.6917
vn 0.0013 -0.9659 -0.2589
vn -0.1457 -0.9591 -0.2425
vn -0.0927 -0.9640 -0.2491
vn -0.2507 -0.9410 -0.2272
vn -0.1458 -0.9591 -0.2425
vn -0.3376 0.6756 -0.6554
vn -0.0595 0.7065 -0.7052
vn -0.2573 0.6906 -0.6759
vn -0.5332 0.6147 -0.5812
vn -0.9604 -0.0843 -0.2656
vn 0.1716 0.0179 0.9850
vn -0.2657 -0.0202 0.9638
vn 0.1396 0.0151 0.9901
vn 0.5568 0.0510 0.8291
vn 0.2173 -0.8518 -0.4767
vn -0.0171 -0.8495 -0.5274
vn 0.0894 -0.8567 -0.5080
vn -0.1759 -0.8200 -0.5446
vn -0.2811 0.7886 -0.5470
vn 0.0758 0.8743 -0.4795
vn -0.1495 0.8344 -0.5304
vn -0.5155 0.6584 -0.5485
vn -0.2506 -0.9410 -0.2272
vn -0.1758 -0.8201 -0.5445
vn 0.9963 -0.0012 -0.0865
vn -0.1541 -0.0235 -0.9878
vn 0.0676 -0.8538 0.5162
vn 0.0309 0.8775 0.4786
vn -0.1221 0.8981 -0.4225
vn -0.1798 0.6621 -0.7275
vn -0.1222 0.8981 -0.4225
vn 0.1221 -0.8981 0.4225
vn 0.1222 -0.8981 0.4226
vn -0.0459 0.9975 -0.0533
vn -0.9769 -0.0338 0.2109
vn 0.9769 0.0336 -0.2108
vn -0.5957 -0.4721 -0.6498
vn 0.7682 -0.6088 -0.1978
vn -0.7682 -0.6088 -0.1978
vn -0.5957 0.4721 -0.6498
vn 0.5957 -0.4721 -0.6498
vn -0.7682 0.6088 -0.1978
vn 0.5957 0.4721 -0.6498
vn 0.7682 0.6088 -0.1978
vt 0.374940 0.496480
vt 0.312030 0.443860
vt 0.373400 0.443860
vt 0.316930 0.497580
vt 0.468550 0.495090
vt 0.468420 0.443860
vt 0.530780 0.443860
vt 0.528870 0.494260
vt 0.283340 0.443860
vt 0.290020 0.498330
vt 0.473860 0.532180
vt 0.525430 0.542890
vt 0.350140 0.537140
vt 0.322090 0.542000
vt 0.715960 0.834960
vt 0.652140 0.863460
vt 0.636840 0.853600
vt 0.708640 0.822760
vt 0.768420 0.794780
vt 0.780970 0.805930
vt 0.348530 0.545480
vt 0.312420 0.551570
vt 0.324970 0.562710
vt 0.347290 0.556600
vt 0.477210 0.541440
vt 0.428380 0.543060
vt 0.429570 0.533920
vt 0.424810 0.554070
vt 0.434680 0.553860
vt 0.478340 0.552060
vt 0.650950 0.619340
vt 0.719550 0.606750
vt 0.729270 0.619340
vt 0.053580 0.805150
vt 0.152570 0.827680
vt 0.101100 0.843600
vt 0.100670 0.795980
vt 0.205250 0.852660
vt 0.140660 0.873760
vt 0.267930 0.627340
vt 0.273250 0.620340
vt 0.284490 0.624140
vt 0.072520 0.655750
vt 0.028830 0.664710
vt 0.072650 0.651960
vt 0.160720 0.637950
vt 0.159820 0.642380
vt 0.116990 0.631740
vt 0.072220 0.619890
vt 0.074460 0.630290
vt 0.114640 0.622390
vt 0.028330 0.629480
vt 0.024900 0.618380
vt 0.554270 0.623300
vt 0.551540 0.654100
vt 0.544830 0.623390
vt 0.641890 0.644330
vt 0.742080 0.639560
vt 0.865060 0.636530
vt 0.852880 0.619340
vt 0.269530 0.633530
vt 0.218590 0.667490
vt 0.148070 0.673950
vt 0.744810 0.606600
vt 0.732580 0.601930
vt 0.101870 0.679390
vt 0.060360 0.686160
vt 0.104400 0.697700
vt 0.116840 0.697700
vt 0.145610 0.682520
vt 0.289410 0.740210
vt 0.294130 0.756570
vt 0.256780 0.756570
vt 0.284900 0.721670
vt 0.245330 0.721670
vt 0.224870 0.697750
vt 0.217730 0.701220
vt 0.187340 0.682520
vt 0.232580 0.721670
vt 0.240570 0.756570
vt 0.284970 0.663730
vt 0.300740 0.631470
vt 0.061820 0.700060
vt 0.891620 0.932240
vt 0.950170 0.932240
vt 0.918120 0.962450
vt 0.951650 0.962450
vt 0.995040 0.869350
vt 0.979780 0.919290
vt 0.961930 0.869350
vt 0.995040 0.945620
vt 0.989990 0.928960
vt 0.961930 0.913820
vt 0.995040 0.792500
vt 0.961930 0.792500
vt 0.891620 0.824030
vt 0.920380 0.795410
vt 0.950170 0.824030
vt 0.936420 0.800330
vt 0.945620 0.809040
vt 0.895610 0.809040
vt 0.904500 0.800330
vt 0.856160 0.606750
vt 0.871330 0.607630
vt 0.891620 0.885690
vt 0.950170 0.885690
vt 0.675250 0.487390
vt 0.677750 0.521080
vt 0.675250 0.530510
vt 0.693320 0.487390
vt 0.683330 0.515630
vt 0.693320 0.512530
vt 0.693320 0.443860
vt 0.675250 0.443860
vt 0.520870 0.570980
vt 0.536880 0.545890
vt 0.647330 0.537630
vt 0.549670 0.489060
vt 0.651690 0.493270
vt 0.551910 0.443860
vt 0.654030 0.443860
vt 0.644440 0.570870
vt 0.533120 0.578860
vt 0.259180 0.520190
vt 0.269680 0.555870
vt 0.194590 0.518180
vt 0.193920 0.554540
vt 0.107110 0.511010
vt 0.106080 0.552120
vt 0.192670 0.591510
vt 0.103800 0.588040
vt 0.048390 0.501180
vt 0.053250 0.548300
vt 0.059570 0.584390
vt 0.041160 0.546940
vt 0.028470 0.517070
vt 0.023780 0.493590
vt 0.107690 0.505480
vt 0.020590 0.443860
vt 0.045960 0.443860
vt 0.195710 0.509230
vt 0.257490 0.509960
vt 0.277310 0.510080
vt 0.252380 0.443860
vt 0.195710 0.443860
vt 0.107690 0.443860
vt 0.300640 0.592690
vt 0.271190 0.443860
vt 0.288040 0.556160
vt 0.306070 0.587420
vt 0.671060 0.569410
vt 0.374940 0.391240
vt 0.316930 0.390140
vt 0.468550 0.392630
vt 0.528870 0.393460
vt 0.290020 0.389390
vt 0.525430 0.344830
vt 0.473860 0.355540
vt 0.350140 0.350580
vt 0.322090 0.345720
vt 0.636840 0.731450
vt 0.652140 0.721580
vt 0.715960 0.750090
vt 0.708640 0.762290
vt 0.780970 0.779120
vt 0.768420 0.790260
vt 0.312420 0.336150
vt 0.348530 0.342240
vt 0.324970 0.325010
vt 0.347290 0.331120
vt 0.428380 0.344660
vt 0.477210 0.346280
vt 0.429570 0.353800
vt 0.434680 0.333860
vt 0.424810 0.333650
vt 0.478340 0.335660
vt 0.729270 0.965620
vt 0.719550 0.978210
vt 0.650950 0.965620
vt 0.101100 0.741360
vt 0.152570 0.757280
vt 0.053580 0.779810
vt 0.100670 0.788980
vt 0.140660 0.711200
vt 0.205250 0.732300
vt 0.284490 0.960820
vt 0.273250 0.964610
vt 0.267930 0.957620
vt 0.072650 0.933000
vt 0.028830 0.920250
vt 0.072520 0.929210
vt 0.159820 0.942580
vt 0.160720 0.947010
vt 0.544830 0.961570
vt 0.551540 0.930860
vt 0.554270 0.961660
vt 0.641890 0.940630
vt 0.742080 0.945400
vt 0.865060 0.948430
vt 0.852880 0.965620
vt 0.148070 0.911010
vt 0.218590 0.917470
vt 0.269530 0.951430
vt 0.732580 0.983030
vt 0.744810 0.978360
vt 0.101870 0.905570
vt 0.060360 0.898800
vt 0.104400 0.887260
vt 0.116840 0.887260
vt 0.145610 0.902430
vt 0.256780 0.828390
vt 0.294140 0.828390
vt 0.289410 0.844750
vt 0.284900 0.863290
vt 0.245330 0.863290
vt 0.187340 0.902430
vt 0.217730 0.883740
vt 0.224870 0.887210
vt 0.232580 0.863290
vt 0.240570 0.828390
vt 0.284970 0.921230
vt 0.300740 0.953490
vt 0.061820 0.884900
vt 0.918120 0.623400
vt 0.950170 0.653610
vt 0.891620 0.653610
vt 0.951650 0.623400
vt 0.961930 0.715650
vt 0.979780 0.665710
vt 0.995040 0.715650
vt 0.989990 0.656040
vt 0.995040 0.639370
vt 0.961930 0.671180
vt 0.950170 0.761830
vt 0.920380 0.790450
vt 0.891620 0.761830
vt 0.936420 0.785530
vt 0.945620 0.776820
vt 0.904500 0.785530
vt 0.895610 0.776820
vt 0.856160 0.978210
vt 0.871330 0.977330
vt 0.950170 0.700170
vt 0.891620 0.700170
vt 0.675250 0.357210
vt 0.677750 0.366630
vt 0.675250 0.400330
vt 0.683330 0.372090
vt 0.693320 0.400330
vt 0.693320 0.375190
vt 0.647330 0.350090
vt 0.536880 0.341830
vt 0.520870 0.316740
vt 0.651690 0.394450
vt 0.549670 0.398660
vt 0.644440 0.316850
vt 0.533120 0.308860
vt 0.194590 0.369540
vt 0.269680 0.331850
vt 0.259180 0.367530
vt 0.193920 0.333180
vt 0.107110 0.376710
vt 0.106080 0.335600
vt 0.192670 0.296210
vt 0.103800 0.299680
vt 0.048390 0.386530
vt 0.053250 0.339420
vt 0.059570 0.303330
vt 0.041160 0.340780
vt 0.028470 0.370640
vt 0.023780 0.394130
vt 0.107690 0.382240
vt 0.195710 0.378490
vt 0.257490 0.377760
vt 0.277310 0.377640
vt 0.300850 0.295030
vt 0.288040 0.331560
vt 0.306070 0.300300
vt 0.671060 0.318310
vt 0.634930 0.666240
vt 0.573960 0.662160
vt 0.624550 0.721670
vt 0.550150 0.721670
vt 0.675910 0.680190
vt 0.643070 0.696240
vt 0.750660 0.664370
vt 0.717640 0.680190
vt 0.542240 0.740210
vt 0.617030 0.756570
vt 0.612240 0.756570
vt 0.525880 0.756570
vt 0.752290 0.692070
vt 0.750810 0.698490
vt 0.774990 0.717400
vt 0.783160 0.740010
vt 0.768050 0.729360
vt 0.771480 0.759050
vt 0.787170 0.759050
vt 0.850770 0.682190
vt 0.854510 0.661110
vt 0.845410 0.713050
vt 0.840470 0.746930
vt 0.841930 0.735470
vt 0.842690 0.730350
vt 0.762900 0.717700
vt 0.573960 0.922790
vt 0.634930 0.918720
vt 0.550150 0.863290
vt 0.624550 0.863290
vt 0.643070 0.888720
vt 0.675910 0.904770
vt 0.717640 0.904770
vt 0.750660 0.920590
vt 0.542240 0.844750
vt 0.612240 0.828390
vt 0.617030 0.828390
vt 0.525880 0.828390
vt 0.752290 0.892890
vt 0.750810 0.886470
vt 0.768050 0.855600
vt 0.783160 0.844950
vt 0.774990 0.867550
vt 0.771480 0.825900
vt 0.787170 0.825900
vt 0.850770 0.902770
vt 0.854510 0.923850
vt 0.845410 0.871910
vt 0.841930 0.849490
vt 0.840470 0.838030
vt 0.842690 0.854600
vt 0.762900 0.867250
vt 0.601450 0.769530
vt 0.617160 0.781220
vt 0.597550 0.781220
vt 0.293420 0.781220
vt 0.511550 0.769530
vt 0.292890 0.769530
vt 0.256780 0.765220
vt 0.240570 0.764830
vt 0.245780 0.777440
vt 0.617160 0.803740
vt 0.601450 0.815420
vt 0.597550 0.803740
vt 0.511550 0.815420
vt 0.293420 0.803740
vt 0.294140 0.815420
vt 0.256780 0.819730
vt 0.240570 0.820130
vt 0.245780 0.807520
vt 0.914440 0.118120
vt 0.914900 0.108470
vt 0.914670 0.118120
vt 0.914210 0.108470
vt 0.685280 0.018840
vt 0.684460 0.016540
vt 0.685280 0.016540
vt 0.684220 0.018310
vt 0.684220 0.016540
vt 0.681550 0.016540
vt 0.681850 0.018310
vt 0.681550 0.019050
vt 0.676880 0.016540
vt 0.676880 0.019050
vt 0.676150 0.018310
vt 0.684220 0.019100
vt 0.684460 0.019100
vt 0.681850 0.019240
vt 0.676150 0.019240
vt 0.676150 0.016540
vt 0.673810 0.018310
vt 0.673810 0.016540
vt 0.681850 0.016540
vt 0.680860 0.011040
vt 0.680860 0.011650
vt 0.681100 0.012770
vt 0.681700 0.013590
vt 0.682750 0.014110
vt 0.685160 0.013520
vt 0.684090 0.014110
vt 0.685550 0.012900
vt 0.685830 0.011570
vt 0.685720 0.012530
vt 0.678890 0.011540
vt 0.679050 0.011150
vt 0.678890 0.011760
vt 0.678630 0.012880
vt 0.678150 0.013540
vt 0.677170 0.014140
vt 0.675830 0.014140
vt 0.674150 0.010900
vt 0.674150 0.011130
vt 0.674150 0.011510
vt 0.674230 0.012640
vt 0.674910 0.013660
vt 0.497550 0.021440
vt 0.510140 0.010700
vt 0.543460 0.021440
vt 0.543460 0.008830
vt 0.494300 0.013780
vt 0.472600 0.021440
vt 0.472020 0.004170
vt 0.489290 0.021440
vt 0.492890 0.013780
vt 0.725440 0.004490
vt 0.722510 0.005630
vt 0.722510 0.004490
vt 0.429210 0.003970
vt 0.468540 0.021440
vt 0.429210 0.021440
vt 0.725930 0.005630
vt 0.470340 0.004170
vt 0.383290 0.008810
vt 0.423800 0.008810
vt 0.383290 0.021470
vt 0.422600 0.021470
vt 0.426260 0.008810
vt 0.383290 0.018510
vt 0.425310 0.018510
vt 0.424570 0.021470
vt 0.427140 0.018510
vt 0.677890 0.013940
vt 0.678370 0.012970
vt 0.678400 0.014740
vt 0.677770 0.014750
vt 0.680870 0.015360
vt 0.678380 0.015360
vt 0.680870 0.012970
vt 0.680870 0.014740
vt 0.062490 0.718760
vt 0.029290 0.729490
vt 0.062490 0.729490
vt 0.029290 0.718760
vt 0.010810 0.724110
vt 0.012700 0.768440
vt 0.048810 0.761320
vt 0.048810 0.768440
vt 0.012700 0.761320
vt 0.048810 0.754340
vt 0.012700 0.737770
vt 0.012700 0.754340
vt 0.048810 0.737770
vt 0.053430 0.759710
vt 0.053430 0.732490
vt 0.059870 0.732490
vt 0.064380 0.754340
vt 0.059870 0.759710
vt 0.064380 0.737770
vt 0.506960 0.054860
vt 0.540550 0.056010
vt 0.511220 0.064390
vt 0.544590 0.064390
vt 0.543910 0.064390
vt 0.548890 0.014780
vt 0.557550 0.021440
vt 0.557550 0.008830
vt 0.548890 0.021440
vt 0.678850 0.015520
vt 0.678850 0.017130
vt 0.677680 0.017480
vt 0.679260 0.016950
vt 0.681250 0.015520
vt 0.681250 0.016150
vt 0.680790 0.016320
vt 0.675610 0.017400
vt 0.673560 0.015520
vt 0.675610 0.015520
vt 0.676230 0.015520
vt 0.685910 0.015520
vt 0.685910 0.016150
vt 0.518070 0.223640
vt 0.544910 0.255430
vt 0.518070 0.263660
vt 0.544910 0.263660
vt 0.579090 0.223640
vt 0.579090 0.255430
vt 0.491230 0.255430
vt 0.491230 0.263660
vt 0.457100 0.223640
vt 0.457100 0.255430
vt 0.673560 0.017400
vt 0.676230 0.017580
vt 0.518060 0.273430
vt 0.465300 0.273430
vt 0.487300 0.269550
vt 0.518060 0.269550
vt 0.465300 0.259780
vt 0.487300 0.259780
vt 0.398200 0.273440
vt 0.375390 0.273700
vt 0.375580 0.259780
vt 0.398200 0.259780
vt 0.359250 0.258790
vt 0.333410 0.276830
vt 0.314570 0.254050
vt 0.355720 0.276120
vt 0.306890 0.278510
vt 0.361820 0.276120
vt 0.447240 0.259780
vt 0.433870 0.273440
vt 0.433870 0.259780
vt 0.385190 0.222690
vt 0.394390 0.229490
vt 0.383230 0.229490
vt 0.403510 0.222690
vt 0.402410 0.229490
vt 0.305450 0.253730
vt 0.287130 0.284160
vt 0.307730 0.222690
vt 0.314500 0.222690
vt 0.362820 0.222690
vt 0.347070 0.222690
vt 0.378560 0.252940
vt 0.358340 0.252940
vt 0.354740 0.252940
vt 0.548820 0.269550
vt 0.570820 0.273430
vt 0.548820 0.259780
vt 0.570820 0.259780
vt 0.660540 0.259780
vt 0.660730 0.273700
vt 0.637920 0.273440
vt 0.637920 0.259780
vt 0.721550 0.254050
vt 0.702710 0.276830
vt 0.676870 0.258790
vt 0.680400 0.276120
vt 0.729230 0.278510
vt 0.674300 0.276120
vt 0.588880 0.259780
vt 0.602250 0.259780
vt 0.602250 0.273440
vt 0.652890 0.229490
vt 0.641730 0.229490
vt 0.650930 0.222690
vt 0.633710 0.229490
vt 0.632610 0.222690
vt 0.748990 0.284160
vt 0.730680 0.253730
vt 0.721620 0.222690
vt 0.728390 0.222690
vt 0.673300 0.222690
vt 0.689050 0.222690
vt 0.677780 0.252940
vt 0.657560 0.252940
vt 0.681380 0.252940
vt 0.603730 0.059010
vt 0.604110 0.064400
vt 0.621960 0.064400
vt 0.620820 0.051930
vt 0.563890 0.064400
vt 0.565050 0.052200
vt 0.547710 0.046630
vt 0.546370 0.064400
vt 0.720800 0.005370
vt 0.717650 0.005370
vt 0.717650 0.007620
vt 0.721240 0.007620
vt 0.518060 0.283110
vt 0.465300 0.283110
vt 0.297970 0.284160
vt 0.335440 0.282250
vt 0.352170 0.281250
vt 0.433870 0.281250
vt 0.398200 0.281250
vt 0.375990 0.281250
vt 0.362740 0.281350
vt 0.570820 0.283110
vt 0.738150 0.284160
vt 0.700680 0.282250
vt 0.683960 0.281250
vt 0.602250 0.281250
vt 0.637920 0.281250
vt 0.660130 0.281250
vt 0.673380 0.281350
vt 0.602290 0.064400
vt 0.599910 0.059750
vt 0.592620 0.058520
vt 0.651520 0.064400
vt 0.636730 0.052160
vt 0.623480 0.064400
vt 0.664790 0.052160
vt 0.577680 0.064400
vt 0.566650 0.058990
vt 0.628800 0.052780
vt 0.390260 0.252940
vt 0.399330 0.252940
vt 0.645860 0.252940
vt 0.636790 0.252940
vt 0.588880 0.252940
vt 0.602250 0.252940
vt 0.447240 0.252940
vt 0.433870 0.252940
vt 0.433870 0.229490
vt 0.447240 0.229490
vt 0.602250 0.229490
vt 0.588880 0.229490
vt 0.602250 0.222690
vt 0.588880 0.222690
vt 0.447240 0.222690
vt 0.433870 0.222690
vt 0.433850 0.218730
vt 0.433850 0.216800
vt 0.447270 0.218730
vt 0.447270 0.216800
vt 0.403300 0.218730
vt 0.403300 0.216800
vt 0.387120 0.218730
vt 0.385650 0.206950
vt 0.378620 0.218730
vt 0.353750 0.216980
vt 0.403300 0.206950
vt 0.518060 0.216800
vt 0.447270 0.206950
vt 0.518060 0.206950
vt 0.518060 0.218730
vt 0.588860 0.218730
vt 0.602270 0.216800
vt 0.602270 0.218730
vt 0.588860 0.216800
vt 0.632820 0.216800
vt 0.632820 0.218730
vt 0.649000 0.218730
vt 0.682370 0.216980
vt 0.657500 0.218730
vt 0.650470 0.206950
vt 0.632820 0.206950
vt 0.588860 0.206950
vt 0.621990 0.021440
vt 0.614340 0.021440
vt 0.622000 0.013110
vt 0.614340 0.004960
vt 0.567310 0.005460
vt 0.567310 0.021440
vt 0.559670 0.021440
vt 0.558920 0.010960
vt 0.433850 0.206950
vt 0.447270 0.200220
vt 0.433850 0.200220
vt 0.403300 0.200220
vt 0.357180 0.206950
vt 0.321180 0.216980
vt 0.321180 0.206950
vt 0.314410 0.216980
vt 0.314410 0.206950
vt 0.314410 0.200220
vt 0.321180 0.200220
vt 0.357180 0.200220
vt 0.385650 0.200220
vt 0.518060 0.200220
vt 0.588860 0.200220
vt 0.602270 0.206950
vt 0.602270 0.200220
vt 0.632820 0.200220
vt 0.714940 0.206950
vt 0.714940 0.216980
vt 0.678940 0.206950
vt 0.721720 0.206950
vt 0.721720 0.216980
vt 0.714940 0.200220
vt 0.721720 0.200220
vt 0.678940 0.200220
vt 0.650470 0.200220
vt 0.722560 0.007240
vt 0.722560 0.006110
vt 0.727250 0.007240
vt 0.727250 0.006110
vt 0.581830 0.021440
vt 0.579780 0.009720
vt 0.613200 0.021440
vt 0.568410 0.012890
vt 0.607390 0.005980
vt 0.623090 0.021440
vt 0.653060 0.015330
vt 0.654370 0.021440
vt 0.664840 0.018230
vt 0.624650 0.013090
vt 0.676420 0.014750
vt 0.676420 0.015950
vt 0.676270 0.015910
vt 0.675440 0.015710
vt 0.674930 0.015430
vt 0.674600 0.015040
vt 0.676420 0.012420
vt 0.674300 0.014350
vt 0.674220 0.014040
vt 0.674220 0.012420
vt 0.966590 0.002760
vt 0.997400 0.023710
vt 0.966590 0.023710
vt 0.997400 0.002760
vt 0.738970 0.050520
vt 0.731460 0.058620
vt 0.731460 0.055740
vt 0.749970 0.058620
vt 0.749970 0.061490
vt 0.740670 0.058620
vt 0.731460 0.061490
vt 0.715850 0.058620
vt 0.718730 0.061490
vt 0.715850 0.061490
vt 0.718730 0.058620
vt 0.740670 0.061490
vt 0.933100 0.120390
vt 0.907290 0.126900
vt 0.907290 0.122210
vt 0.934610 0.125000
vt 0.907290 0.135010
vt 0.938870 0.135010
vt 0.907290 0.139590
vt 0.938570 0.093770
vt 0.935970 0.094970
vt 0.936020 0.094140
vt 0.938930 0.094580
vt 0.935840 0.095750
vt 0.940020 0.095750
vt 0.935720 0.096640
vt 0.927780 0.094970
vt 0.934690 0.094140
vt 0.934830 0.094970
vt 0.927780 0.095750
vt 0.935040 0.095750
vt 0.927780 0.096640
vt 0.935190 0.096640
vt 0.904230 0.095720
vt 0.896570 0.112570
vt 0.896570 0.095720
vt 0.896570 0.119160
vt 0.904230 0.112570
vt 0.904230 0.119160
vt 0.904230 0.132060
vt 0.894630 0.133600
vt 0.896570 0.132060
vt 0.880990 0.118180
vt 0.894500 0.109400
vt 0.894500 0.118180
vt 0.894500 0.095720
vt 0.877940 0.109400
vt 0.877940 0.095720
vt 0.888710 0.129780
vt 0.882840 0.129780
vt 0.904230 0.140510
vt 0.896570 0.140510
vt 0.894630 0.138770
vt 0.985700 0.054550
vt 0.974450 0.063410
vt 0.937980 0.063410
vt 0.937980 0.029350
vt 0.997000 0.029350
vt 0.901450 0.063410
vt 0.890200 0.054550
vt 0.878950 0.029350
vt 0.894500 0.129780
vt 0.940350 0.139590
vt 0.940390 0.096640
vt 0.927780 0.094140
vt 0.981260 0.092740
vt 0.930570 0.066450
vt 0.997000 0.066450
vt 0.879940 0.092740
vt 0.879940 0.066450
vt 0.883830 0.149440
vt 0.894550 0.155240
vt 0.894550 0.143590
vt 0.940380 0.155240
vt 0.914070 0.143590
vt 0.940380 0.143590
vt 0.997000 0.092740
vt 0.883830 0.155240
vt 0.877960 0.149440
vt 0.930570 0.092740
vt 0.914070 0.155240
vt 0.877960 0.155240
vt 0.917040 0.110350
vt 0.940400 0.116690
vt 0.917040 0.116690
vt 0.917040 0.104010
vt 0.940400 0.110350
vt 0.940400 0.104010
vt 0.911070 0.095940
vt 0.917040 0.097690
vt 0.907340 0.101060
vt 0.911070 0.106180
vt 0.940400 0.097690
vt 0.997040 0.206030
vt 0.951180 0.180740
vt 0.997040 0.180740
vt 0.952180 0.180740
vt 0.952180 0.206030
vt 0.959000 0.180740
vt 0.959000 0.206030
vt 0.951180 0.206030
vt 0.840790 0.209980
vt 0.828140 0.223610
vt 0.828140 0.209980
vt 0.792340 0.216740
vt 0.782900 0.209980
vt 0.792340 0.209980
vt 0.782900 0.216740
vt 0.783200 0.185710
vt 0.765650 0.207000
vt 0.765650 0.183660
vt 0.825180 0.209980
vt 0.809360 0.223610
vt 0.809360 0.209980
vt 0.825180 0.223610
vt 0.848600 0.183660
vt 0.819330 0.207000
vt 0.819330 0.183660
vt 0.783200 0.205020
vt 0.997050 0.095720
vt 0.943360 0.177730
vt 0.943360 0.095720
vt 0.763640 0.207000
vt 0.761090 0.183660
vt 0.763640 0.183660
vt 0.763390 0.221620
vt 0.775760 0.234370
vt 0.774390 0.234370
vt 0.766660 0.209980
vt 0.840790 0.223610
vt 0.848600 0.207000
vt 0.997050 0.177730
vt 0.761090 0.207000
vt 0.140280 0.235890
vt 0.136380 0.229600
vt 0.193610 0.227690
vt 0.201610 0.235890
vt 0.265620 0.235890
vt 0.262830 0.229450
vt 0.268760 0.229520
vt 0.281040 0.279500
vt 0.276230 0.279170
vt 0.211700 0.281730
vt 0.161930 0.278160
vt 0.162430 0.273640
vt 0.208020 0.277160
vt 0.275870 0.283960
vt 0.159320 0.276990
vt 0.133180 0.232700
vt 0.864320 0.546630
vt 0.935040 0.567400
vt 0.885320 0.589790
vt 0.942080 0.546810
vt 0.879200 0.599190
vt 0.874270 0.589790
vt 0.852620 0.546630
vt 0.853200 0.543250
vt 0.890920 0.534250
vt 0.916420 0.535230
vt 0.816640 0.328160
vt 0.836910 0.333950
vt 0.818250 0.333950
vt 0.838520 0.328160
vt 0.959630 0.011510
vt 0.941230 0.016770
vt 0.939760 0.011510
vt 0.958160 0.016770
vt 0.816450 0.337990
vt 0.823610 0.339780
vt 0.816450 0.338780
vt 0.817240 0.337990
vt 0.823610 0.336990
vt 0.817240 0.338780
vt 0.827090 0.336990
vt 0.827090 0.339780
vt 0.883720 0.318250
vt 0.883720 0.315260
vt 0.884500 0.318960
vt 0.889520 0.318960
vt 0.884500 0.314520
vt 0.889520 0.315040
vt 0.889520 0.318250
vt 0.890420 0.318250
vt 0.889520 0.315570
vt 0.890420 0.315570
vt 0.953790 0.011230
vt 0.877340 0.315260
vt 0.877340 0.318250
vt 0.871540 0.318960
vt 0.876560 0.318960
vt 0.871540 0.315040
vt 0.876560 0.314520
vt 0.870640 0.318250
vt 0.871540 0.318250
vt 0.870640 0.315570
vt 0.871540 0.315570
vt 0.889810 0.317280
vt 0.887230 0.317280
vt 0.890160 0.317280
vt 0.883820 0.314970
vt 0.889810 0.314970
vt 0.890160 0.315340
vt 0.871050 0.317280
vt 0.873980 0.317280
vt 0.871400 0.317280
vt 0.871050 0.315340
vt 0.871400 0.314970
vt 0.877390 0.314970
vt 0.896320 0.315160
vt 0.902670 0.319560
vt 0.902670 0.315180
vt 0.883460 0.314870
vt 0.889800 0.314890
vt 0.889800 0.319280
vt 0.871340 0.319280
vt 0.871340 0.314890
vt 0.877680 0.314870
vt 0.907240 0.118140
vt 0.912080 0.113300
vt 0.912080 0.118140
vt 0.907240 0.113300
vt 0.891720 0.165670
vt 0.909670 0.175790
vt 0.871630 0.175790
vt 0.909670 0.164100
vt 0.874970 0.171170
vt 0.859970 0.154530
vt 0.863900 0.151710
vt 0.851540 0.128360
vt 0.848590 0.133830
vt 0.865180 0.150500
vt 0.875640 0.169000
vt 0.874460 0.170280
vt 0.852910 0.127150
vt 0.871760 0.183130
vt 0.869930 0.176050
vt 0.858270 0.154960
vt 0.846820 0.134360
vt 0.874450 0.209630
vt 0.873000 0.209090
vt 0.874380 0.227650
vt 0.872740 0.213420
vt 0.874450 0.212900
vt 0.872740 0.227450
vt 0.909670 0.227650
vt 0.909670 0.245990
vt 0.892410 0.245210
vt 0.876920 0.241740
vt 0.909670 0.183130
vt 0.875220 0.244260
vt 0.865490 0.258920
vt 0.865780 0.261640
vt 0.856280 0.279200
vt 0.855170 0.271860
vt 0.876330 0.244260
vt 0.860070 0.217920
vt 0.859810 0.214480
vt 0.847130 0.222280
vt 0.846930 0.219200
vt 0.858590 0.213300
vt 0.845750 0.217850
vt 0.859810 0.219590
vt 0.847030 0.224240
vt 0.874020 0.214510
vt 0.861120 0.243230
vt 0.850610 0.256590
vt 0.859520 0.242670
vt 0.848770 0.255770
vt 0.909670 0.209830
vt 0.935580 0.249020
vt 0.996600 0.228510
vt 0.996600 0.249020
vt 0.935580 0.261910
vt 0.996600 0.261910
vt 0.946610 0.275180
vt 0.996600 0.275180
vt 0.967890 0.302710
vt 0.996600 0.305410
vt 0.947940 0.297970
vt 0.932120 0.285370
vt 0.934390 0.285320
vt 0.934390 0.290290
vt 0.931020 0.278350
vt 0.935580 0.212590
vt 0.996600 0.212590
vt 0.939270 0.208990
vt 0.920410 0.223820
vt 0.935580 0.228510
vt 0.996600 0.208990
vt 0.832980 0.252910
vt 0.787120 0.227040
vt 0.787120 0.252910
vt 0.842720 0.252910
vt 0.832980 0.227040
vt 0.823040 0.257840
vt 0.817120 0.299840
vt 0.844230 0.301210
vt 0.844230 0.257840
vt 0.783850 0.257840
vt 0.783010 0.292170
vt 0.767980 0.282600
vt 0.884020 0.290920
vt 0.889070 0.277580
vt 0.884670 0.277380
vt 0.886670 0.298820
vt 0.889650 0.298820
vt 0.920290 0.298820
vt 0.924890 0.298560
vt 0.907660 0.270910
vt 0.888550 0.270650
vt 0.930390 0.307450
vt 0.931170 0.309460
vt 0.920230 0.300770
vt 0.833490 0.254870
vt 0.786180 0.254870
vt 0.895030 0.254710
vt 0.879480 0.257180
vt 0.887320 0.263330
vt 0.764940 0.261710
vt 0.762130 0.274780
vt 0.765770 0.257840
vt 0.878510 0.260670
vt 0.842720 0.227040
vt 0.889650 0.300770
vt 0.848600 0.156310
vt 0.773480 0.165910
vt 0.848600 0.170510
vt 0.765390 0.175580
vt 0.846120 0.178820
vt 0.846010 0.180600
vt 0.771400 0.153310
vt 0.839790 0.133820
vt 0.761240 0.133820
vt 0.839830 0.126000
vt 0.761780 0.130840
vt 0.839830 0.130840
vt 0.853570 0.188850
vt 0.861280 0.188850
vt 0.855780 0.167820
vt 0.861280 0.205040
vt 0.853570 0.205040
vt 0.761780 0.126000
vt 0.773480 0.156310
vt 0.765280 0.177360
vt 0.846180 0.153310
vt 0.112250 0.233460
vt 0.007840 0.288050
vt 0.007840 0.233460
vt 0.677130 0.015070
vt 0.677130 0.017390
vt 0.681560 0.015070
vt 0.681560 0.017390
vt 0.112250 0.288050
vt 0.425540 0.977740
vt 0.507340 0.996720
vt 0.425540 0.996720
vt 0.507340 0.977740
vt 0.927680 0.253940
vt 0.921900 0.261680
vt 0.921900 0.253940
vt 0.927680 0.267910
vt 0.916030 0.261680
vt 0.916030 0.253940
vt 0.730460 0.038120
vt 0.733370 0.042930
vt 0.733370 0.038120
vt 0.720670 0.038120
vt 0.730460 0.042930
vt 0.715850 0.052260
vt 0.715850 0.038120
vt 0.720670 0.052260
vt 0.702580 0.003000
vt 0.712820 0.045790
vt 0.694910 0.045790
vt 0.737370 0.036160
vt 0.746900 0.045360
vt 0.749930 0.036160
vt 0.737370 0.014280
vt 0.749930 0.014280
vt 0.749930 0.005630
vt 0.735080 0.003020
vt 0.733720 0.005630
vt 0.747330 0.003020
vt 0.712820 0.003000
vt 0.738990 0.046730
vt 0.732370 0.012730
vt 0.715860 0.014680
vt 0.715860 0.012730
vt 0.734310 0.014680
vt 0.732370 0.033160
vt 0.732370 0.014680
vt 0.715860 0.035080
vt 0.732370 0.035080
vt 0.734310 0.033160
vt 0.715860 0.033160
vt 0.338000 0.186720
vt 0.332580 0.155490
vt 0.338490 0.181680
vt 0.356730 0.181680
vt 0.354440 0.156450
vt 0.369060 0.181680
vt 0.356730 0.156450
vt 0.369060 0.156450
vt 0.390660 0.156450
vt 0.390660 0.181680
vt 0.430380 0.156450
vt 0.464810 0.156440
vt 0.464810 0.167990
vt 0.430380 0.181680
vt 0.474060 0.181680
vt 0.518060 0.167990
vt 0.518060 0.181680
vt 0.430380 0.139630
vt 0.464810 0.139630
vt 0.464810 0.142550
vt 0.518060 0.139630
vt 0.518060 0.142550
vt 0.406130 0.139630
vt 0.381770 0.130820
vt 0.406130 0.119180
vt 0.403380 0.130820
vt 0.384540 0.119180
vt 0.430380 0.119180
vt 0.430380 0.130820
vt 0.464810 0.119170
vt 0.464810 0.130820
vt 0.518060 0.119170
vt 0.518060 0.130820
vt 0.329820 0.138200
vt 0.345540 0.139630
vt 0.345540 0.119180
vt 0.352360 0.130820
vt 0.329050 0.131400
vt 0.327580 0.117550
vt 0.372220 0.139630
vt 0.384540 0.139630
vt 0.369450 0.130820
vt 0.372220 0.119180
vt 0.518060 0.195300
vt 0.474060 0.195300
vt 0.430380 0.195300
vt 0.391140 0.194410
vt 0.352450 0.191360
vt 0.361500 0.191360
vt 0.697630 0.181680
vt 0.703540 0.155490
vt 0.698120 0.186720
vt 0.679390 0.181680
vt 0.681680 0.156450
vt 0.679390 0.156450
vt 0.667060 0.181680
vt 0.667060 0.156450
vt 0.645460 0.181680
vt 0.645460 0.156450
vt 0.571310 0.167990
vt 0.571310 0.156440
vt 0.605740 0.156450
vt 0.605740 0.181680
vt 0.562060 0.181680
vt 0.571310 0.142550
vt 0.571310 0.139630
vt 0.605740 0.139630
vt 0.629990 0.139630
vt 0.632740 0.130820
vt 0.629990 0.119180
vt 0.654350 0.130820
vt 0.651580 0.119180
vt 0.605740 0.130820
vt 0.605740 0.119180
vt 0.571310 0.130820
vt 0.571310 0.119170
vt 0.706300 0.138200
vt 0.690580 0.139630
vt 0.707070 0.131400
vt 0.683760 0.130820
vt 0.690580 0.119180
vt 0.708540 0.117550
vt 0.651580 0.139630
vt 0.663900 0.139630
vt 0.666670 0.130820
vt 0.663900 0.119180
vt 0.562060 0.195300
vt 0.605740 0.195300
vt 0.644980 0.194410
vt 0.683670 0.191360
vt 0.674620 0.191360
vt 0.682440 0.013680
vt 0.681710 0.012620
vt 0.682450 0.012620
vt 0.682290 0.014840
vt 0.682380 0.014360
vt 0.682070 0.015510
vt 0.682210 0.015270
vt 0.681710 0.015630
vt 0.896150 0.008070
vt 0.896150 0.002440
vt 0.889130 0.002440
vt 0.889130 0.008070
vt 0.889130 0.012720
vt 0.896150 0.012720
vt 0.989080 0.559410
vt 0.992140 0.580030
vt 0.976530 0.580030
vt 0.976530 0.534270
vt 0.945490 0.595610
vt 0.945490 0.580030
vt 0.945490 0.534270
vt 0.976530 0.595610
vt 0.812860 0.111240
vt 0.819760 0.113240
vt 0.819460 0.111240
vt 0.808650 0.110900
vt 0.810550 0.109140
vt 0.805130 0.106000
vt 0.799420 0.098900
vt 0.802580 0.100650
vt 0.802580 0.099000
vt 0.801050 0.094390
vt 0.806060 0.067480
vt 0.804250 0.071950
vt 0.809910 0.069420
vt 0.799590 0.101940
vt 0.823790 0.058720
vt 0.827400 0.052380
vt 0.822510 0.053640
vt 0.811490 0.105170
vt 0.808060 0.104190
vt 0.804200 0.094390
vt 0.806650 0.043930
vt 0.825190 0.002990
vt 0.806650 0.002990
vt 0.822510 0.050090
vt 0.811510 0.102570
vt 0.825190 0.043930
vt 0.831930 0.038660
vt 0.831930 0.006600
vt 0.823610 0.110900
vt 0.821780 0.109140
vt 0.827100 0.106000
vt 0.829740 0.100820
vt 0.832900 0.098900
vt 0.829740 0.099000
vt 0.831370 0.094390
vt 0.828530 0.071950
vt 0.826380 0.067480
vt 0.822950 0.069420
vt 0.832630 0.101940
vt 0.809340 0.053640
vt 0.804440 0.052380
vt 0.808050 0.058720
vt 0.824210 0.104190
vt 0.820840 0.105170
vt 0.828220 0.094390
vt 0.809340 0.050090
vt 0.820840 0.102570
vt 0.799910 0.038660
vt 0.799910 0.006600
vt 0.811360 0.061510
vt 0.834330 0.045030
vt 0.834330 0.047820
vt 0.797510 0.045030
vt 0.797510 0.047820
vt 0.820470 0.061510
vt 0.819870 0.065700
vt 0.815720 0.067200
vt 0.815720 0.065700
vt 0.814610 0.067200
vt 0.819870 0.067200
vt 0.812560 0.113240
vt 0.799420 0.071700
vt 0.833330 0.071700
vt 0.814610 0.065700
vt 0.796900 0.116260
vt 0.808620 0.120060
vt 0.796900 0.120060
vt 0.818450 0.116260
vt 0.818450 0.122780
vt 0.831020 0.121770
vt 0.866200 0.085960
vt 0.847680 0.122990
vt 0.866200 0.122990
vt 0.831380 0.065320
vt 0.830670 0.063910
vt 0.831380 0.063910
vt 0.831710 0.064820
vt 0.831640 0.064050
vt 0.873000 0.089620
vt 0.874840 0.109790
vt 0.830340 0.064820
vt 0.830670 0.065320
vt 0.830410 0.064050
vt 0.847680 0.085960
vt 0.840870 0.089620
vt 0.839050 0.109790
vt 0.835900 0.120060
vt 0.835900 0.116260
vt 0.831020 0.116260
vt 0.808620 0.116260
vt 0.874950 0.002970
vt 0.874950 0.012700
vt 0.866210 0.012700
vt 0.847690 0.012700
vt 0.837920 0.002970
vt 0.866210 0.018390
vt 0.837920 0.012700
vt 0.843850 0.020570
vt 0.837920 0.020570
vt 0.847690 0.018390
vt 0.866210 0.040390
vt 0.866210 0.020570
vt 0.874950 0.037660
vt 0.874950 0.020570
vt 0.843850 0.034070
vt 0.847690 0.020570
vt 0.847690 0.040390
vt 0.837920 0.034070
vt 0.842860 0.046780
vt 0.847690 0.040960
vt 0.847690 0.073250
vt 0.842860 0.062980
vt 0.874950 0.045780
vt 0.874950 0.073250
vt 0.866210 0.073250
vt 0.866210 0.040960
vt 0.837920 0.073250
vt 0.837920 0.062980
vt 0.837920 0.046780
vt 0.847690 0.082980
vt 0.837920 0.080140
vt 0.847690 0.080140
vt 0.866210 0.082980
vt 0.866210 0.080140
vt 0.847690 0.076420
vt 0.837920 0.076420
vt 0.866210 0.076420
vt 0.874950 0.082980
vt 0.837920 0.082980
vt 0.874950 0.019620
vt 0.736800 0.088850
vt 0.731990 0.088850
vt 0.740990 0.088850
vt 0.749980 0.098620
vt 0.745130 0.089870
vt 0.749980 0.089870
vt 0.749980 0.086920
vt 0.745130 0.086920
vt 0.736840 0.064510
vt 0.733510 0.071280
vt 0.736840 0.071280
vt 0.745130 0.064510
vt 0.749980 0.071300
vt 0.745130 0.071300
vt 0.733510 0.064510
vt 0.740170 0.071280
vt 0.749980 0.064510
vt 0.740170 0.064510
vt 0.735910 0.085960
vt 0.742080 0.085960
vt 0.729190 0.085960
vt 0.745130 0.098620
vt 0.691470 0.048890
vt 0.705960 0.063510
vt 0.712850 0.048890
vt 0.698300 0.063510
vt 0.705960 0.071240
vt 0.698300 0.071240
vt 0.940380 0.164050
vt 0.925800 0.158260
vt 0.940380 0.158260
vt 0.940380 0.167900
vt 0.925800 0.164050
vt 0.925800 0.173780
vt 0.925800 0.167900
vt 0.916870 0.175740
vt 0.913190 0.168020
vt 0.916870 0.166140
vt 0.922060 0.175740
vt 0.922060 0.166140
vt 0.940380 0.173780
vt 0.913190 0.173950
vt 0.925790 0.095700
vt 0.917970 0.094740
vt 0.917970 0.095700
vt 0.925790 0.094740
vt 0.926620 0.095210
vt 0.824250 0.531280
vt 0.846870 0.532730
vt 0.826000 0.532730
vt 0.824250 0.599600
vt 0.848620 0.592750
vt 0.824250 0.592750
vt 0.846870 0.591330
vt 0.848620 0.599600
vt 0.817440 0.531280
vt 0.817440 0.592750
vt 0.826000 0.591330
vt 0.848620 0.531280
vt 0.515390 0.997480
vt 0.587370 0.980780
vt 0.587370 0.997480
vt 0.515390 0.980780
vt 0.422820 0.608320
vt 0.415350 0.615820
vt 0.403640 0.608320
vt 0.433480 0.587920
vt 0.422820 0.587940
vt 0.403530 0.598130
vt 0.403640 0.587930
vt 0.433480 0.608320
vt 0.726520 0.550760
vt 0.688520 0.554650
vt 0.688520 0.550760
vt 0.736690 0.533450
vt 0.733280 0.532960
vt 0.785130 0.529580
vt 0.763430 0.546790
vt 0.756630 0.529580
vt 0.703460 0.530850
vt 0.709170 0.529260
vt 0.707040 0.532960
vt 0.754890 0.532970
vt 0.748850 0.529580
vt 0.756630 0.443820
vt 0.727060 0.529260
vt 0.738220 0.529260
vt 0.741160 0.518210
vt 0.686070 0.548110
vt 0.748850 0.443820
vt 0.744190 0.517920
vt 0.744190 0.443820
vt 0.727060 0.443820
vt 0.741160 0.443820
vt 0.703160 0.443820
vt 0.709170 0.443820
vt 0.703160 0.529260
vt 0.688520 0.333030
vt 0.726520 0.336930
vt 0.688520 0.336930
vt 0.736690 0.354240
vt 0.733280 0.354720
vt 0.763430 0.341220
vt 0.785130 0.358420
vt 0.756630 0.358420
vt 0.707040 0.354720
vt 0.709170 0.358420
vt 0.703460 0.356830
vt 0.748850 0.358420
vt 0.754890 0.355030
vt 0.785130 0.443820
vt 0.727060 0.358420
vt 0.738220 0.358420
vt 0.741160 0.369470
vt 0.686070 0.339570
vt 0.744190 0.370080
vt 0.703160 0.358420
vt 0.726520 0.554650
vt 0.729840 0.551970
vt 0.801540 0.546790
vt 0.726520 0.333030
vt 0.729840 0.335710
vt 0.801540 0.341220
vt 0.842920 0.307730
vt 0.850400 0.325140
vt 0.858710 0.307730
vt 0.866180 0.325140
vt 0.832240 0.325140
vt 0.839720 0.307730
vt 0.823930 0.307730
vt 0.816460 0.325140
vt 0.753930 0.004420
vt 0.796850 0.002950
vt 0.796850 0.004420
vt 0.753930 0.005850
vt 0.753930 0.002950
vt 0.796850 0.005850
vt 0.753990 0.009600
vt 0.753990 0.008950
vt 0.753990 0.009280
vt 0.766260 0.009280
vt 0.766260 0.009130
vt 0.768160 0.009160
vt 0.766260 0.009420
vt 0.768160 0.009400
vt 0.768160 0.009280
vt 0.754170 0.009600
vt 0.754170 0.008950
vt 0.754170 0.009280
vt 0.766440 0.009200
vt 0.766440 0.009270
vt 0.766440 0.009350
vt 0.683560 0.041960
vt 0.675800 0.037090
vt 0.675800 0.041960
vt 0.683560 0.037090
vt 0.685960 0.030200
vt 0.679680 0.025480
vt 0.673400 0.030200
s 1
usemtl mat1.005
f 35/1/1 4/2/2 5/3/3
f 4/2/2 35/1/1 33/4/4
f 34/5/5 5/3/3 3/6/6
f 5/3/3 34/5/5 35/1/1
f 34/5/5 2/7/7 32/8/8
f 2/7/7 34/5/5 3/6/6
f 1/9/9 4/2/2 33/4/4
f 1/9/9 33/4/4 17/10/10
f 42/11/11 32/8/8 40/12/12
f 32/8/8 42/11/11 34/5/5
f 36/13/13 33/4/4 35/1/1
f 36/13/13 38/14/14 33/4/4
f 27/15/15 26/16/16 20/17/17
f 27/15/15 20/17/17 19/18/18
f 19/18/18 18/19/19 28/20/20
f 19/18/18 28/20/20 27/15/15
f 38/14/14 37/21/21 18/22/19
f 37/21/21 38/14/14 36/13/13
f 18/22/19 37/21/21 28/23/20
f 37/21/21 39/24/22 28/23/20
f 38/14/14 17/10/10 33/4/4
f 38/14/14 18/22/19 17/10/10
f 42/11/11 41/25/23 43/26/24
f 43/26/24 37/21/21 36/13/13
f 34/5/5 44/27/25 35/1/1
f 44/27/25 36/13/13 35/1/1
f 34/5/5 42/11/11 44/27/25
f 42/11/11 43/26/24 44/27/25
f 36/13/13 44/27/25 43/26/24
f 29/28/26 43/26/24 30/29/27
f 43/26/24 39/24/22 37/21/21
f 43/26/24 29/28/26 39/24/22
f 43/26/24 41/25/23 31/30/28
f 43/26/24 31/30/28 30/29/27
f 41/25/23 40/12/12 31/30/28
f 40/12/12 41/25/23 42/11/11
f 49/31/29 46/32/30 75/33/31
f 31/34/28 45/35/32 48/36/33
f 45/35/32 31/34/28 40/37/12
f 48/36/33 46/38/30 49/39/29
f 46/38/30 48/36/33 45/35/32
f 25/40/34 21/41/35 20/42/17
f 54/43/36 22/44/37 23/45/38
f 23/45/38 24/46/39 53/47/40
f 23/45/38 53/47/40 54/43/36
f 59/48/41 60/49/42 61/50/43
f 59/48/41 57/51/44 60/49/42
f 30/52/27 61/50/43 29/53/26
f 61/50/43 60/49/42 29/53/26
f 59/54/41 56/55/45 57/56/44
f 56/55/45 49/31/29 64/57/46
f 56/55/45 59/54/41 49/31/29
f 64/57/46 49/31/29 65/58/47
f 49/31/29 75/33/31 65/58/47
f 58/59/48 65/58/47 75/33/31
f 75/33/31 50/60/49 58/59/48
f 52/61/50 70/62/51 69/63/52
f 52/61/50 69/63/52 53/47/40
f 76/64/53 46/32/30 47/65/54
f 75/33/31 46/32/30 76/64/53
f 69/63/52 80/66/55 53/47/40
f 80/66/55 54/43/36 53/47/40
f 80/66/55 79/67/56 54/43/36
f 79/67/56 22/44/37 54/43/36
f 69/63/52 81/68/57 80/66/55
f 69/63/52 77/69/58 81/68/57
f 69/63/52 62/70/59 77/69/58
f 68/71/60 67/72/61 74/73/62
f 66/74/63 68/71/60 74/73/62
f 66/74/63 74/73/62 82/75/64
f 83/76/65 71/77/66 84/78/67
f 83/76/65 82/75/64 72/79/68
f 83/76/65 72/79/68 71/77/66
f 82/75/64 73/80/69 72/79/68
f 73/80/69 82/75/64 74/73/62
f 70/62/51 84/78/67 69/63/52
f 84/78/67 62/70/59 69/63/52
f 70/62/51 83/76/65 84/78/67
f 66/74/63 82/75/64 83/76/65
f 55/81/70 66/74/63 83/76/65
f 55/81/70 83/76/65 70/62/51
f 26/82/16 55/81/70 70/62/51
f 26/82/16 70/62/51 52/61/50
f 20/42/17 26/82/16 52/61/50
f 20/42/17 52/61/50 25/40/34
f 52/61/50 53/47/40 24/46/39
f 52/61/50 24/46/39 25/40/34
f 78/83/71 79/67/56 80/66/55
f 78/83/71 80/66/55 81/68/57
f 58/84/48 86/85/72 63/86/73
f 86/85/72 85/87/74 63/86/73
f 96/88/75 93/89/76 95/90/77
f 88/91/78 91/92/79 96/88/75
f 96/88/75 91/92/79 93/89/76
f 93/89/76 89/93/80 95/90/77
f 95/90/77 6/94/81 96/88/75
f 95/90/77 7/95/81 6/94/81
f 87/96/82 89/97/80 88/98/78
f 88/98/78 89/97/80 93/99/76
f 88/98/78 93/99/76 91/100/79
f 87/96/82 90/101/83 92/102/84
f 87/96/82 92/102/84 89/97/80
f 76/64/53 50/60/49 75/33/31
f 51/103/85 50/60/49 76/64/53
f 51/103/85 94/104/86 58/59/48
f 51/103/85 58/59/48 50/60/49
f 58/84/48 94/105/86 97/106/87
f 58/84/48 97/106/87 86/85/72
f 98/107/88 90/108/83 87/109/82
f 98/107/88 95/110/77 92/111/84
f 95/110/77 89/112/80 92/111/84
f 92/111/84 90/108/83 98/107/88
f 95/110/77 98/107/88 7/113/81
f 98/107/88 8/114/89 7/113/81
f 47/115/54 99/116/90 101/117/91
f 99/116/90 100/118/92 102/119/93
f 102/119/93 101/117/91 99/116/90
f 100/118/92 9/120/94 102/119/93
f 9/120/94 10/121/95 102/119/93
f 101/117/91 51/122/85 47/115/54
f 51/122/85 76/123/53 47/115/54
f 97/106/87 94/105/86 87/96/82
f 97/106/87 87/96/82 88/98/78
f 114/124/96 122/125/97 115/126/98
f 122/125/97 120/127/99 115/126/98
f 120/127/99 116/128/100 115/126/98
f 120/127/99 119/129/101 116/128/100
f 106/130/102 119/129/101 120/127/99
f 106/130/102 105/131/103 119/129/101
f 119/129/101 112/132/104 116/128/100
f 119/129/101 123/133/105 112/132/104
f 105/131/103 123/133/105 119/129/101
f 105/131/103 104/134/106 123/133/105
f 104/134/106 118/135/107 123/133/105
f 123/133/105 117/136/108 112/132/104
f 117/136/108 113/137/109 112/132/104
f 123/133/105 118/135/107 117/136/108
f 112/132/104 111/138/110 116/128/100
f 112/132/104 15/139/111 14/140/112
f 112/132/104 113/137/109 15/139/111
f 110/141/113 115/126/98 111/138/110
f 115/126/98 116/128/100 111/138/110
f 121/142/114 114/124/96 110/141/113
f 114/124/96 115/126/98 110/141/113
f 121/142/114 109/143/115 114/124/96
f 16/144/116 121/142/114 110/141/113
f 16/144/116 110/141/113 12/145/117
f 12/145/117 110/141/113 111/138/110
f 12/145/117 111/138/110 13/146/118
f 14/140/112 13/146/118 111/138/110
f 14/140/112 111/138/110 112/132/104
f 122/125/97 107/147/119 106/130/102
f 122/125/97 106/130/102 120/127/99
f 16/144/116 11/148/120 121/142/114
f 11/148/120 109/143/115 121/142/114
f 114/124/96 108/149/121 122/125/97
f 114/124/96 109/143/115 108/149/121
f 122/125/97 108/149/121 103/150/122
f 103/150/122 107/147/119 122/125/97
f 101/117/91 87/109/82 94/151/86
f 101/117/91 94/151/86 51/122/85
f 87/109/82 101/117/91 102/119/93
f 87/109/82 102/119/93 98/107/88
f 10/121/95 8/114/89 98/107/88
f 10/121/95 98/107/88 102/119/93
f 5/3/3 4/2/2 142/152/123
f 140/153/124 142/152/123 4/2/2
f 3/6/6 5/3/3 141/154/125
f 142/152/123 141/154/125 5/3/3
f 139/155/126 2/7/7 141/154/125
f 3/6/6 141/154/125 2/7/7
f 140/153/124 4/2/2 1/9/9
f 124/156/127 140/153/124 1/9/9
f 147/157/128 139/155/126 149/158/129
f 141/154/125 149/158/129 139/155/126
f 142/152/123 140/153/124 143/159/130
f 140/153/124 145/160/131 143/159/130
f 127/161/132 133/162/133 134/163/134
f 126/164/135 127/161/132 134/163/134
f 135/165/136 125/166/137 126/164/135
f 134/163/134 135/165/136 126/164/135
f 125/167/137 144/168/138 145/160/131
f 143/159/130 145/160/131 144/168/138
f 135/169/136 144/168/138 125/167/137
f 135/169/136 146/170/139 144/168/138
f 140/153/124 124/156/127 145/160/131
f 124/156/127 125/167/137 145/160/131
f 150/171/140 148/172/141 149/158/129
f 143/159/130 144/168/138 150/171/140
f 142/152/123 151/173/142 141/154/125
f 142/152/123 143/159/130 151/173/142
f 151/173/142 149/158/129 141/154/125
f 151/173/142 150/171/140 149/158/129
f 150/171/140 151/173/142 143/159/130
f 137/174/143 150/171/140 136/175/144
f 144/168/138 146/170/139 150/171/140
f 146/170/139 136/175/144 150/171/140
f 138/176/145 148/172/141 150/171/140
f 137/174/143 138/176/145 150/171/140
f 138/176/145 147/157/128 148/172/141
f 149/158/129 148/172/141 147/157/128
f 182/177/146 153/178/147 156/179/148
f 155/180/149 152/181/150 138/182/145
f 147/183/128 138/182/145 152/181/150
f 156/184/148 153/185/147 155/180/149
f 152/181/150 155/180/149 153/185/147
f 127/186/132 128/187/151 132/188/152
f 130/189/153 129/190/154 161/191/155
f 160/192/156 131/193/157 130/189/153
f 161/191/155 160/192/156 130/189/153
f 168/50/158 167/49/159 166/48/160
f 167/49/159 164/51/161 166/48/160
f 136/53/144 168/50/158 137/52/143
f 136/53/144 167/49/159 168/50/158
f 164/194/161 163/195/162 166/196/160
f 171/197/163 156/179/148 163/195/162
f 156/179/148 166/196/160 163/195/162
f 172/198/164 156/179/148 171/197/163
f 172/198/164 182/177/146 156/179/148
f 182/177/146 172/198/164 165/199/165
f 165/199/165 157/200/166 182/177/146
f 176/201/167 177/202/168 159/203/169
f 160/192/156 176/201/167 159/203/169
f 154/204/170 153/178/147 183/205/171
f 183/205/171 153/178/147 182/177/146
f 160/192/156 187/206/172 176/201/167
f 160/192/156 161/191/155 187/206/172
f 161/191/155 186/207/173 187/206/172
f 161/191/155 129/190/154 186/207/173
f 187/206/172 188/208/174 176/201/167
f 188/208/174 184/209/175 176/201/167
f 184/209/175 169/210/176 176/201/167
f 181/211/177 174/212/178 175/213/179
f 181/211/177 175/213/179 173/214/180
f 189/215/181 181/211/177 173/214/180
f 191/216/182 178/217/183 190/218/184
f 179/219/185 189/215/181 190/218/184
f 178/217/183 179/219/185 190/218/184
f 179/219/185 180/220/186 189/215/181
f 181/211/177 189/215/181 180/220/186
f 176/201/167 191/216/182 177/202/168
f 176/201/167 169/210/176 191/216/182
f 191/216/182 190/218/184 177/202/168
f 190/218/184 189/215/181 173/214/180
f 190/218/184 173/214/180 162/221/187
f 177/202/168 190/218/184 162/221/187
f 177/202/168 162/221/187 133/222/133
f 159/203/169 177/202/168 133/222/133
f 159/203/169 133/222/133 127/186/132
f 132/188/152 159/203/169 127/186/132
f 131/193/157 160/192/156 159/203/169
f 132/188/152 131/193/157 159/203/169
f 187/206/172 186/207/173 185/223/188
f 188/208/174 187/206/172 185/223/188
f 170/224/189 193/225/190 165/226/165
f 170/224/189 192/227/191 193/225/190
f 202/228/192 200/229/193 203/230/194
f 203/230/194 198/231/195 195/232/196
f 200/229/193 198/231/195 203/230/194
f 202/228/192 196/233/197 200/229/193
f 203/230/194 6/94/81 202/228/192
f 6/94/81 7/95/81 202/228/192
f 195/234/196 196/235/197 194/236/198
f 200/237/193 196/235/197 195/234/196
f 198/238/195 200/237/193 195/234/196
f 199/239/199 197/240/200 194/236/198
f 196/235/197 199/239/199 194/236/198
f 182/177/146 157/200/166 183/205/171
f 183/205/171 157/200/166 158/241/201
f 165/199/165 201/242/202 158/241/201
f 157/200/166 165/199/165 158/241/201
f 204/243/203 201/244/202 165/226/165
f 193/225/190 204/243/203 165/226/165
f 194/245/198 197/246/200 205/247/204
f 199/248/199 202/249/192 205/247/204
f 199/248/199 196/250/197 202/249/192
f 205/247/204 197/246/200 199/248/199
f 7/113/81 205/247/204 202/249/192
f 7/113/81 8/114/89 205/247/204
f 208/251/205 206/252/206 154/253/170
f 209/254/207 207/255/208 206/252/206
f 206/252/206 208/251/205 209/254/207
f 209/254/207 9/120/94 207/255/208
f 209/254/207 10/121/95 9/120/94
f 154/253/170 158/256/201 208/251/205
f 154/253/170 183/257/171 158/256/201
f 194/236/198 201/244/202 204/243/203
f 195/234/196 194/236/198 204/243/203
f 222/258/209 229/259/210 221/260/211
f 222/258/209 227/261/212 229/259/210
f 222/258/209 223/262/213 227/261/212
f 223/262/213 226/263/214 227/261/212
f 227/261/212 226/263/214 213/264/215
f 226/263/214 212/265/216 213/264/215
f 223/262/213 219/266/217 226/263/214
f 219/266/217 230/267/218 226/263/214
f 226/263/214 230/267/218 212/265/216
f 230/267/218 211/268/219 212/265/216
f 230/267/218 225/269/220 211/268/219
f 219/266/217 224/270/221 230/267/218
f 219/266/217 220/271/222 224/270/221
f 224/270/221 225/269/220 230/267/218
f 223/262/213 218/272/223 219/266/217
f 14/140/112 15/139/111 219/266/217
f 15/139/111 220/271/222 219/266/217
f 218/272/223 222/258/209 217/273/224
f 218/272/223 223/262/213 222/258/209
f 217/273/224 221/260/211 228/274/225
f 217/273/224 222/258/209 221/260/211
f 221/260/211 216/275/226 228/274/225
f 217/273/224 228/274/225 16/144/116
f 12/145/117 217/273/224 16/144/116
f 218/272/223 217/273/224 12/145/117
f 13/146/118 218/272/223 12/145/117
f 218/272/223 13/146/118 14/140/112
f 219/266/217 218/272/223 14/140/112
f 213/264/215 214/276/227 229/259/210
f 227/261/212 213/264/215 229/259/210
f 228/274/225 11/148/120 16/144/116
f 228/274/225 216/275/226 11/148/120
f 229/259/210 215/277/228 221/260/211
f 215/277/228 216/275/226 221/260/211
f 210/278/229 215/277/228 229/259/210
f 229/259/210 214/276/227 210/278/229
f 201/279/202 194/245/198 208/251/205
f 158/256/201 201/279/202 208/251/205
f 209/254/207 208/251/205 194/245/198
f 205/247/204 209/254/207 194/245/198
f 205/247/204 8/114/89 10/121/95
f 209/254/207 205/247/204 10/121/95
f 231/280/230 234/281/231 235/57/232
f 234/281/231 56/55/233 235/57/232
f 244/282/234 241/283/235 234/281/231
f 241/283/235 56/55/233 234/281/231
f 237/284/59 239/285/236 231/280/230
f 231/280/230 239/285/236 244/282/234
f 231/280/230 244/282/234 234/281/231
f 237/284/59 232/286/237 238/287/59
f 237/284/59 231/280/230 232/286/237
f 244/282/234 242/288/238 241/283/235
f 244/282/234 240/289/239 245/290/240
f 245/290/240 242/288/238 244/282/234
f 245/290/240 243/291/241 242/288/238
f 232/286/237 251/292/242 238/287/59
f 251/292/242 246/293/59 238/287/59
f 258/294/243 252/295/244 247/296/245
f 252/295/244 248/297/246 247/296/245
f 252/295/244 253/298/247 248/297/246
f 251/292/242 250/299/248 258/294/243
f 251/292/242 232/286/237 233/300/249
f 251/292/242 233/300/249 250/299/248
f 250/299/248 249/301/250 258/294/243
f 256/302/251 253/298/247 255/303/252
f 253/298/247 252/295/244 255/303/252
f 252/295/244 258/294/243 249/301/250
f 252/295/244 249/301/250 254/304/253
f 258/294/243 247/296/245 257/305/254
f 258/294/243 246/293/59 251/292/242
f 232/286/237 236/58/255 58/59/256
f 232/286/237 58/59/256 233/300/249
f 235/57/232 236/58/255 232/286/237
f 235/57/232 232/286/237 231/280/230
f 263/197/257 262/306/258 259/307/259
f 263/197/257 163/195/260 262/306/258
f 262/306/258 269/308/261 272/309/262
f 262/306/258 163/195/260 269/308/261
f 259/307/259 267/310/263 265/311/176
f 272/309/262 267/310/263 259/307/259
f 262/306/258 272/309/262 259/307/259
f 266/312/176 260/313/264 265/311/176
f 260/313/264 259/307/259 265/311/176
f 269/308/261 270/314/265 272/309/262
f 273/315/266 268/316/267 272/309/262
f 272/309/262 270/314/265 273/315/266
f 270/314/265 271/317/268 273/315/266
f 266/312/176 279/318/269 260/313/264
f 266/312/176 274/319/176 279/318/269
f 275/320/270 280/321/271 286/322/272
f 275/320/270 276/323/273 280/321/271
f 276/323/273 281/324/274 280/321/271
f 286/322/272 278/325/275 279/318/269
f 261/326/276 260/313/264 279/318/269
f 278/325/275 261/326/276 279/318/269
f 286/322/272 277/327/277 278/325/275
f 283/328/278 281/324/274 284/329/279
f 283/328/278 280/321/271 281/324/274
f 277/327/277 286/322/272 280/321/271
f 282/330/280 277/327/277 280/321/271
f 285/331/281 275/320/270 286/322/272
f 274/319/176 286/322/272 279/318/269
f 165/199/282 264/198/283 260/313/264
f 261/326/276 165/199/282 260/313/264
f 260/313/264 264/198/283 263/197/257
f 259/307/259 260/313/264 263/197/257
f 292/283/284 291/74/285 289/81/286
f 292/283/284 289/81/286 287/55/287
f 295/72/288 296/71/289 293/288/290
f 295/72/288 293/288/290 294/291/288
f 293/288/290 296/71/289 291/74/285
f 293/288/290 291/74/285 292/283/284
f 287/55/287 289/81/286 288/82/291
f 287/55/287 288/82/291 290/56/292
f 298/221/293 301/214/294 302/308/295
f 299/195/296 298/221/293 302/308/295
f 303/314/297 306/213/298 305/212/299
f 304/317/299 303/314/297 305/212/299
f 301/214/294 306/213/298 303/314/297
f 302/308/295 301/214/294 303/314/297
f 297/222/300 298/221/293 299/195/296
f 300/194/301 297/222/300 299/195/296
f 312/332/302 319/290/303 315/333/304
f 319/290/303 307/289/305 315/333/304
f 312/332/302 308/291/306 319/290/303
f 315/333/304 320/334/307 312/332/302
f 316/335/308 313/336/309 320/334/307
f 313/336/309 312/332/302 320/334/307
f 316/335/308 314/337/310 313/336/309
f 309/72/311 321/338/312 311/73/313
f 311/73/313 318/339/314 310/80/315
f 318/339/314 311/73/313 321/338/312
f 314/337/310 317/340/316 321/338/312
f 317/340/316 318/339/314 321/338/312
f 314/337/310 316/335/308 317/340/316
f 330/341/317 334/315/318 327/342/319
f 330/341/317 322/316/320 334/315/318
f 334/315/318 323/317/321 327/342/319
f 327/342/319 335/343/322 330/341/317
f 335/343/322 328/344/323 331/345/324
f 335/343/322 327/342/319 328/344/323
f 328/344/323 329/346/325 331/345/324
f 326/211/326 336/347/327 324/212/328
f 325/220/329 333/348/330 326/211/326
f 336/347/327 326/211/326 333/348/330
f 336/347/327 332/349/331 329/346/325
f 336/347/327 333/348/330 332/349/331
f 332/349/331 331/345/324 329/346/325
f 340/336/332 341/337/333 338/72/334
f 340/336/332 338/72/334 337/291/335
f 337/291/335 339/332/336 340/336/332
f 338/72/334 341/337/333 342/338/337
f 344/212/338 347/346/339 346/344/340
f 343/317/341 344/212/338 346/344/340
f 346/344/340 345/342/342 343/317/341
f 348/347/343 347/346/339 344/212/338
f 349/295/344 350/304/344 351/303/344
f 354/328/345 353/330/345 352/321/345
f 258/294/243 257/305/254 246/293/59
f 274/319/176 285/331/281 286/322/272
f 358/350/346 355/351/347 357/352/347
f 358/350/346 356/353/347 355/351/347
f 361/352/348 360/353/346 359/351/347
f 361/352/348 362/350/347 360/353/346
f 366/354/349 372/355/350 373/356/349
f 372/355/350 378/357/351 371/358/352
f 369/359/353 377/360/351 376/361/353
f 368/362/353 376/361/353 375/363/353
f 374/364/354 368/362/353 375/363/353
f 365/365/353 378/357/351 379/366/355
f 377/360/351 364/367/353 376/361/353
f 363/368/353 374/364/354 375/363/353
f 367/369/356 380/370/357 381/371/357
f 371/358/352 377/360/351 370/372/352
f 372/355/350 385/354/349 373/356/349
f 390/357/351 372/355/350 371/358/352
f 389/360/351 369/359/353 388/361/353
f 369/359/353 387/363/353 388/361/353
f 368/362/353 386/364/354 387/363/353
f 391/366/355 390/357/351 384/365/353
f 388/361/353 383/367/353 389/360/351
f 387/363/353 386/364/354 382/368/353
f 386/364/354 381/371/357 392/370/357
f 390/357/351 370/372/352 389/360/351
f 366/354/349 379/366/355 372/355/350
f 372/355/350 379/366/355 378/357/351
f 369/359/353 370/372/352 377/360/351
f 368/362/353 369/359/353 376/361/353
f 374/364/354 367/369/356 368/362/353
f 367/369/356 374/364/354 380/370/357
f 371/358/352 378/357/351 377/360/351
f 372/355/350 391/366/355 385/354/349
f 390/357/351 391/366/355 372/355/350
f 389/360/351 370/372/352 369/359/353
f 369/359/353 368/362/353 387/363/353
f 368/362/353 367/369/356 386/364/354
f 386/364/354 367/369/356 381/371/357
f 390/357/351 371/358/352 370/372/352
f 405/373/358 428/374/359 406/374/360
f 406/374/360 429/375/361 407/375/362
f 407/375/362 430/376/363 408/376/364
f 430/376/363 409/377/365 408/376/364
f 433/378/366 410/379/367 432/379/367
f 431/377/365 410/379/367 409/377/365
f 412/380/368 433/378/366 434/380/369
f 414/381/370 435/382/371 436/381/370
f 413/382/372 434/380/369 435/382/371
f 425/383/373 404/384/374 403/383/375
f 403/383/375 424/385/376 425/383/373
f 423/386/377 402/385/378 401/386/379
f 423/386/377 400/387/380 422/387/380
f 400/387/380 421/388/381 422/387/380
f 420/389/382 399/388/381 398/389/382
f 393/390/81 416/391/81 394/391/81
f 394/391/81 417/392/383 395/392/384
f 418/393/385 395/392/384 417/392/383
f 396/393/386 419/394/387 397/394/388
f 419/394/387 398/389/382 397/394/388
f 415/390/176 425/383/176 416/391/176
f 417/392/176 425/383/176 424/385/176
f 417/392/176 423/386/176 418/393/176
f 422/387/176 418/393/176 423/386/176
f 420/389/176 422/387/176 421/388/176
f 433/378/176 431/377/176 430/376/176
f 430/376/176 434/380/176 433/378/176
f 435/382/176 429/375/176 428/374/176
f 428/374/176 436/381/176 435/382/176
f 472/374/359 449/373/358 450/374/360
f 473/375/361 450/374/360 451/375/362
f 474/376/363 451/375/362 452/376/364
f 475/377/365 452/376/364 453/377/365
f 455/378/366 476/379/367 454/379/367
f 476/379/367 453/377/365 454/379/367
f 455/378/366 478/380/369 477/378/366
f 479/382/371 458/381/370 480/381/370
f 478/380/369 457/382/372 479/382/371
f 448/384/374 469/383/373 447/383/375
f 468/385/376 447/383/375 469/383/373
f 446/385/378 467/386/389 445/386/379
f 445/386/379 466/387/380 444/387/380
f 443/388/381 466/387/380 465/388/381
f 465/388/381 442/389/382 443/388/381
f 460/391/81 437/390/81 438/391/81
f 461/392/383 438/391/81 439/392/384
f 439/392/384 462/393/385 461/392/383
f 463/394/387 440/393/386 441/394/388
f 464/389/382 441/394/388 442/389/382
f 469/383/59 459/390/59 460/391/59
f 469/383/59 461/392/59 468/385/59
f 467/386/59 461/392/59 462/393/59
f 462/393/59 466/387/59 467/386/59
f 466/387/59 464/389/59 465/388/59
f 475/377/59 477/378/59 474/376/59
f 478/380/59 474/376/59 477/378/59
f 473/375/59 479/382/59 472/374/59
f 480/381/59 472/374/59 479/382/59
f 405/373/358 427/373/358 428/374/359
f 406/374/360 428/374/359 429/375/361
f 407/375/362 429/375/361 430/376/363
f 430/376/363 431/377/365 409/377/365
f 433/378/366 411/378/366 410/379/367
f 431/377/365 432/379/367 410/379/367
f 412/380/368 411/378/366 433/378/366
f 414/381/370 413/382/372 435/382/371
f 413/382/372 412/380/368 434/380/369
f 425/383/373 426/384/374 404/384/374
f 403/383/375 402/385/378 424/385/376
f 423/386/377 424/385/376 402/385/378
f 423/386/377 401/386/379 400/387/380
f 400/387/380 399/388/381 421/388/381
f 420/389/382 421/388/381 399/388/381
f 393/390/81 415/390/81 416/391/81
f 394/391/81 416/391/81 417/392/383
f 418/393/385 396/393/386 395/392/384
f 396/393/386 418/393/385 419/394/387
f 419/394/387 420/389/382 398/389/382
f 415/390/176 426/384/176 425/383/176
f 417/392/176 416/391/176 425/383/176
f 417/392/176 424/385/176 423/386/176
f 422/387/176 419/394/176 418/393/176
f 420/389/176 419/394/176 422/387/176
f 433/378/176 432/379/176 431/377/176
f 430/376/176 429/375/176 434/380/176
f 435/382/176 434/380/176 429/375/176
f 428/374/176 427/373/176 436/381/176
f 472/374/359 471/373/358 449/373/358
f 473/375/361 472/374/359 450/374/360
f 474/376/363 473/375/361 451/375/362
f 475/377/365 474/376/363 452/376/364
f 455/378/366 477/378/366 476/379/367
f 476/379/367 475/377/365 453/377/365
f 455/378/366 456/380/368 478/380/369
f 479/382/371 457/382/372 458/381/370
f 478/380/369 456/380/368 457/382/372
f 448/384/374 470/384/374 469/383/373
f 468/385/376 446/385/378 447/383/375
f 446/385/378 468/385/376 467/386/389
f 445/386/379 467/386/389 466/387/380
f 443/388/381 444/387/380 466/387/380
f 465/388/381 464/389/382 442/389/382
f 460/391/81 459/390/81 437/390/81
f 461/392/383 460/391/81 438/391/81
f 439/392/384 440/393/386 462/393/385
f 463/394/387 462/393/385 440/393/386
f 464/389/382 463/394/387 441/394/388
f 469/383/59 470/384/59 459/390/59
f 469/383/59 460/391/59 461/392/59
f 467/386/59 468/385/59 461/392/59
f 462/393/59 463/394/59 466/387/59
f 466/387/59 463/394/59 464/389/59
f 475/377/59 476/379/59 477/378/59
f 478/380/59 473/375/59 474/376/59
f 473/375/59 478/380/59 479/382/59
f 480/381/59 471/373/59 472/374/59
f 488/395/390 482/396/391 486/397/392
f 482/396/391 481/398/393 486/397/392
f 488/395/390 483/399/394 482/396/391
f 489/400/395 485/401/396 488/402/397
f 483/403/398 488/402/397 485/401/396
f 489/404/399 486/405/399 487/406/399
f 484/407/400 489/408/400 487/409/400
f 486/397/392 490/396/401 493/395/402
f 486/397/392 481/398/393 490/396/401
f 490/396/401 491/399/403 493/395/402
f 493/402/404 492/401/405 494/400/406
f 492/401/407 493/402/404 491/403/408
f 486/405/399 494/404/399 487/406/399
f 494/408/400 484/407/400 487/409/400
f 489/404/399 488/410/399 486/405/399
f 484/407/400 485/411/400 489/408/400
f 486/405/399 493/410/399 494/404/399
f 494/408/400 492/411/400 484/407/400
s 0
f 496/412/409 497/413/410 495/412/399
s 1
f 497/413/411 501/414/411 495/412/411
f 500/415/412 496/412/412 502/414/412
f 505/416/413 509/417/413 503/412/413
f 508/418/414 504/412/414 510/417/414
s 0
f 495/412/415 512/413/416 496/412/399
s 1
f 501/414/411 511/413/411 495/412/411
f 496/412/412 514/415/412 502/414/412
f 509/417/413 515/416/413 503/412/413
f 504/412/414 518/418/414 510/417/414
s 0
f 496/412/409 498/413/399 497/413/410
s 1
f 497/413/411 499/419/411 501/414/411
f 500/415/412 498/413/412 496/412/412
f 505/416/413 507/420/413 509/417/413
f 508/418/414 506/416/414 504/412/414
s 0
f 495/412/415 511/413/399 512/413/416
s 1
f 501/414/411 513/419/411 511/413/411
f 496/412/412 512/413/412 514/415/412
f 509/417/413 517/420/413 515/416/413
f 504/412/414 516/416/414 518/418/414
f 525/421/417 524/422/418 523/423/419
f 522/424/420 525/421/417 523/423/419
f 523/423/353 519/425/353 522/426/353
f 524/422/421 521/427/422 520/428/423
f 523/423/424 524/422/421 520/428/423
f 527/423/425 528/422/426 529/421/427
f 527/423/425 529/421/427 526/424/428
f 519/425/353 527/423/353 526/426/353
f 520/428/423 521/427/422 528/422/429
f 520/428/423 528/422/430 527/423/424
f 523/423/353 520/428/353 519/425/353
f 519/425/353 520/428/353 527/423/353
f 540/429/431 531/430/432 539/431/432
f 541/431/433 532/432/431 540/429/431
f 542/429/434 533/430/433 541/431/433
f 543/431/435 534/432/434 542/429/434
f 544/429/436 535/430/435 543/431/435
f 545/431/437 536/432/436 544/429/436
f 546/429/438 537/430/437 545/431/437
f 539/431/432 538/432/438 546/429/438
f 531/430/439 532/432/440 530/433/441
f 532/432/440 533/430/442 530/433/441
f 533/430/442 534/432/443 530/433/441
f 534/432/443 535/430/444 530/433/441
f 535/430/444 536/432/445 530/433/446
f 536/432/445 537/430/447 530/433/446
f 537/430/447 538/432/448 530/433/446
f 538/432/448 531/430/439 530/433/446
f 540/429/431 532/432/431 531/430/432
f 541/431/433 533/430/433 532/432/431
f 542/429/434 534/432/434 533/430/433
f 543/431/435 535/430/435 534/432/434
f 544/429/436 536/432/436 535/430/435
f 545/431/437 537/430/437 536/432/436
f 546/429/438 538/432/438 537/430/437
f 539/431/432 531/430/432 538/432/438
f 555/434/176 551/435/449 550/436/176
f 556/437/450 547/438/451 551/435/450
f 558/439/452 547/438/451 557/440/451
f 560/437/453 552/438/452 558/440/452
f 559/434/59 553/435/453 560/437/453
f 558/441/399 556/442/399 560/443/399
f 554/444/81 549/445/81 550/446/81
f 551/442/81 554/444/81 550/446/81
f 551/442/81 552/441/81 553/443/81
f 555/434/176 556/437/449 551/435/449
f 556/437/450 557/440/451 547/438/451
f 558/439/452 552/441/452 547/438/451
f 560/437/453 553/435/453 552/438/452
f 559/434/59 554/436/59 553/435/453
f 558/441/399 557/438/399 556/442/399
f 554/444/81 548/447/81 549/445/81
f 551/442/81 553/443/81 554/444/81
f 551/442/81 547/438/81 552/441/81
s 0
f 562/448/399 563/449/399 561/448/399
s 1
f 563/449/454 567/450/455 561/448/456
f 568/450/457 564/449/458 562/448/457
s 0
f 569/448/399 572/449/399 570/448/399
s 1
f 575/450/459 571/449/460 569/448/461
f 572/449/462 576/450/463 570/448/463
s 0
f 562/448/399 564/449/399 563/449/399
s 1
f 563/449/464 565/451/465 567/450/466
f 568/450/467 566/452/468 564/449/469
s 0
f 569/448/399 571/449/399 572/449/399
s 1
f 575/450/470 573/451/471 571/449/472
f 572/449/473 574/452/474 576/450/475
f 579/453/476 582/454/477 577/455/478
f 583/454/479 579/453/480 578/455/481
s 0
f 577/455/399 578/455/399 579/453/399
s 1
f 589/454/482 586/453/483 584/455/484
f 586/453/485 590/454/486 585/455/487
s 0
f 586/453/399 585/455/399 584/455/399
s 1
f 579/453/488 580/456/489 582/454/490
f 583/454/491 581/456/492 579/453/493
f 589/454/494 587/456/495 586/453/496
f 586/453/497 588/456/498 590/454/499
f 603/457/500 595/458/353 594/459/500
f 603/457/59 596/460/59 595/458/59
f 604/461/59 598/462/59 597/463/59
f 592/464/353 600/465/353 601/466/353
f 602/467/59 592/464/59 601/466/59
f 594/459/500 602/467/501 603/457/500
f 597/463/59 603/457/59 604/461/59
f 598/462/502 605/468/502 599/469/502
f 605/470/399 602/471/399 600/472/399
f 602/471/399 601/473/399 600/472/399
f 605/470/399 604/474/399 602/471/399
f 604/474/399 603/475/399 602/471/399
f 608/459/503 609/458/353 615/457/503
f 609/458/176 610/460/176 615/457/176
f 611/463/176 612/462/176 616/461/176
f 600/465/353 606/464/353 613/466/353
f 606/464/176 614/467/176 613/466/176
f 614/467/504 608/459/503 615/457/503
f 615/457/176 611/463/176 616/461/176
f 616/461/502 599/469/502 605/468/502
f 600/472/399 614/476/399 605/470/399
f 600/472/399 613/477/399 614/476/399
f 614/476/399 616/478/399 605/470/399
f 614/476/399 615/479/399 616/478/399
f 592/464/353 591/480/353 600/465/353
f 602/467/59 593/481/59 592/464/59
f 594/459/500 593/481/501 602/467/501
f 597/463/59 596/460/59 603/457/59
f 598/462/502 604/461/502 605/468/502
f 600/465/353 591/480/353 606/464/353
f 606/464/176 607/481/176 614/467/176
f 614/467/504 607/481/504 608/459/503
f 615/457/176 610/460/176 611/463/176
f 616/461/502 612/462/502 599/469/502
f 617/482/505 634/483/506 622/484/507
f 622/484/507 618/485/505 617/482/505
f 634/483/506 621/486/508 620/487/509
f 634/483/506 620/487/509 622/484/507
f 626/488/510 627/489/511 645/490/512
f 626/488/510 645/490/512 624/491/513
f 631/492/514 629/493/515 632/494/516
f 631/492/514 628/495/517 629/493/515
f 629/493/515 630/496/518 632/494/516
f 628/497/517 645/490/512 627/489/511
f 631/492/514 645/490/512 628/497/517
f 634/483/506 633/498/519 621/486/508
f 634/483/506 625/499/520 623/500/521
f 634/483/506 623/500/521 633/498/519
f 624/491/513 623/500/521 625/499/520
f 624/491/513 625/499/520 626/488/510
f 646/501/522 648/502/523 644/503/524
f 637/504/525 643/505/526 648/502/523
f 637/504/525 648/502/523 646/501/522
f 649/506/527 630/496/518 619/507/528
f 630/496/518 649/506/527 632/494/516
f 649/506/527 650/508/529 651/509/530
f 649/506/527 651/509/530 632/494/516
f 646/501/522 644/503/524 652/510/531
f 651/509/530 652/511/531 632/494/516
f 639/512/532 653/513/533 652/510/531
f 639/512/532 652/510/531 644/503/524
f 652/511/531 653/514/533 632/494/516
f 657/515/534 669/516/535 617/482/505
f 617/482/505 618/485/505 657/515/534
f 655/517/536 656/518/537 669/516/535
f 657/515/534 655/517/536 669/516/535
f 680/519/538 662/520/539 661/521/540
f 659/522/541 680/519/538 661/521/540
f 667/523/542 664/524/543 666/525/544
f 664/524/543 663/526/545 666/525/544
f 667/523/542 665/527/546 664/524/543
f 662/520/539 680/519/538 663/528/545
f 663/528/545 680/519/538 666/525/544
f 656/518/537 668/529/547 669/516/535
f 658/530/548 660/531/549 669/516/535
f 668/529/547 658/530/548 669/516/535
f 660/531/549 658/530/548 659/522/541
f 661/521/540 660/531/549 659/522/541
f 679/532/550 683/533/551 681/534/552
f 683/533/551 678/535/553 672/536/554
f 681/534/552 683/533/551 672/536/554
f 654/537/555 665/527/546 684/538/556
f 667/523/542 684/538/556 665/527/546
f 686/539/557 685/540/558 684/538/556
f 667/523/542 686/539/557 684/538/556
f 687/541/559 679/532/550 681/534/552
f 667/523/542 687/542/559 686/539/557
f 687/541/559 688/543/560 674/544/561
f 679/532/550 687/541/559 674/544/561
f 667/523/542 688/545/560 687/542/559
f 690/546/562 693/547/562 692/548/562
f 690/546/562 692/548/562 689/549/562
f 694/550/563 642/551/564 638/552/565
f 694/550/563 638/552/565 691/553/566
f 698/548/567 699/547/567 696/546/567
f 695/549/567 698/548/567 696/546/567
f 673/552/568 677/551/569 700/550/570
f 697/553/571 673/552/568 700/550/570
f 703/554/572 704/555/573 701/556/574
f 703/554/572 701/556/574 702/557/575
f 705/556/576 708/555/577 707/554/578
f 706/557/579 705/556/576 707/554/578
f 710/482/580 709/558/580 725/483/581
f 709/558/580 714/559/582 725/483/581
f 711/507/583 724/496/584 713/560/585
f 724/496/584 723/493/586 712/561/587
f 724/496/584 712/561/587 713/560/585
f 722/495/588 718/562/589 712/561/587
f 722/495/588 712/561/587 723/493/586
f 715/563/590 719/499/591 725/483/581
f 715/563/590 725/483/581 714/559/582
f 720/488/592 719/499/591 715/563/590
f 720/488/592 715/563/590 716/564/593
f 721/489/594 720/488/592 716/564/593
f 721/489/594 716/564/593 717/565/595
f 718/566/589 722/497/588 721/489/594
f 718/566/589 721/489/594 717/565/595
f 740/516/596 709/558/580 710/482/580
f 740/516/596 729/567/597 709/558/580
f 728/568/598 739/527/599 726/537/600
f 727/569/601 738/524/602 739/527/599
f 728/568/598 727/569/601 739/527/599
f 727/569/601 733/570/603 737/526/604
f 738/524/602 727/569/601 737/526/604
f 740/516/596 734/531/605 730/571/606
f 729/567/597 740/516/596 730/571/606
f 730/571/606 734/531/605 735/521/607
f 731/572/608 730/571/606 735/521/607
f 731/572/608 735/521/607 736/520/609
f 732/573/610 731/572/608 736/520/609
f 736/520/609 737/528/604 733/574/603
f 732/573/610 736/520/609 733/574/603
f 744/575/502 743/576/502 742/577/502
f 749/578/353 746/579/353 750/580/353
f 749/578/353 638/581/611 746/579/353
f 751/575/502 747/577/502 752/582/502
f 747/577/502 741/583/502 752/582/502
f 750/580/353 746/579/353 748/584/353
f 758/580/353 753/579/353 757/578/353
f 753/579/353 673/581/612 757/578/353
f 760/582/502 754/577/502 759/575/502
f 760/582/502 745/583/502 754/577/502
f 754/577/502 756/576/502 759/575/502
f 755/584/353 753/579/353 758/580/353
f 767/490/613 766/512/614 768/585/615
f 762/491/616 767/490/613 768/585/615
f 762/491/616 768/585/615 765/586/617
f 632/494/618 769/514/619 763/492/620
f 769/513/619 766/512/614 767/490/613
f 769/513/619 767/490/613 763/492/620
f 777/587/621 775/544/622 776/519/623
f 777/587/621 776/519/623 771/522/624
f 774/588/625 777/587/621 771/522/624
f 772/525/626 778/545/627 667/523/628
f 776/519/623 775/544/622 778/543/627
f 772/525/626 776/519/623 778/543/627
f 770/530/629 773/529/630 675/589/631
f 673/590/568 770/530/629 675/589/631
f 771/522/624 770/530/629 673/590/568
f 774/588/625 771/522/624 673/590/568
f 640/591/632 764/498/633 761/500/634
f 638/592/565 640/591/632 761/500/634
f 638/592/565 761/500/634 762/491/616
f 765/586/617 638/592/565 762/491/616
f 642/593/564 641/594/635 640/591/632
f 638/592/565 642/593/564 640/591/632
f 677/595/569 673/590/568 675/589/631
f 676/596/636 677/595/569 675/589/631
f 644/503/524 648/502/523 647/585/637
f 639/512/532 644/503/524 647/585/637
f 679/532/550 674/544/561 682/587/638
f 683/533/551 679/532/550 682/587/638
f 678/535/553 677/595/569 671/597/639
f 672/536/554 678/535/553 671/597/639
f 670/598/640 677/595/569 676/596/636
f 635/599/641 642/593/564 636/600/642
f 636/600/642 642/593/564 643/505/526
f 637/504/525 636/600/642 643/505/526
f 670/598/640 671/597/639 677/595/569
f 635/599/641 641/594/635 642/593/564
f 783/601/643 787/602/643 782/603/644
f 787/602/643 786/604/645 782/603/644
f 787/602/643 784/605/646 788/606/647
f 787/602/643 783/601/643 784/605/646
f 788/606/647 784/605/646 789/607/648
f 792/608/649 789/609/648 791/610/650
f 790/611/651 788/606/647 789/607/648
f 790/611/651 789/607/648 792/608/649
f 781/612/652 785/613/653 780/614/654
f 786/604/645 779/615/655 782/603/644
f 793/616/656 798/617/657 794/618/657
f 793/616/656 797/619/658 798/617/657
f 799/620/659 795/621/660 798/617/657
f 795/621/660 794/618/657 798/617/657
f 800/622/661 795/621/660 799/620/659
f 802/623/662 800/624/661 803/625/663
f 800/622/661 799/620/659 801/626/664
f 803/625/663 800/622/661 801/626/664
f 796/627/665 781/612/652 780/614/654
f 779/615/655 797/619/658 793/616/656
f 808/628/666 809/629/667 804/630/668
f 805/631/669 804/630/668 809/629/667
f 796/632/665 807/633/670 806/634/671
f 797/635/658 796/632/665 806/634/671
f 810/630/672 815/629/673 814/628/674
f 815/629/673 810/630/672 811/631/675
f 812/634/676 813/633/677 785/632/653
f 812/634/676 785/632/653 786/635/645
f 824/636/678 823/637/679 822/613/679
f 824/636/678 825/638/678 823/637/679
f 826/611/680 825/638/678 824/636/678
f 826/611/680 827/639/680 825/638/678
f 828/640/681 819/641/682 831/642/683
f 828/640/681 830/610/684 819/641/682
f 818/643/685 820/644/686 831/642/683
f 818/643/685 831/642/683 819/641/682
f 820/644/686 821/645/687 832/646/688
f 820/644/686 832/646/688 831/642/683
f 831/642/683 829/647/689 828/640/681
f 829/647/689 831/642/683 832/646/688
f 833/608/690 830/610/684 828/640/681
f 827/639/680 826/611/680 833/608/690
f 827/639/680 833/608/690 834/648/691
f 828/640/681 829/647/689 834/648/691
f 828/640/681 834/648/691 833/608/690
f 822/613/679 817/649/399 816/614/399
f 839/627/692 840/650/692 841/651/693
f 840/650/692 842/652/693 841/651/693
f 841/651/693 842/652/693 843/626/694
f 842/652/693 844/653/694 843/626/694
f 848/654/695 836/655/696 845/656/697
f 836/655/696 847/623/698 845/656/697
f 848/654/695 837/657/699 835/658/700
f 836/655/696 848/654/695 835/658/700
f 849/659/701 838/660/702 837/657/699
f 848/654/695 849/659/701 837/657/699
f 845/656/697 846/661/703 848/654/695
f 849/659/701 848/654/695 846/661/703
f 845/656/697 847/623/698 850/625/704
f 850/625/704 843/626/694 844/653/694
f 851/662/705 850/625/704 844/653/694
f 851/662/705 846/661/703 845/656/697
f 850/625/704 851/662/705 845/656/697
f 840/650/692 816/614/399 817/649/399
f 852/663/706 853/664/706 854/665/706
f 855/666/706 854/665/706 853/664/706
f 858/665/707 857/664/707 856/663/707
f 857/664/707 858/665/707 859/666/707
f 869/667/502 866/668/502 871/669/502
f 869/667/502 862/670/502 866/668/502
f 866/668/502 867/671/502 871/669/502
f 870/672/353 864/673/353 868/674/353
f 864/673/353 863/675/353 868/674/353
f 870/672/353 865/676/353 864/673/353
f 879/669/502 874/668/502 877/667/502
f 874/668/502 860/670/502 877/667/502
f 879/669/502 875/671/502 874/668/502
f 876/674/353 872/673/353 878/672/353
f 876/674/353 861/675/353 872/673/353
f 872/673/353 873/676/353 878/672/353
f 781/612/652 786/604/645 785/613/653
f 786/604/645 781/612/652 779/615/655
f 796/627/665 797/619/658 781/612/652
f 779/615/655 781/612/652 797/619/658
f 822/613/679 823/637/679 817/649/399
f 840/650/692 839/627/692 816/614/399
f 889/677/353 886/678/353 885/679/353
f 884/680/353 883/681/353 882/682/353
f 885/679/353 884/680/353 889/677/353
f 884/680/353 882/682/353 889/677/353
f 889/677/353 882/682/353 888/683/353
f 882/682/353 881/684/353 880/685/353
f 880/685/353 887/686/353 888/683/353
f 882/682/353 880/685/353 888/683/353
f 895/679/353 896/678/353 897/677/353
f 892/682/353 893/681/353 894/680/353
f 897/677/353 894/680/353 895/679/353
f 897/677/353 892/682/353 894/680/353
f 888/683/353 892/682/353 897/677/353
f 890/685/353 891/684/353 892/682/353
f 888/683/353 887/686/353 890/685/353
f 888/683/353 890/685/353 892/682/353
f 901/687/708 898/688/708 900/689/708
f 901/687/708 899/690/708 898/688/708
f 903/691/709 908/692/710 909/693/711
f 905/691/712 906/692/713 904/694/714
f 904/695/714 908/692/710 902/694/715
f 905/696/712 909/697/711 907/692/716
f 913/698/717 910/699/718 911/700/719
f 913/699/717 916/692/710 912/701/720
f 911/701/719 914/697/713 915/692/721
f 910/699/718 916/692/710 914/697/713
f 911/701/719 917/697/722 913/699/717
f 903/691/709 902/694/715 908/692/710
f 905/691/712 907/693/716 906/692/713
f 904/695/714 906/697/713 908/692/710
f 905/696/712 903/702/709 909/697/711
f 913/698/717 912/701/720 910/699/718
f 913/699/717 917/697/722 916/692/710
f 911/701/719 910/699/718 914/697/713
f 910/699/718 912/701/720 916/692/710
f 911/701/719 915/692/721 917/697/722
f 924/703/723 929/704/724 928/705/725
f 925/706/726 930/707/727 929/704/724
f 926/708/728 931/709/729 930/707/727
f 928/710/725 933/711/730 932/712/731
f 929/713/724 934/714/732 933/711/730
f 930/715/727 935/716/733 934/714/732
f 919/717/734 932/718/731 933/719/730
f 920/720/735 933/719/730 934/721/732
f 921/722/736 934/721/732 935/723/733
f 923/724/737 932/725/731 918/726/738
f 928/727/725 938/728/739 939/729/740
f 940/730/741 928/727/725 939/729/740
f 925/731/726 924/732/723 940/730/741
f 942/733/742 935/734/733 931/735/729
f 921/736/736 937/737/743 922/738/744
f 941/739/745 936/740/746 942/733/742
f 941/741/745 927/742/747 926/743/728
f 926/743/728 940/730/741 941/741/745
f 945/744/347 944/745/347 943/746/347
f 945/744/347 943/746/347 947/747/347
f 946/748/347 945/744/347 947/747/347
f 953/704/748 948/703/749 952/705/750
f 954/707/751 949/706/752 953/704/748
f 955/709/753 950/708/754 954/707/751
f 957/711/755 952/710/750 956/712/756
f 958/714/757 953/713/748 957/711/755
f 959/716/758 954/715/751 958/714/757
f 956/718/756 919/717/734 957/719/755
f 957/719/755 920/720/735 958/721/757
f 958/721/757 921/722/736 959/723/758
f 956/725/756 923/724/737 918/726/738
f 962/728/759 952/727/750 963/729/760
f 952/727/750 964/730/761 963/729/760
f 964/730/761 948/732/749 949/731/752
f 959/734/758 966/733/762 955/735/753
f 959/734/758 922/738/744 961/737/763
f 966/733/762 960/740/764 965/739/765
f 950/743/754 951/742/766 965/741/765
f 964/730/761 950/743/754 965/741/765
f 943/746/347 967/749/347 968/750/347
f 947/747/347 943/746/347 968/750/347
f 947/747/347 968/750/347 969/751/347
f 931/735/729 927/752/747 941/739/745
f 942/733/742 931/735/729 941/739/745
f 955/735/753 966/733/762 965/739/765
f 951/752/766 955/735/753 965/739/765
f 924/703/723 925/706/726 929/704/724
f 925/706/726 926/708/728 930/707/727
f 926/708/728 927/753/747 931/709/729
f 928/710/725 929/713/724 933/711/730
f 929/713/724 930/715/727 934/714/732
f 930/715/727 931/754/729 935/716/733
f 919/717/734 918/755/738 932/718/731
f 920/720/735 919/717/734 933/719/730
f 921/722/736 920/720/735 934/721/732
f 923/724/737 938/728/739 932/725/731
f 928/727/725 932/725/731 938/728/739
f 940/730/741 924/732/723 928/727/725
f 942/733/742 937/737/743 935/734/733
f 921/736/736 935/734/733 937/737/743
f 926/743/728 925/731/726 940/730/741
f 953/704/748 949/706/752 948/703/749
f 954/707/751 950/708/754 949/706/752
f 955/709/753 951/753/766 950/708/754
f 957/711/755 953/713/748 952/710/750
f 958/714/757 954/715/751 953/713/748
f 959/716/758 955/754/753 954/715/751
f 956/718/756 918/755/738 919/717/734
f 957/719/755 919/717/734 920/720/735
f 958/721/757 920/720/735 921/722/736
f 956/725/756 962/728/759 923/724/737
f 962/728/759 956/725/756 952/727/750
f 952/727/750 948/732/749 964/730/761
f 959/734/758 961/737/763 966/733/762
f 959/734/758 921/736/736 922/738/744
f 964/730/761 949/731/752 950/743/754
f 976/756/347 971/757/767 972/758/768
f 971/757/767 973/759/769 970/760/770
f 977/761/59 972/762/768 978/763/771
f 972/764/768 979/765/737 978/766/771
f 979/765/737 970/762/770 980/763/772
f 970/762/770 981/761/176 980/763/772
f 975/767/773 976/756/347 972/758/768
f 982/768/737 984/769/737 983/761/737
f 976/756/347 974/770/347 971/757/767
f 971/757/767 974/770/347 973/759/769
f 977/761/59 975/768/773 972/762/768
f 972/764/768 971/771/767 979/765/737
f 979/765/737 971/771/767 970/762/770
f 970/762/770 973/768/769 981/761/176
f 982/768/737 985/772/737 984/769/737
f 991/773/774 986/774/775 995/775/776
f 992/776/777 987/777/778 991/773/774
f 994/773/779 989/778/780 993/776/781
f 994/773/779 986/774/775 990/777/782
f 987/779/778 988/780/783 986/781/775
f 988/780/783 989/776/780 986/781/775
f 989/776/780 990/782/782 986/781/775
f 992/780/777 991/779/774 995/781/776
f 993/776/781 992/780/777 995/781/776
f 994/782/779 993/776/781 995/781/776
f 988/783/783 993/776/781 989/778/780
f 997/777/774 1005/775/775 996/774/776
f 998/778/777 1001/773/778 997/777/774
f 1000/777/779 1003/776/780 999/778/781
f 996/774/776 1004/773/784 1000/777/779
f 996/781/776 998/780/777 997/779/774
f 996/781/776 999/776/781 998/780/777
f 996/781/776 1000/782/779 999/776/781
f 1005/781/775 1001/779/778 1002/780/783
f 1005/781/775 1002/780/783 1003/776/780
f 1005/781/775 1003/776/780 1004/782/784
f 1002/780/783 999/778/781 1003/776/780
f 991/773/774 987/777/778 986/774/775
f 992/776/777 988/778/783 987/777/778
f 994/773/779 990/777/782 989/778/780
f 994/773/779 995/775/776 986/774/775
f 988/783/783 992/780/777 993/776/781
f 997/777/774 1001/773/778 1005/775/775
f 998/778/777 1002/776/783 1001/773/778
f 1000/777/779 1004/773/784 1003/776/780
f 996/774/776 1005/775/775 1004/773/784
f 1002/780/783 998/783/777 999/778/781
f 1009/784/785 1006/785/785 1007/786/786
f 1012/787/785 1011/784/785 1013/788/785
f 1015/784/785 1016/789/785 1017/790/785
f 1009/784/785 1008/791/785 1006/785/785
f 1012/787/785 1010/786/785 1011/784/785
f 1015/784/785 1014/786/786 1016/789/785
f 1023/792/787 1020/793/788 1021/794/789
f 1026/795/790 1031/796/791 1027/797/792
f 1025/797/793 1028/798/794 1024/795/795
f 1026/799/790 1028/800/794 1030/801/796
f 1021/802/789 1032/803/797 1033/804/798
f 1026/795/790 1033/804/798 1032/803/797
f 1022/805/799 1035/804/800 1034/803/801
f 1024/795/795 1035/804/800 1025/797/793
f 1020/806/788 1034/807/801 1032/808/797
f 1026/799/790 1034/807/801 1024/809/795
f 1028/810/794 1037/811/802 1030/812/796
f 1036/813/803 1040/814/804 1037/815/802
f 1019/816/176 1037/817/802 1040/818/804
f 1018/816/59 1036/817/803 1039/819/59
f 1030/798/796 1037/817/802 1041/819/176
f 1031/796/791 1030/798/796 1041/819/176
f 1028/798/794 1029/796/805 1039/819/59
f 1036/817/803 1028/798/794 1039/819/59
f 1023/792/787 1022/820/799 1020/793/788
f 1026/795/790 1030/798/796 1031/796/791
f 1025/797/793 1029/796/805 1028/798/794
f 1026/799/790 1024/809/795 1028/800/794
f 1021/802/789 1020/805/788 1032/803/797
f 1026/795/790 1027/797/792 1033/804/798
f 1022/805/799 1023/802/787 1035/804/800
f 1024/795/795 1034/803/801 1035/804/800
f 1020/806/788 1022/821/799 1034/807/801
f 1026/799/790 1032/808/797 1034/807/801
f 1028/810/794 1036/822/803 1037/811/802
f 1036/813/803 1038/823/806 1040/814/804
f 1019/816/176 1041/819/176 1037/817/802
f 1018/816/59 1038/818/806 1036/817/803
f 1047/824/807 1053/825/808 1052/826/809
f 1046/827/810 1047/824/811 1052/826/812
f 1045/828/813 1046/827/814 1051/829/815
f 1052/826/812 1051/829/815 1046/827/810
f 1051/830/816 1050/831/817 1045/828/818
f 1044/832/819 1045/828/820 1050/831/817
f 1049/833/821 1048/834/822 1042/835/823
f 1043/836/824 1049/833/821 1042/835/823
f 1050/837/825 1049/833/821 1043/836/824
f 1044/832/826 1050/837/825 1043/836/824
f 1042/835/823 1048/838/822 1053/839/827
f 1047/824/828 1042/835/829 1053/839/830
f 1057/828/831 1056/832/832 1055/836/833
f 1058/827/834 1057/828/831 1055/836/833
f 1058/827/834 1055/836/833 1054/835/835
f 1059/824/836 1058/827/834 1054/835/835
f 1070/826/837 1071/825/838 1065/824/839
f 1070/826/837 1065/824/839 1064/827/840
f 1069/829/841 1064/827/840 1063/828/842
f 1064/827/840 1069/829/841 1070/826/837
f 1063/828/843 1068/831/844 1069/830/845
f 1068/831/844 1063/828/843 1062/832/846
f 1060/835/847 1066/834/848 1067/833/849
f 1060/835/847 1067/833/849 1061/836/850
f 1061/836/850 1067/833/849 1068/837/851
f 1061/836/852 1068/837/853 1062/832/854
f 1071/839/855 1066/838/848 1060/835/847
f 1071/839/855 1060/835/847 1065/824/856
f 1073/836/857 1074/832/858 1075/828/859
f 1073/836/857 1075/828/859 1076/827/860
f 1072/835/861 1073/836/857 1076/827/860
f 1072/835/861 1076/827/860 1077/824/862
f 1084/840/863 1083/841/864 1082/842/865
f 1084/840/863 1085/843/866 1083/841/864
f 1082/842/865 1083/841/864 1078/844/867
f 1078/845/867 1081/846/868 1082/842/865
f 1084/840/863 1082/842/865 1081/846/868
f 1084/840/863 1081/847/868 1080/848/869
f 1080/848/869 1079/849/870 1085/843/866
f 1084/840/863 1080/848/869 1085/843/866
f 1090/842/871 1091/841/872 1092/840/873
f 1091/841/872 1093/843/874 1092/840/873
f 1086/844/875 1091/841/872 1090/842/871
f 1090/842/871 1089/846/876 1086/845/875
f 1089/846/876 1090/842/871 1092/840/873
f 1088/848/877 1089/847/876 1092/840/873
f 1093/843/874 1087/849/878 1088/848/877
f 1093/843/874 1088/848/877 1092/840/873
f 1095/850/879 1096/851/880 1094/852/881
f 1099/853/882 1096/851/880 1097/853/883
f 1095/850/879 1100/852/884 1101/850/885
f 1096/851/880 1100/852/884 1094/852/881
f 1099/853/882 1095/850/879 1101/850/885
f 1105/854/81 1102/855/81 1103/856/81
f 1095/850/879 1097/853/883 1096/851/880
f 1099/853/882 1098/851/886 1096/851/880
f 1095/850/879 1094/852/881 1100/852/884
f 1096/851/880 1098/851/886 1100/852/884
f 1099/853/882 1097/853/883 1095/850/879
f 1105/854/81 1104/857/81 1102/855/81
f 1109/858/887 1106/859/887 1107/860/887
f 1111/861/888 1108/862/889 1109/858/890
f 1113/863/891 1110/864/891 1111/861/891
f 1113/863/892 1106/859/893 1112/865/894
f 1109/858/887 1108/862/887 1106/859/887
f 1111/861/895 1110/864/896 1108/862/897
f 1113/863/891 1112/865/891 1110/864/891
f 1113/863/898 1107/860/899 1106/859/900
f 1118/866/901 1131/867/902 1130/866/903
f 1122/868/904 1124/869/905 1127/869/906
f 1123/870/907 1125/871/908 1121/870/909
f 1124/869/905 1126/872/910 1114/873/911
f 1128/874/912 1125/871/908 1115/875/913
f 1125/871/908 1129/871/914 1117/875/915
f 1115/875/913 1125/871/908 1117/875/915
f 1114/873/911 1116/873/916 1127/869/906
f 1124/869/905 1114/873/911 1127/869/906
f 1120/868/917 1122/868/904 1118/866/901
f 1130/866/903 1120/868/917 1118/866/901
f 1121/870/909 1131/867/902 1119/867/918
f 1123/870/907 1121/870/909 1119/867/918
f 1121/870/909 1125/871/908 1128/874/912
f 1131/867/902 1121/870/909 1128/874/912
f 1124/869/905 1120/868/917 1130/866/903
f 1126/872/910 1124/869/905 1130/866/903
f 1114/873/911 1126/872/910 1128/874/912
f 1115/875/913 1114/873/911 1128/874/912
f 1130/866/903 1128/874/912 1126/872/910
f 1135/876/919 1136/876/920 1137/876/920
f 1132/876/920 1139/876/920 1138/876/920
f 1136/876/920 1139/876/920 1137/876/920
f 1117/875/915 1116/873/916 1114/873/911
f 1115/875/913 1117/875/915 1114/873/911
f 1145/877/921 1156/878/922 1157/877/923
f 1150/879/924 1148/880/925 1153/879/926
f 1151/881/927 1149/882/928 1147/882/929
f 1140/883/930 1152/884/931 1150/879/924
f 1141/885/932 1151/881/927 1154/886/933
f 1143/885/934 1155/881/935 1151/881/927
f 1143/885/934 1151/881/927 1141/885/932
f 1153/879/926 1142/883/936 1140/883/930
f 1153/879/926 1140/883/930 1150/879/924
f 1144/878/937 1148/880/925 1146/880/938
f 1144/878/937 1146/880/938 1156/878/922
f 1145/877/921 1157/877/923 1147/882/929
f 1145/877/921 1147/882/929 1149/882/928
f 1154/886/933 1151/881/927 1147/882/929
f 1154/886/933 1147/882/929 1157/877/923
f 1156/878/922 1146/880/938 1150/879/924
f 1156/878/922 1150/879/924 1152/884/931
f 1154/886/933 1152/884/931 1140/883/930
f 1154/886/933 1140/883/930 1141/885/932
f 1154/886/933 1156/878/922 1152/884/931
f 1162/876/939 1161/876/940 1163/876/939
f 1165/876/939 1158/876/939 1164/876/939
f 1165/876/939 1162/876/939 1163/876/939
f 1140/883/930 1142/883/936 1143/885/934
f 1140/883/930 1143/885/934 1141/885/932
f 1118/866/901 1119/867/918 1131/867/902
f 1122/868/904 1120/868/917 1124/869/905
f 1123/870/907 1129/871/914 1125/871/908
f 1130/866/903 1131/867/902 1128/874/912
f 1135/876/919 1134/876/919 1136/876/920
f 1132/876/920 1133/876/920 1139/876/920
f 1136/876/920 1138/876/920 1139/876/920
f 1145/877/921 1144/878/937 1156/878/922
f 1150/879/924 1146/880/938 1148/880/925
f 1151/881/927 1155/881/935 1149/882/928
f 1154/886/933 1157/877/923 1156/878/922
f 1162/876/939 1160/876/940 1161/876/940
f 1165/876/939 1159/876/939 1158/876/939
f 1165/876/939 1164/876/939 1162/876/939
f 1170/887/941 1166/888/942 1168/889/943
f 1167/890/944 1171/891/945 1169/892/946
f 1168/889/943 1166/888/942 1167/890/944
f 1169/892/946 1168/889/943 1167/890/944
f 1168/889/943 1169/892/946 1171/891/945
f 1170/887/941 1168/889/943 1171/891/945
f 1174/893/947 1172/894/948 1176/895/949
f 1175/896/950 1177/897/951 1173/898/952
f 1173/898/952 1172/894/948 1174/893/947
f 1173/898/952 1174/893/947 1175/896/950
f 1177/897/951 1175/896/950 1174/893/947
f 1177/897/951 1174/893/947 1176/895/949
f 1179/899/953 1180/900/953 1178/900/953
f 1183/901/81 1180/900/81 1182/901/81
f 1182/901/954 1179/899/954 1183/901/954
f 1181/902/955 1182/903/955 1180/904/955
f 1183/901/956 1179/899/956 1178/900/956
f 1186/900/953 1185/899/953 1184/900/953
f 1186/900/81 1189/901/81 1188/901/81
f 1185/899/954 1188/901/954 1189/901/954
f 1186/905/957 1188/906/957 1187/907/957
f 1184/900/958 1185/899/958 1189/901/958
f 1179/899/953 1181/899/953 1180/900/953
f 1183/901/81 1178/900/81 1180/900/81
f 1182/901/954 1181/899/954 1179/899/954
f 1186/900/953 1187/899/953 1185/899/953
f 1186/900/81 1184/900/81 1189/901/81
f 1185/899/954 1187/899/954 1188/901/954
f 1193/908/347 1190/909/347 1192/910/959
f 1197/908/347 1194/909/347 1196/910/959
f 1193/908/347 1191/911/347 1190/909/347
f 1197/908/347 1195/911/347 1194/909/347
f 1235/912/960 1242/913/961 1219/914/962
f 1235/912/960 1234/915/963 1242/913/961
f 1235/912/960 1219/914/962 1218/916/964
f 1220/917/965 1218/916/964 1219/914/962
f 1220/917/965 1217/918/966 1218/916/964
f 1217/918/966 1220/917/965 1216/919/967
f 1220/917/965 1221/920/968 1216/919/969
f 1217/918/970 1199/921/971 1200/922/972
f 1218/923/972 1217/918/973 1200/922/972
f 1216/919/974 1198/924/974 1199/921/971
f 1217/918/970 1216/919/974 1199/921/971
f 1236/925/975 1201/926/976 1219/914/962
f 1221/920/968 1220/917/965 1202/927/977
f 1203/928/978 1221/920/968 1202/927/977
f 1201/926/976 1202/927/977 1220/917/965
f 1219/914/962 1201/926/976 1220/917/965
f 1224/929/979 1206/930/980 1236/925/975
f 1230/931/981 1207/932/982 1225/933/983
f 1230/931/981 1212/934/984 1207/932/982
f 1241/935/985 1237/936/986 1238/937/987
f 1238/937/987 1231/938/988 1230/931/981
f 1241/935/985 1238/937/987 1230/931/981
f 1236/925/975 1242/913/961 1239/939/989
f 1238/937/987 1213/940/990 1231/938/988
f 1232/941/991 1214/942/992 1215/943/993
f 1233/944/994 1232/941/991 1215/943/993
f 1213/945/990 1214/942/992 1232/941/991
f 1231/938/988 1213/945/990 1232/941/991
f 1225/933/983 1226/946/995 1223/947/996
f 1224/929/979 1225/933/983 1223/947/996
f 1226/946/995 1227/948/997 1222/949/998
f 1223/947/996 1226/946/995 1222/949/998
f 1206/930/980 1224/929/979 1205/950/999
f 1224/929/979 1223/947/996 1205/950/999
f 1223/947/996 1204/951/1000 1205/950/999
f 1223/947/996 1222/949/998 1204/951/1000
f 1208/952/1001 1209/953/1002 1227/948/997
f 1226/946/995 1208/952/1001 1227/948/997
f 1226/946/995 1225/933/983 1207/954/982
f 1208/952/1001 1226/946/995 1207/954/982
f 1230/931/981 1231/938/988 1232/941/991
f 1229/955/1003 1230/931/981 1232/941/991
f 1233/944/994 1228/956/1004 1229/955/1003
f 1232/941/991 1233/944/994 1229/955/1003
f 1230/931/981 1229/955/1003 1212/934/984
f 1229/955/1003 1211/957/1005 1212/934/984
f 1229/955/1003 1228/956/1004 1211/957/1005
f 1228/956/1004 1210/958/1006 1211/957/1005
f 1241/935/985 1230/931/981 1225/933/983
f 1240/959/1007 1241/935/985 1225/933/983
f 1224/929/979 1240/959/1007 1225/933/983
f 1240/959/1007 1224/929/979 1236/925/975
f 1239/939/989 1240/959/1007 1236/925/975
f 1218/916/964 1200/923/1008 1235/912/960
f 1264/914/1009 1242/913/961 1279/912/1010
f 1242/913/961 1234/915/963 1279/912/1010
f 1263/916/1011 1264/914/1009 1279/912/1010
f 1264/914/1009 1263/916/1011 1265/917/1012
f 1263/916/1011 1262/918/1013 1265/917/1012
f 1261/919/1014 1265/917/1012 1262/918/1013
f 1261/919/1014 1266/920/1015 1265/917/1012
f 1245/922/972 1244/921/1016 1262/918/973
f 1245/922/972 1262/918/973 1263/923/972
f 1244/921/1017 1243/924/974 1261/919/974
f 1244/921/1016 1261/919/974 1262/918/973
f 1264/914/1009 1246/926/976 1280/925/975
f 1247/927/977 1265/917/1012 1266/920/1015
f 1247/927/977 1266/920/1015 1248/928/978
f 1265/917/1012 1247/927/977 1246/926/976
f 1265/917/1012 1246/926/976 1264/914/1009
f 1280/925/975 1251/930/980 1269/929/1018
f 1270/933/1019 1252/932/982 1275/931/1020
f 1252/932/982 1257/934/984 1275/931/1020
f 1281/937/1021 1237/936/986 1241/935/985
f 1275/931/1020 1276/938/1022 1281/937/1021
f 1275/931/1020 1281/937/1021 1241/935/985
f 1242/913/961 1280/925/975 1239/939/989
f 1276/938/1022 1258/940/1023 1281/937/1021
f 1260/943/1024 1259/942/1025 1277/941/1026
f 1260/943/1024 1277/941/1026 1278/944/1027
f 1277/941/1026 1259/942/1025 1258/945/1023
f 1277/941/1026 1258/945/1023 1276/938/1022
f 1268/947/1028 1271/946/1029 1270/933/1019
f 1268/947/1028 1270/933/1019 1269/929/1018
f 1267/949/1030 1272/948/1031 1271/946/1029
f 1267/949/1030 1271/946/1029 1268/947/1028
f 1250/950/999 1269/929/1018 1251/930/980
f 1250/950/999 1268/947/1028 1269/929/1018
f 1250/950/999 1249/951/1000 1268/947/1028
f 1249/951/1000 1267/949/1030 1268/947/1028
f 1272/948/1031 1254/953/1002 1253/952/1001
f 1272/948/1031 1253/952/1001 1271/946/1029
f 1252/954/982 1270/933/1019 1271/946/1029
f 1252/954/982 1271/946/1029 1253/952/1001
f 1277/941/1026 1276/938/1022 1275/931/1020
f 1277/941/1026 1275/931/1020 1274/955/1032
f 1274/955/1032 1273/956/1033 1278/944/1027
f 1274/955/1032 1278/944/1027 1277/941/1026
f 1257/934/984 1274/955/1032 1275/931/1020
f 1257/934/984 1256/957/1034 1274/955/1032
f 1256/957/1034 1273/956/1033 1274/955/1032
f 1256/957/1034 1255/958/1035 1273/956/1033
f 1270/933/1019 1275/931/1020 1241/935/985
f 1270/933/1019 1241/935/985 1240/959/1007
f 1270/933/1019 1240/959/1007 1269/929/1018
f 1280/925/975 1269/929/1018 1240/959/1007
f 1280/925/975 1240/959/1007 1239/939/989
f 1279/912/1010 1245/923/1008 1263/916/1011
f 1236/925/975 1219/914/962 1242/913/961
f 1242/913/961 1264/914/1009 1280/925/975
f 1293/960/1036 1286/961/1037 1287/962/1036
f 1297/963/1038 1287/962/1036 1284/964/1039
f 1298/965/1040 1284/964/1039 1285/966/1041
f 1285/966/1041 1289/967/1042 1298/965/1040
f 1285/966/1041 1282/968/1043 1289/967/1042
f 1289/967/1042 1290/969/1044 1298/965/1040
f 1292/970/1045 1296/971/1046 1291/972/1047
f 1296/971/1046 1290/969/1044 1291/972/1047
f 1296/971/1046 1298/965/1040 1290/969/1044
f 1298/965/1040 1296/971/1046 1295/973/1048
f 1286/961/1049 1300/974/1050 1288/975/1051
f 1294/976/1052 1288/975/1051 1300/974/1050
f 1298/965/1040 1295/973/1048 1297/963/1038
f 1293/960/59 1300/977/59 1299/978/59
f 1311/978/1037 1287/962/1036 1286/961/1037
f 1305/960/1053 1284/964/1039 1287/962/1036
f 1284/964/1039 1310/965/1054 1285/966/1041
f 1310/965/1054 1301/967/1055 1285/966/1041
f 1301/967/1055 1282/968/1043 1285/966/1041
f 1310/965/1054 1302/969/1056 1301/967/1055
f 1303/972/1057 1308/971/1058 1304/970/1045
f 1303/972/1057 1302/969/1056 1308/971/1058
f 1302/969/1056 1310/965/1054 1308/971/1058
f 1307/973/1059 1308/971/1058 1310/965/1054
f 1311/978/1049 1288/975/1051 1312/974/1050
f 1288/975/1051 1306/976/1052 1312/974/1060
f 1309/963/1038 1307/973/1059 1310/965/1054
f 1311/978/176 1312/977/176 1305/960/176
f 1293/960/1036 1299/978/1037 1286/961/1037
f 1297/963/1038 1293/960/1036 1287/962/1036
f 1298/965/1040 1297/963/1038 1284/964/1039
f 1286/961/1049 1299/978/1049 1300/974/1050
f 1294/976/1052 1283/979/1052 1288/975/1051
f 1311/978/1037 1305/960/1053 1287/962/1036
f 1305/960/1053 1309/963/1038 1284/964/1039
f 1284/964/1039 1309/963/1038 1310/965/1054
f 1311/978/1049 1286/961/1049 1288/975/1051
f 1288/975/1051 1283/979/1052 1306/976/1052
f 1320/980/1061 1314/981/502 1324/982/1062
f 1326/983/1063 1313/984/502 1320/980/1061
f 1331/985/1064 1330/986/1065 1317/987/1066
f 1316/988/1067 1331/985/1064 1317/987/1066
f 1332/989/1068 1329/990/1069 1330/986/1065
f 1331/985/1064 1332/989/1068 1330/986/1065
f 1329/990/1069 1332/989/1068 1342/991/1070
f 1323/992/1071 1321/993/1072 1322/994/1073
f 1323/992/1071 1325/995/1074 1321/993/1072
f 1321/993/1072 1325/995/1074 1337/996/1075
f 1336/997/1076 1333/998/1077 1334/999/1078
f 1334/999/1078 1335/1000/1079 1321/993/1072
f 1327/1001/1080 1333/998/1077 1336/997/1076
f 1341/1002/1081 1327/1001/1080 1336/997/1076
f 1337/996/1075 1319/1003/1082 1336/997/1076
f 1338/1004/1083 1324/982/1062 1339/1005/1084
f 1326/1006/1063 1320/1007/1061 1340/1008/59
f 1341/1009/1081 1328/1010/1085 1342/991/1070
f 1341/1009/1081 1342/991/1070 1332/989/1068
f 1327/1011/1080 1341/1009/1081 1332/989/1068
f 1320/1007/1061 1338/1012/1083 1321/993/1072
f 1335/1000/1079 1340/1008/59 1320/1007/1061
f 1335/1000/1079 1320/1007/1061 1321/993/1072
f 1336/997/1076 1334/999/1078 1321/993/1072
f 1337/996/1075 1336/997/1076 1321/993/1072
f 1313/984/502 1349/982/1086 1314/981/502
f 1315/1013/502 1345/980/1087 1313/984/502
f 1317/987/1066 1355/986/1088 1356/985/1089
f 1317/987/1066 1356/985/1089 1316/988/1067
f 1355/986/1088 1354/990/1090 1357/989/1091
f 1355/986/1088 1357/989/1091 1356/985/1089
f 1367/991/1092 1357/989/1091 1354/990/1090
f 1347/994/1073 1346/993/1093 1348/992/1094
f 1346/993/1093 1350/995/1095 1348/992/1094
f 1362/996/1096 1350/995/1095 1346/993/1093
f 1359/999/1097 1358/998/1098 1361/997/1099
f 1346/993/1093 1360/1000/1100 1359/999/1097
f 1361/997/1099 1358/998/1098 1352/1001/1101
f 1361/997/1099 1352/1001/1101 1366/1002/1102
f 1344/1003/1103 1362/996/1096 1361/997/1099
f 1349/982/1086 1363/1004/1104 1364/1005/1105
f 1365/1008/176 1345/1007/1087 1351/1006/1106
f 1367/991/1092 1353/1010/1107 1366/1009/1102
f 1357/989/1091 1367/991/1092 1366/1009/1102
f 1357/989/1091 1366/1009/1102 1352/1011/1101
f 1346/993/1093 1363/1012/1104 1345/1007/1087
f 1345/1007/1087 1365/1008/176 1360/1000/1100
f 1346/993/1093 1345/1007/1087 1360/1000/1100
f 1346/993/1093 1359/999/1097 1361/997/1099
f 1346/993/1093 1361/997/1099 1362/996/1096
f 1320/980/1061 1313/984/502 1314/981/502
f 1326/983/1063 1315/1013/502 1313/984/502
f 1337/996/1075 1318/1014/1108 1319/1003/1082
f 1338/1004/1083 1320/980/1061 1324/982/1062
f 1313/984/502 1345/980/1087 1349/982/1086
f 1315/1013/502 1351/983/1106 1345/980/1087
f 1344/1003/1103 1343/1014/1108 1362/996/1096
f 1349/982/1086 1345/980/1087 1363/1004/1104
f 1371/1015/1109 1373/1016/1110 1372/1017/1111
f 1377/1018/1112 1376/1019/1113 1372/1017/1111
f 1373/1016/1110 1377/1018/1112 1372/1017/1111
f 1377/1018/1112 1369/1020/1114 1376/1019/1113
f 1375/1021/59 1378/1022/59 1379/1023/59
f 1380/1024/502 1382/1025/502 1381/1026/502
f 1384/1027/1115 1388/1028/1116 1387/1029/1117
f 1386/1030/81 1384/1027/1115 1385/1031/81
f 1394/1016/1118 1392/1015/1119 1393/1017/1120
f 1393/1017/1120 1397/1019/1121 1398/1018/1122
f 1393/1017/1120 1398/1018/1122 1394/1016/1118
f 1390/1020/1114 1398/1018/1122 1397/1019/1121
f 1399/1022/176 1396/1021/176 1400/1023/176
f 1404/1032/502 1402/1026/502 1403/1025/502
f 1408/1029/1117 1409/1028/1116 1405/1027/1115
f 1405/1027/1115 1407/1030/81 1406/1031/81
f 1371/1015/1109 1374/1033/1123 1373/1016/1110
f 1377/1018/1112 1368/1034/1114 1369/1020/1114
f 1375/1021/59 1370/1035/59 1378/1022/59
f 1380/1024/502 1383/1032/502 1382/1025/502
f 1386/1030/81 1388/1028/1116 1384/1027/1115
f 1394/1016/1118 1395/1033/1124 1392/1015/1119
f 1390/1020/1114 1389/1034/1114 1398/1018/1122
f 1399/1022/176 1391/1035/176 1396/1021/176
f 1404/1032/502 1401/1024/502 1402/1026/502
f 1405/1027/1115 1409/1028/1116 1407/1030/81
f 1413/1036/1125 1410/1037/1125 1411/1038/1125
f 1413/1039/176 1414/1040/176 1412/1040/176
f 1417/1041/1126 1414/1040/1126 1415/1039/1126
f 1411/1041/59 1416/1042/59 1417/1041/59
f 1412/1040/1127 1416/1042/1128 1410/1042/1128
f 1415/1039/1129 1411/1041/1129 1417/1041/1129
f 1421/1036/1130 1418/1037/1130 1419/1038/1130
f 1421/1039/59 1422/1040/59 1420/1040/59
f 1425/1041/1131 1422/1040/1131 1423/1039/1131
f 1419/1041/176 1424/1042/176 1425/1041/176
f 1420/1040/1132 1424/1042/1132 1418/1042/1132
f 1423/1039/1133 1419/1041/1134 1425/1041/1134
f 1413/1036/1125 1412/1043/1125 1410/1037/1125
f 1413/1039/176 1415/1039/176 1414/1040/176
f 1417/1041/1126 1416/1042/1126 1414/1040/1126
f 1411/1041/59 1410/1042/59 1416/1042/59
f 1412/1040/1127 1414/1040/1127 1416/1042/1128
f 1415/1039/1129 1413/1039/1129 1411/1041/1129
f 1421/1036/1130 1420/1043/1130 1418/1037/1130
f 1421/1039/59 1423/1039/59 1422/1040/59
f 1425/1041/1131 1424/1042/1131 1422/1040/1131
f 1419/1041/176 1418/1042/176 1424/1042/176
f 1420/1040/1132 1422/1040/1132 1424/1042/1132
f 1423/1039/1133 1421/1039/1133 1419/1041/1134
f 1428/1044/1135 1427/1045/1135 1426/1046/1135
f 1428/1044/1135 1429/1047/1135 1427/1045/1135
f 1433/1048/1136 1434/1049/1137 1432/1050/1138
f 1431/1048/1139 1436/1049/1140 1437/1051/1139
f 1432/1050/1138 1436/1052/1140 1430/1053/1141
f 1433/1048/1136 1435/1051/1136 1434/1049/1137
f 1431/1048/1139 1430/1050/1141 1436/1049/1140
f 1432/1050/1138 1434/1049/1137 1436/1052/1140
f 1441/1054/81 1438/1055/1142 1439/1056/81
f 1443/1057/59 1440/1058/59 1441/1054/59
f 1445/1057/399 1442/1059/399 1443/1060/399
f 1445/1057/1143 1438/1058/1143 1444/1061/1143
f 1438/1062/1142 1442/1063/1144 1444/1064/1144
f 1449/1065/1145 1447/1066/1145 1450/1067/1145
f 1450/1067/1145 1452/1068/1145 1449/1065/1145
f 1452/1068/1145 1453/1069/1145 1454/1070/1145
f 1452/1068/1145 1455/1071/1145 1451/1072/1146
f 1454/1070/1145 1448/1073/1147 1455/1071/1145
f 1441/1054/81 1440/1058/1148 1438/1055/1142
f 1443/1057/59 1442/1061/59 1440/1058/59
f 1445/1057/399 1444/1061/399 1442/1059/399
f 1445/1057/1143 1439/1054/1143 1438/1058/1143
f 1438/1062/1142 1440/1074/1148 1442/1063/1144
f 1449/1065/1145 1446/1075/1145 1447/1066/1145
f 1450/1067/1145 1453/1069/1145 1452/1068/1145
f 1452/1068/1145 1454/1070/1145 1455/1071/1145
f 1459/1076/1149 1456/1077/1150 1457/1078/1151
f 1459/1079/1149 1460/1080/1152 1458/1081/1153
f 1463/1082/1154 1460/1080/1152 1461/1083/1155
f 1457/1079/1151 1462/1080/1156 1463/1084/1154
f 1458/1081/1153 1462/1085/1156 1456/1077/1150
f 1461/1080/1155 1457/1077/1151 1463/1085/1154
f 1467/1076/1149 1464/1077/1150 1465/1078/1151
f 1467/1079/1149 1468/1080/1152 1466/1081/1153
f 1471/1082/1154 1468/1080/1152 1469/1083/1155
f 1465/1079/1151 1470/1080/1156 1471/1084/1154
f 1466/1081/1153 1470/1085/1156 1464/1077/1150
f 1469/1080/1155 1465/1077/1151 1471/1085/1154
f 1459/1076/1149 1458/1081/1153 1456/1077/1150
f 1459/1079/1149 1461/1084/1155 1460/1080/1152
f 1463/1082/1154 1462/1085/1156 1460/1080/1152
f 1457/1079/1151 1456/1081/1150 1462/1080/1156
f 1458/1081/1153 1460/1080/1152 1462/1085/1156
f 1461/1080/1155 1459/1081/1149 1457/1077/1151
f 1467/1076/1149 1466/1081/1153 1464/1077/1150
f 1467/1079/1149 1469/1084/1155 1468/1080/1152
f 1471/1082/1154 1470/1085/1156 1468/1080/1152
f 1465/1079/1151 1464/1081/1150 1470/1080/1156
f 1466/1081/1153 1468/1080/1152 1470/1085/1156
f 1469/1080/1155 1467/1081/1149 1465/1077/1151
f 1473/1066/1157 1475/1065/1157 1476/1067/1157
f 1476/1067/1157 1478/1068/1157 1479/1069/1157
f 1479/1069/1157 1478/1068/1157 1480/1070/1157
f 1478/1068/1157 1481/1071/1157 1480/1070/1157
f 1474/1073/1158 1480/1070/1157 1481/1071/1157
f 1473/1066/1157 1472/1075/1157 1475/1065/1157
f 1476/1067/1157 1475/1065/1157 1478/1068/1157
f 1478/1068/1157 1477/1072/1159 1481/1071/1157
f 1483/1086/1160 1482/1087/1161 1484/1088/1162
f 1484/1088/1162 1485/1089/1163 1483/1086/1160
f 1482/1087/1161 1491/1090/1164 1485/1089/1163
f 1484/1088/1162 1482/1087/1161 1485/1089/1163
f 1490/1091/1165 1485/1089/1163 1491/1092/1164
f 1492/1093/1166 1490/1091/1165 1491/1092/1164
f 1493/1094/1167 1489/1095/1168 1492/1093/1166
f 1490/1091/1165 1492/1093/1166 1489/1095/1168
f 1494/1096/1169 1497/1097/1170 1495/1098/1171
f 1489/1095/1168 1494/1096/1169 1488/1099/1172
f 1495/1098/1171 1487/1100/1173 1488/1099/1172
f 1494/1096/1169 1495/1098/1171 1488/1099/1172
f 1487/1100/1173 1495/1098/1171 1496/1101/1174
f 1486/1102/1174 1487/1100/1173 1496/1101/1174
f 1503/1103/1175 1502/1104/1176 1514/1105/1177
f 1514/1105/1177 1501/1106/1178 1513/1107/1178
f 1503/1103/1175 1494/1096/1169 1493/1094/1167
f 1504/1108/1179 1503/1103/1175 1493/1094/1167
f 1514/1105/1177 1497/1097/1170 1494/1096/1169
f 1503/1103/1175 1514/1105/1177 1494/1096/1169
f 1511/1109/1180 1518/1110/1181 1510/1111/1182
f 1511/1109/1180 1519/1112/1183 1518/1110/1181
f 1510/1111/1182 1517/1113/1184 1509/1114/1185
f 1510/1111/1182 1518/1110/1181 1517/1113/1184
f 1509/1114/1185 1516/1115/1186 1508/1116/1187
f 1509/1114/1185 1517/1113/1184 1516/1115/1186
f 1508/1116/1187 1515/1117/1188 1507/1118/1188
f 1508/1116/1187 1516/1115/1186 1515/1117/1188
f 1491/1090/1164 1482/1087/1161 1498/1119/1189
f 1506/1120/1190 1491/1090/1164 1498/1119/1189
f 1520/1121/1191 1512/1122/1192 1499/1123/1193
f 1500/1124/1194 1520/1121/1191 1499/1123/1193
f 1506/1125/1190 1505/1126/1195 1492/1093/1166
f 1491/1092/1164 1506/1125/1190 1492/1093/1166
f 1493/1094/1167 1492/1093/1166 1505/1126/1195
f 1504/1108/1179 1493/1094/1167 1505/1126/1195
f 1519/1112/1183 1511/1109/1180 1512/1127/1192
f 1520/1128/1191 1519/1112/1183 1512/1127/1192
f 1528/1100/1196 1527/1102/1197 1522/1129/1197
f 1524/1130/1198 1529/1099/1199 1528/1100/1196
f 1522/1129/1197 1524/1130/1198 1528/1100/1196
f 1529/1099/1199 1524/1130/1198 1523/1131/1200
f 1530/1095/1201 1529/1099/1199 1523/1131/1200
f 1525/1132/1202 1531/1091/1203 1530/1095/1201
f 1523/1131/1200 1525/1132/1202 1530/1095/1201
f 1526/1089/1204 1521/1133/1205 1483/1086/1206
f 1521/1134/1205 1526/1089/1204 1531/1091/1203
f 1525/1132/1202 1521/1134/1205 1531/1091/1203
f 1541/1116/1207 1534/1106/1208 1535/1104/1209
f 1543/1111/1210 1542/1114/1211 1536/1103/1212
f 1537/1108/1213 1543/1111/1210 1536/1103/1212
f 1535/1104/1209 1536/1103/1212 1542/1114/1211
f 1541/1116/1207 1535/1104/1209 1542/1114/1211
f 1538/1126/1214 1539/1125/1215 1545/1127/1216
f 1544/1109/1217 1538/1126/1214 1545/1127/1216
f 1544/1109/1217 1543/1111/1210 1537/1108/1213
f 1538/1126/1214 1544/1109/1217 1537/1108/1213
f 1533/1123/1218 1539/1120/1215 1532/1119/1219
f 1533/1123/1218 1545/1122/1216 1539/1120/1215
f 1548/1135/1220 1546/1136/1221 1547/1137/1222
f 1547/1137/1222 1549/1138/1223 1548/1135/1220
f 1549/1138/1223 1554/1139/1224 1546/1136/1221
f 1549/1138/1223 1546/1136/1221 1548/1135/1220
f 1554/1140/1224 1549/1138/1223 1553/1141/1225
f 1554/1140/1224 1553/1141/1225 1555/1142/1226
f 1555/1142/1226 1552/1143/1227 1556/1144/1228
f 1552/1143/1227 1555/1142/1226 1553/1141/1225
f 1558/1145/1229 1559/1146/1230 1557/1147/1231
f 1557/1147/1231 1552/1143/1227 1551/1148/1232
f 1551/1148/1232 1550/1149/1233 1558/1145/1229
f 1551/1148/1232 1558/1145/1229 1557/1147/1231
f 1496/1101/1174 1558/1145/1229 1550/1149/1233
f 1496/1101/1174 1550/1149/1233 1486/1102/1174
f 1573/1150/1234 1563/1151/1235 1564/1152/1236
f 1501/1106/1178 1573/1150/1234 1513/1107/1178
f 1556/1144/1228 1557/1147/1231 1564/1152/1236
f 1556/1144/1228 1564/1152/1236 1565/1153/1237
f 1557/1147/1231 1559/1146/1230 1573/1150/1234
f 1557/1147/1231 1573/1150/1234 1564/1152/1236
f 1570/1154/1238 1576/1155/1239 1571/1156/1240
f 1576/1155/1239 1577/1157/1241 1571/1156/1240
f 1569/1158/1242 1575/1159/1243 1570/1154/1238
f 1575/1159/1243 1576/1155/1239 1570/1154/1238
f 1568/1160/1244 1574/1161/1245 1569/1158/1242
f 1574/1161/1245 1575/1159/1243 1569/1158/1242
f 1507/1118/1188 1515/1117/1188 1568/1160/1244
f 1515/1117/1188 1574/1161/1245 1568/1160/1244
f 1560/1162/1246 1546/1136/1221 1554/1139/1224
f 1560/1162/1246 1554/1139/1224 1567/1163/1247
f 1561/1164/1248 1572/1165/1249 1578/1166/1250
f 1561/1164/1248 1578/1166/1250 1562/1167/1251
f 1555/1142/1226 1566/1168/1252 1567/1169/1247
f 1555/1142/1226 1567/1169/1247 1554/1140/1224
f 1566/1168/1252 1555/1142/1226 1556/1144/1228
f 1566/1168/1252 1556/1144/1228 1565/1153/1237
f 1572/1170/1249 1571/1156/1240 1577/1157/1241
f 1572/1170/1249 1577/1157/1241 1578/1171/1250
f 1522/1129/1197 1527/1102/1197 1584/1149/1253
f 1584/1149/1253 1585/1148/1254 1581/1172/1255
f 1584/1149/1253 1581/1172/1255 1522/1129/1197
f 1580/1173/1256 1581/1172/1255 1585/1148/1254
f 1580/1173/1256 1585/1148/1254 1586/1143/1257
f 1586/1143/1257 1587/1141/1258 1582/1174/1259
f 1586/1143/1257 1582/1174/1259 1580/1173/1256
f 1547/1137/1260 1579/1175/1261 1583/1138/1262
f 1587/1141/1258 1583/1138/1262 1579/1176/1261
f 1587/1141/1258 1579/1176/1261 1582/1174/1259
f 1534/1106/1208 1595/1160/1263 1590/1151/1264
f 1591/1152/1265 1596/1158/1266 1597/1154/1267
f 1591/1152/1265 1597/1154/1267 1592/1153/1268
f 1596/1158/1266 1591/1152/1265 1590/1151/1264
f 1596/1158/1266 1590/1151/1264 1595/1160/1263
f 1599/1170/1269 1594/1169/1270 1593/1168/1271
f 1599/1170/1269 1593/1168/1271 1598/1156/1272
f 1592/1153/1268 1597/1154/1267 1598/1156/1272
f 1592/1153/1268 1598/1156/1272 1593/1168/1271
f 1588/1162/1273 1594/1163/1270 1589/1164/1274
f 1594/1163/1270 1599/1165/1269 1589/1164/1274
f 1489/1095/1168 1493/1094/1167 1494/1096/1169
f 1514/1105/1177 1502/1104/1176 1501/1106/1178
f 1541/1116/1207 1540/1118/1208 1534/1106/1208
f 1557/1147/1231 1556/1144/1228 1552/1143/1227
f 1501/1106/1178 1563/1151/1235 1573/1150/1234
f 1534/1106/1208 1540/1118/1208 1595/1160/1263
f 1602/1177/1275 1600/1178/1276 1601/1179/1277
f 1604/1180/1278 1602/1177/1275 1603/1181/1279
f 1606/1182/1280 1604/1180/1278 1605/1183/353
f 1606/1182/1280 1607/1184/1281 1604/1180/1278
f 1607/1184/1281 1600/1178/1276 1602/1177/1275
f 1604/1180/1278 1607/1184/1281 1602/1177/1275
f 1601/1179/1277 1600/1178/1276 1608/1177/1282
f 1609/1181/1283 1608/1177/1282 1610/1180/1284
f 1611/1183/353 1610/1180/1284 1612/1182/1285
f 1610/1180/1284 1613/1184/1286 1612/1182/1285
f 1608/1177/1282 1600/1178/1276 1613/1184/1286
f 1608/1177/1282 1613/1184/1286 1610/1180/1284
f 1615/1185/1287 1616/1186/1288 1618/1187/1289
f 1619/1188/1290 1615/1185/1287 1618/1187/1289
f 1619/1188/1290 1617/1189/1291 1614/1190/1291
f 1615/1185/1287 1619/1188/1290 1614/1190/1291
f 1624/1187/1292 1622/1186/1293 1621/1185/1294
f 1624/1187/1292 1621/1185/1294 1625/1188/1295
f 1620/1190/1291 1623/1189/1291 1625/1188/1295
f 1620/1190/1291 1625/1188/1295 1621/1185/1294
f 1634/1191/427 1631/1192/428 1632/1193/425
f 1633/1194/426 1634/1191/427 1632/1193/425
f 1627/1191/59 1630/1194/59 1629/1193/59
f 1629/1193/59 1626/1192/59 1627/1191/59
f 1632/1193/353 1626/1195/353 1629/1196/353
f 1629/1196/1296 1628/1197/1297 1633/1194/1298
f 1632/1193/424 1629/1196/1296 1633/1194/1298
f 1641/1193/419 1640/1192/420 1643/1191/417
f 1641/1193/419 1643/1191/417 1642/1194/418
f 1638/1193/176 1639/1194/176 1636/1191/176
f 1636/1191/176 1635/1192/176 1638/1193/176
f 1635/1195/353 1641/1193/353 1638/1196/353
f 1642/1194/1299 1637/1197/1300 1638/1196/1301
f 1642/1194/1299 1638/1196/1301 1641/1193/424
f 1632/1193/353 1631/1198/353 1626/1195/353
f 1635/1195/353 1640/1198/353 1641/1193/353
f 1645/1199/1302 1651/1200/1303 1652/1201/1304
f 1662/1202/1305 1645/1199/1302 1663/1203/1306
f 1663/1203/1306 1659/1204/1307 1662/1202/1305
f 1656/1205/1308 1650/1206/1309 1657/1207/1310
f 1657/1207/1310 1653/1208/1311 1656/1205/1308
f 1670/1209/1312 1668/1210/1313 1669/1211/1314
f 1659/1204/1307 1650/1206/1309 1649/1212/1315
f 1662/1213/1305 1659/1214/1307 1661/1215/1316
f 1663/1203/1306 1647/1216/1317 1660/1217/1318
f 1668/1210/1313 1653/1208/1311 1654/1218/1319
f 1655/1219/1320 1670/1220/1312 1666/1221/1321
f 1665/1222/1322 1661/1215/1316 1659/1214/1307
f 1660/1217/1318 1647/1216/1317 1658/1223/1323
f 1670/1220/1312 1664/1224/1324 1653/1225/1311
f 1670/1220/1312 1653/1225/1311 1667/1226/1325
f 1669/1211/1314 1660/1217/1318 1658/1223/1323
f 1668/1210/1313 1654/1218/1319 1660/1217/1318
f 1668/1210/1313 1660/1217/1318 1669/1211/1314
f 1657/1207/1310 1650/1206/1309 1660/1217/1318
f 1657/1207/1310 1660/1217/1318 1654/1218/1319
f 1664/1224/1324 1665/1222/1322 1659/1214/1307
f 1652/1201/1304 1680/1227/1326 1681/1228/1327
f 1677/1229/1328 1681/1228/1327 1680/1227/1326
f 1672/1230/1329 1675/1231/1330 1676/1232/1331
f 1673/1233/1332 1676/1232/1331 1675/1231/1330
f 1684/1234/1333 1666/1235/1321 1685/1236/1334
f 1672/1230/1329 1677/1229/1328 1671/1237/1335
f 1646/1238/1316 1677/1239/1328 1680/1240/1326
f 1678/1241/1336 1679/1242/1337 1681/1228/1327
f 1673/1233/1332 1684/1234/1333 1674/1243/1338
f 1677/1239/1328 1646/1238/1316 1648/1244/1322
f 1682/1245/1323 1679/1242/1337 1678/1241/1336
f 1673/1246/1332 1655/1219/1320 1666/1221/1321
f 1683/1247/1339 1673/1246/1332 1666/1221/1321
f 1680/1240/1326 1651/1248/1303 1646/1238/1316
f 1682/1245/1323 1678/1241/1336 1685/1236/1334
f 1678/1241/1336 1674/1243/1338 1684/1234/1333
f 1685/1236/1334 1678/1241/1336 1684/1234/1333
f 1678/1241/1336 1672/1230/1329 1676/1232/1331
f 1674/1243/1338 1678/1241/1336 1676/1232/1331
f 1677/1239/1328 1648/1244/1322 1655/1219/1320
f 1685/1236/1334 1658/1223/1323 1682/1245/1323
f 1681/1228/1327 1679/1242/1337 1652/1201/1304
f 1664/1224/1324 1648/1244/1322 1665/1222/1322
f 1673/1246/1332 1677/1239/1328 1655/1219/1320
f 1653/1225/1311 1664/1224/1324 1659/1214/1307
f 1656/1249/1308 1653/1225/1311 1659/1214/1307
f 1656/1249/1308 1659/1214/1307 1649/1250/1315
f 1677/1239/1328 1673/1246/1332 1675/1251/1330
f 1677/1239/1328 1675/1251/1330 1671/1252/1335
f 1645/1199/1302 1647/1216/1317 1663/1203/1306
f 1644/1253/1340 1662/1213/1305 1661/1215/1316
f 1651/1248/1303 1661/1215/1316 1646/1238/1316
f 1647/1216/1317 1652/1201/1304 1679/1242/1337
f 1687/1254/1341 1690/1255/1342 1691/1256/1343
f 1693/1256/1344 1690/1257/1342 1692/1255/1345
f 1693/1256/1344 1688/1258/1346 1689/1254/1347
f 1686/1257/1341 1689/1256/1347 1688/1255/1346
f 1694/1259/1303 1702/1201/1302 1701/1200/1340
f 1695/1199/1304 1712/1202/1326 1713/1203/1327
f 1709/1204/1328 1713/1203/1327 1712/1202/1326
f 1700/1206/1329 1706/1205/1330 1707/1207/1331
f 1703/1208/1332 1707/1207/1331 1706/1205/1330
f 1718/1210/1333 1720/1209/1321 1719/1211/1334
f 1700/1206/1329 1709/1204/1328 1699/1212/1335
f 1711/1215/1316 1709/1214/1328 1712/1213/1326
f 1710/1217/1336 1697/1216/1337 1713/1203/1327
f 1703/1208/1332 1718/1210/1333 1704/1218/1348
f 1714/1224/1320 1716/1221/1312 1720/1220/1321
f 1709/1214/1328 1711/1215/1316 1715/1222/1322
f 1708/1223/1323 1697/1216/1337 1710/1217/1336
f 1703/1225/1332 1714/1224/1320 1720/1220/1321
f 1717/1226/1339 1703/1225/1332 1720/1220/1321
f 1708/1223/1323 1710/1217/1336 1719/1211/1334
f 1710/1217/1336 1704/1218/1348 1718/1210/1333
f 1719/1211/1334 1710/1217/1336 1718/1210/1333
f 1710/1217/1336 1700/1206/1329 1707/1207/1331
f 1704/1218/1348 1710/1217/1336 1707/1207/1331
f 1709/1214/1328 1715/1222/1322 1714/1224/1320
f 1730/1227/1305 1702/1201/1302 1731/1228/1306
f 1731/1228/1306 1727/1229/1307 1730/1227/1305
f 1725/1231/1308 1722/1230/1309 1726/1232/1310
f 1726/1232/1310 1723/1233/1311 1725/1231/1308
f 1716/1235/1312 1734/1234/1313 1735/1236/1314
f 1727/1229/1307 1722/1230/1309 1721/1237/1315
f 1730/1240/1305 1727/1239/1307 1696/1238/1316
f 1731/1228/1306 1729/1242/1317 1728/1241/1318
f 1734/1234/1313 1723/1233/1311 1724/1243/1349
f 1698/1244/1322 1696/1238/1316 1727/1239/1307
f 1728/1241/1318 1729/1242/1317 1732/1245/1323
f 1716/1221/1312 1705/1219/1324 1723/1246/1311
f 1716/1221/1312 1723/1246/1311 1733/1247/1325
f 1696/1238/1316 1701/1248/1340 1730/1240/1305
f 1735/1236/1314 1728/1241/1318 1732/1245/1323
f 1734/1234/1313 1724/1243/1349 1728/1241/1318
f 1734/1234/1313 1728/1241/1318 1735/1236/1314
f 1726/1232/1310 1722/1230/1309 1728/1241/1318
f 1726/1232/1310 1728/1241/1318 1724/1243/1349
f 1705/1219/1324 1698/1244/1322 1727/1239/1307
f 1719/1211/1334 1732/1245/1323 1708/1223/1323
f 1702/1201/1302 1729/1242/1317 1731/1228/1306
f 1705/1219/1324 1715/1222/1322 1698/1244/1322
f 1705/1219/1324 1727/1239/1307 1723/1246/1311
f 1709/1214/1328 1714/1224/1320 1703/1225/1332
f 1709/1214/1328 1703/1225/1332 1706/1249/1330
f 1699/1250/1335 1709/1214/1328 1706/1249/1330
f 1725/1251/1308 1723/1246/1311 1727/1239/1307
f 1721/1252/1315 1725/1251/1308 1727/1239/1307
f 1713/1203/1327 1697/1216/1337 1695/1199/1304
f 1711/1215/1316 1712/1213/1326 1694/1253/1303
f 1711/1215/1316 1701/1248/1340 1696/1238/1316
f 1702/1201/1302 1697/1216/1337 1729/1242/1317
f 1736/1258/1342 1741/1256/1341 1740/1255/1341
f 1740/1257/1341 1743/1256/1347 1742/1255/1346
f 1742/1255/1346 1739/1254/1344 1738/1258/1345
f 1739/1256/1344 1736/1257/1342 1738/1255/1345
f 1645/1199/1302 1644/1259/1340 1651/1200/1303
f 1662/1202/1305 1644/1259/1340 1645/1199/1302
f 1663/1203/1306 1660/1217/1318 1659/1204/1307
f 1656/1205/1308 1649/1212/1315 1650/1206/1309
f 1657/1207/1310 1654/1218/1319 1653/1208/1311
f 1670/1209/1312 1667/1260/1325 1668/1210/1313
f 1659/1204/1307 1660/1217/1318 1650/1206/1309
f 1668/1210/1313 1667/1260/1325 1653/1208/1311
f 1655/1219/1320 1664/1224/1324 1670/1220/1312
f 1652/1201/1304 1651/1200/1303 1680/1227/1326
f 1677/1229/1328 1678/1241/1336 1681/1228/1327
f 1672/1230/1329 1671/1237/1335 1675/1231/1330
f 1673/1233/1332 1674/1243/1338 1676/1232/1331
f 1684/1234/1333 1683/1261/1339 1666/1235/1321
f 1672/1230/1329 1678/1241/1336 1677/1229/1328
f 1673/1233/1332 1683/1261/1339 1684/1234/1333
f 1685/1236/1334 1669/1211/1314 1658/1223/1323
f 1664/1224/1324 1655/1219/1320 1648/1244/1322
f 1651/1248/1303 1644/1253/1340 1661/1215/1316
f 1647/1216/1317 1645/1199/1302 1652/1201/1304
f 1687/1254/1341 1686/1258/1341 1690/1255/1342
f 1693/1256/1344 1691/1262/1343 1690/1257/1342
f 1693/1256/1344 1692/1255/1345 1688/1258/1346
f 1686/1257/1341 1687/1262/1341 1689/1256/1347
f 1694/1259/1303 1695/1199/1304 1702/1201/1302
f 1695/1199/1304 1694/1259/1303 1712/1202/1326
f 1709/1204/1328 1710/1217/1336 1713/1203/1327
f 1700/1206/1329 1699/1212/1335 1706/1205/1330
f 1703/1208/1332 1704/1218/1348 1707/1207/1331
f 1718/1210/1333 1717/1260/1339 1720/1209/1321
f 1700/1206/1329 1710/1217/1336 1709/1204/1328
f 1703/1208/1332 1717/1260/1339 1718/1210/1333
f 1714/1224/1320 1705/1219/1324 1716/1221/1312
f 1730/1227/1305 1701/1200/1340 1702/1201/1302
f 1731/1228/1306 1728/1241/1318 1727/1229/1307
f 1725/1231/1308 1721/1237/1315 1722/1230/1309
f 1726/1232/1310 1724/1243/1349 1723/1233/1311
f 1716/1235/1312 1733/1261/1325 1734/1234/1313
f 1727/1229/1307 1728/1241/1318 1722/1230/1309
f 1734/1234/1313 1733/1261/1325 1723/1233/1311
f 1719/1211/1334 1735/1236/1314 1732/1245/1323
f 1705/1219/1324 1714/1224/1320 1715/1222/1322
f 1711/1215/1316 1694/1253/1303 1701/1248/1340
f 1702/1201/1302 1695/1199/1304 1697/1216/1337
f 1736/1258/1342 1737/1254/1343 1741/1256/1341
f 1740/1257/1341 1741/1262/1341 1743/1256/1347
f 1742/1255/1346 1743/1256/1347 1739/1254/1344
f 1739/1256/1344 1737/1262/1343 1736/1257/1342
f 1755/1263/1350 1744/1264/1351 1749/1265/1352
f 1750/1264/1353 1747/1263/1354 1754/1265/1355
f 1754/1264/1355 1753/1266/1356 1752/1267/1357
f 1753/1266/1356 1745/1268/1358 1752/1267/1357
f 1749/1269/1352 1750/1270/1353 1754/1271/1355
f 1747/1272/1354 1751/1273/1359 1755/1274/1350
f 1747/1272/1354 1755/1274/1350 1753/1275/1356
f 1755/1274/1350 1746/1276/1360 1753/1275/1356
f 1745/1277/1358 1749/1269/1352 1754/1271/1355
f 1745/1277/1358 1754/1271/1355 1752/1278/1357
f 1759/1266/1361 1750/1264/1353 1758/1267/1362
f 1756/1268/1363 1759/1266/1361 1758/1267/1362
f 1759/1279/1361 1751/1273/1359 1748/1280/1364
f 1759/1279/1361 1757/1281/1365 1751/1273/1359
f 1750/1270/1353 1744/1282/1351 1756/1283/1363
f 1758/1284/1362 1750/1270/1353 1756/1283/1363
f 1744/1285/1351 1751/1286/1359 1757/1287/1365
f 1756/1268/1363 1744/1285/1351 1757/1287/1365
f 1749/1285/1352 1745/1268/1358 1746/1287/1360
f 1755/1286/1350 1749/1285/1352 1746/1287/1360
f 1767/1288/1350 1765/1265/1351 1760/1264/1352
f 1764/1288/1354 1770/1265/1353 1763/1263/1364
f 1769/1266/1361 1770/1264/1353 1768/1267/1362
f 1761/1268/1363 1769/1266/1361 1768/1267/1362
f 1760/1282/1352 1770/1271/1353 1766/1270/1355
f 1764/1280/1354 1771/1274/1359 1767/1273/1350
f 1769/1275/1361 1771/1274/1359 1763/1272/1364
f 1769/1275/1361 1762/1276/1365 1771/1274/1359
f 1770/1271/1353 1765/1269/1351 1761/1277/1363
f 1768/1278/1362 1770/1271/1353 1761/1277/1363
f 1766/1264/1355 1775/1266/1356 1774/1267/1357
f 1775/1266/1356 1772/1268/1358 1774/1267/1357
f 1764/1280/1354 1767/1273/1350 1775/1279/1356
f 1767/1273/1350 1773/1281/1360 1775/1279/1356
f 1772/1283/1358 1760/1282/1352 1766/1270/1355
f 1772/1283/1358 1766/1270/1355 1774/1284/1357
f 1773/1287/1360 1767/1286/1350 1760/1285/1352
f 1773/1287/1360 1760/1285/1352 1772/1268/1358
f 1762/1287/1365 1761/1268/1363 1765/1285/1351
f 1762/1287/1365 1765/1285/1351 1771/1286/1359
f 1755/1263/1350 1751/1288/1359 1744/1264/1351
f 1750/1264/1353 1748/1288/1364 1747/1263/1354
f 1754/1264/1355 1747/1288/1354 1753/1266/1356
f 1753/1266/1356 1746/1287/1360 1745/1268/1358
f 1749/1269/1352 1744/1282/1351 1750/1270/1353
f 1747/1272/1354 1748/1280/1364 1751/1273/1359
f 1759/1266/1361 1748/1288/1364 1750/1264/1353
f 1756/1268/1363 1757/1287/1365 1759/1266/1361
f 1767/1288/1350 1771/1263/1359 1765/1265/1351
f 1764/1288/1354 1766/1264/1355 1770/1265/1353
f 1769/1266/1361 1763/1288/1364 1770/1264/1353
f 1761/1268/1363 1762/1287/1365 1769/1266/1361
f 1760/1282/1352 1765/1269/1351 1770/1271/1353
f 1764/1280/1354 1763/1272/1364 1771/1274/1359
f 1766/1264/1355 1764/1288/1354 1775/1266/1356
f 1775/1266/1356 1773/1287/1360 1772/1268/1358
f 1787/1289/1366 1785/1290/1367 1786/1291/1367
f 1787/1289/1366 1790/1292/1367 1791/1293/1366
f 1783/1294/1368 1790/1292/1367 1786/1291/1367
f 1785/1290/1367 1783/1294/1368 1786/1291/1367
f 1784/1295/1367 1789/1296/1369 1780/1297/1370
f 1782/1298/1371 1789/1296/1369 1790/1292/1367
f 1779/1299/1372 1783/1300/1368 1777/1301/1373
f 1783/1300/1368 1781/1302/1374 1777/1301/1373
f 1788/1303/1375 1782/1304/1371 1778/1305/1376
f 1788/1303/1375 1789/1296/1369 1782/1304/1371
f 1779/1299/1372 1782/1304/1371 1783/1300/1368
f 1789/1296/1369 1776/1306/502 1780/1297/1370
f 1790/1292/1367 1784/1295/1367 1791/1293/1366
f 1804/1307/1377 1800/1308/1378 1796/1309/1379
f 1803/1310/1380 1804/1307/1377 1796/1309/1379
f 1799/1311/1381 1810/1312/1382 1797/1313/1383
f 1801/1314/1384 1799/1311/1381 1797/1313/1383
f 1800/1308/1378 1797/1313/1383 1796/1309/1379
f 1803/1310/1380 1795/1315/1385 1802/1316/1386
f 1804/1307/1377 1802/1316/1386 1798/1317/1387
f 1793/1318/1388 1805/1319/1389 1807/1320/1389
f 1794/1321/1388 1807/1320/1389 1808/1322/1390
f 1795/1315/1385 1811/1323/1391 1809/1324/1391
f 1805/1319/1389 1811/1323/1391 1807/1320/1389
f 1796/1309/1379 1812/1325/1392 1811/1323/1391
f 1807/1320/1389 1812/1325/1392 1808/1322/1390
f 1806/1326/1393 1812/1325/1392 1810/1312/1382
f 1812/1325/1392 1797/1313/1383 1810/1312/1382
f 1794/1321/1388 1808/1322/1390 1806/1326/1393
f 1820/1291/1367 1819/1290/1367 1821/1289/1366
f 1824/1292/1367 1821/1289/1366 1791/1293/1366
f 1817/1298/1394 1820/1291/1367 1824/1292/1367
f 1818/1294/1395 1819/1290/1367 1820/1291/1367
f 1823/1296/1396 1784/1295/1367 1780/1297/1370
f 1824/1292/1367 1823/1296/1396 1817/1298/1394
f 1813/1301/1397 1818/1300/1395 1815/1299/1398
f 1813/1301/1397 1816/1302/1399 1818/1300/1395
f 1814/1305/1400 1817/1304/1394 1822/1303/1401
f 1817/1304/1394 1823/1296/1396 1822/1303/1401
f 1817/1304/1394 1815/1299/1398 1818/1300/1395
f 1822/1303/1401 1780/1297/1370 1776/1306/502
f 1791/1293/1366 1784/1295/1367 1824/1292/1367
f 1827/1309/1402 1830/1308/1403 1833/1307/1404
f 1827/1309/1402 1833/1307/1404 1832/1310/1405
f 1828/1313/1406 1837/1312/1407 1829/1311/1408
f 1828/1313/1406 1829/1311/1408 1831/1314/1409
f 1828/1313/1406 1830/1308/1403 1827/1309/1402
f 1795/1315/1385 1832/1310/1405 1802/1316/1386
f 1832/1310/1405 1798/1317/1387 1802/1316/1386
f 1792/1327/1388 1835/1320/1389 1805/1319/1389
f 1825/1318/1388 1836/1322/1410 1835/1320/1389
f 1827/1309/1402 1809/1324/1391 1838/1323/1391
f 1809/1324/1391 1835/1320/1389 1838/1323/1391
f 1839/1325/1411 1827/1309/1402 1838/1323/1391
f 1838/1323/1391 1836/1322/1410 1839/1325/1411
f 1839/1325/1411 1834/1326/1412 1837/1312/1407
f 1837/1312/1407 1828/1313/1406 1839/1325/1411
f 1834/1326/1412 1836/1322/1410 1826/1321/1388
f 1787/1289/1366 1786/1291/1367 1790/1292/1367
f 1783/1294/1368 1782/1298/1371 1790/1292/1367
f 1785/1290/1367 1781/1328/1374 1783/1294/1368
f 1784/1295/1367 1790/1292/1367 1789/1296/1369
f 1779/1299/1372 1778/1305/1376 1782/1304/1371
f 1789/1296/1369 1788/1303/1375 1776/1306/502
f 1800/1308/1378 1801/1314/1384 1797/1313/1383
f 1803/1310/1380 1796/1309/1379 1795/1315/1385
f 1804/1307/1377 1803/1310/1380 1802/1316/1386
f 1793/1318/1388 1792/1327/1388 1805/1319/1389
f 1794/1321/1388 1793/1318/1388 1807/1320/1389
f 1795/1315/1385 1796/1309/1379 1811/1323/1391
f 1805/1319/1389 1809/1324/1391 1811/1323/1391
f 1796/1309/1379 1797/1313/1383 1812/1325/1392
f 1807/1320/1389 1811/1323/1391 1812/1325/1392
f 1806/1326/1393 1808/1322/1390 1812/1325/1392
f 1824/1292/1367 1820/1291/1367 1821/1289/1366
f 1817/1298/1394 1818/1294/1395 1820/1291/1367
f 1818/1294/1395 1816/1328/1399 1819/1290/1367
f 1823/1296/1396 1824/1292/1367 1784/1295/1367
f 1817/1304/1394 1814/1305/1400 1815/1299/1398
f 1822/1303/1401 1823/1296/1396 1780/1297/1370
f 1828/1313/1406 1831/1314/1409 1830/1308/1403
f 1795/1315/1385 1827/1309/1402 1832/1310/1405
f 1832/1310/1405 1833/1307/1404 1798/1317/1387
f 1792/1327/1388 1825/1318/1388 1835/1320/1389
f 1825/1318/1388 1826/1321/1388 1836/1322/1410
f 1827/1309/1402 1795/1315/1385 1809/1324/1391
f 1809/1324/1391 1805/1319/1389 1835/1320/1389
f 1839/1325/1411 1828/1313/1406 1827/1309/1402
f 1838/1323/1391 1835/1320/1389 1836/1322/1410
f 1839/1325/1411 1836/1322/1410 1834/1326/1412
f 1841/1329/1413 1842/1330/1414 1840/1331/1415
f 1844/1329/1416 1845/1331/1417 1843/1330/1418
f 1845/1332/1417 1842/1333/1414 1843/1334/1418
f 1842/1333/1414 1855/1335/1419 1843/1334/1418
f 1845/1334/1417 1852/1336/1420 1840/1333/1415
f 1846/1337/59 1859/1338/1421 1858/1339/1422
f 1847/1340/1423 1860/1341/1424 1859/1342/1421
f 1854/1336/1425 1860/1341/1424 1855/1335/1419
f 1848/1343/1426 1861/1339/1427 1860/1338/1424
f 1849/1337/176 1862/1344/1428 1861/1339/1427
f 1850/1345/1429 1863/1342/1430 1862/1341/1428
f 1857/1335/1431 1863/1342/1430 1852/1336/1420
f 1851/1346/1432 1858/1339/1422 1863/1344/1430
f 1856/1347/1433 1861/1339/1427 1862/1344/1428
f 1857/1348/1431 1856/1347/1433 1862/1344/1428
f 1845/1331/1417 1844/1329/1416 1856/1347/1433
f 1857/1348/1431 1845/1331/1417 1856/1347/1433
f 1853/1347/1434 1841/1329/1413 1840/1331/1415
f 1852/1348/1420 1853/1347/1434 1840/1331/1415
f 1853/1347/1434 1852/1348/1420 1863/1344/1430
f 1858/1339/1422 1853/1347/1434 1863/1344/1430
f 1853/1347/1434 1854/1349/1425 1842/1330/1414
f 1841/1329/1413 1853/1347/1434 1842/1330/1414
f 1856/1347/1433 1844/1329/1416 1843/1330/1418
f 1855/1349/1419 1856/1347/1433 1843/1330/1418
f 1856/1347/1433 1855/1349/1419 1860/1338/1424
f 1861/1339/1427 1856/1347/1433 1860/1338/1424
f 1859/1338/1421 1854/1349/1425 1853/1347/1434
f 1858/1339/1422 1859/1338/1421 1853/1347/1434
f 1845/1332/1417 1840/1350/1415 1842/1333/1414
f 1842/1333/1414 1854/1336/1425 1855/1335/1419
f 1845/1334/1417 1857/1335/1431 1852/1336/1420
f 1846/1337/59 1847/1343/1423 1859/1338/1421
f 1847/1340/1423 1848/1345/1426 1860/1341/1424
f 1854/1336/1425 1859/1342/1421 1860/1341/1424
f 1848/1343/1426 1849/1337/176 1861/1339/1427
f 1849/1337/176 1850/1346/1429 1862/1344/1428
f 1850/1345/1429 1851/1340/1432 1863/1342/1430
f 1857/1335/1431 1862/1341/1428 1863/1342/1430
f 1851/1346/1432 1846/1337/59 1858/1339/1422
f 1867/1351/1435 1864/1352/1436 1865/1353/1437
f 1869/1353/1438 1866/1354/1439 1867/1351/1435
f 1871/1351/1440 1868/1352/1441 1869/1353/1438
f 1871/1351/1440 1864/1352/1436 1870/1354/1442
f 1866/1354/1439 1870/1355/1442 1864/1356/1436
f 1867/1351/1435 1866/1354/1439 1864/1352/1436
f 1869/1353/1438 1868/1352/1441 1866/1354/1439
f 1871/1351/1440 1870/1354/1442 1868/1352/1441
f 1871/1351/1440 1865/1353/1437 1864/1352/1436
f 1866/1354/1439 1868/1352/1441 1870/1355/1442
f 1881/1357/1443 1873/1358/1444 1880/1359/1444
f 1882/1360/1445 1872/1361/1443 1881/1357/1443
f 1882/1360/1445 1875/1362/1446 1874/1363/1445
f 1884/1357/1447 1875/1363/1446 1883/1360/1446
f 1885/1359/1448 1876/1361/1449 1884/1357/1447
f 1885/1357/1448 1878/1363/1450 1877/1361/1451
f 1887/1357/1452 1878/1358/1450 1886/1359/1450
f 1887/1360/1452 1873/1361/1444 1879/1363/1452
f 1877/1364/347 1879/1365/347 1873/1366/347
f 1873/1366/347 1876/1367/347 1877/1364/347
f 1874/1363/347 1876/1367/347 1872/1368/347
f 1881/1357/1443 1872/1361/1443 1873/1358/1444
f 1882/1360/1445 1874/1363/1445 1872/1361/1443
f 1882/1360/1445 1883/1369/1446 1875/1362/1446
f 1884/1357/1447 1876/1361/1449 1875/1363/1446
f 1885/1359/1448 1877/1358/1451 1876/1361/1449
f 1885/1357/1448 1886/1360/1450 1878/1363/1450
f 1887/1357/1452 1879/1361/1452 1878/1358/1450
f 1887/1360/1452 1880/1357/1444 1873/1361/1444
f 1877/1364/347 1878/1370/347 1879/1365/347
f 1873/1366/347 1872/1368/347 1876/1367/347
f 1874/1363/347 1875/1362/347 1876/1367/347
f 1893/1371/1453 1889/1372/353 1888/1373/353
f 1892/1371/1454 1889/1372/1455 1891/1374/1455
f 1893/1374/1456 1890/1373/1457 1892/1371/1458
f 1892/1371/1459 1891/1374/1453 1893/1375/1453
f 1893/1371/1453 1891/1374/1453 1889/1372/353
f 1892/1371/1458 1890/1373/1457 1889/1372/1455
f 1893/1374/1456 1888/1372/1460 1890/1373/1457
f 1901/1376/1461 1900/1377/1462 1899/1378/1463
f 1895/1379/789 1898/1380/1464 1901/1381/1461
f 1896/1381/1465 1905/1382/1466 1904/1380/1467
f 1896/1381/1465 1902/1383/1468 1903/1379/787
f 1900/1377/1462 1904/1380/1467 1905/1382/1466
f 1897/1384/1469 1904/1381/1467 1898/1376/1464
f 1899/1378/1463 1896/1381/1465 1901/1376/1461
f 1901/1376/1461 1903/1385/787 1895/1384/789
f 1900/1377/1462 1894/1386/1470 1899/1378/1463
f 1901/1376/1461 1898/1387/1464 1900/1377/1462
f 1895/1379/789 1897/1383/1469 1898/1380/1464
f 1896/1381/1465 1894/1386/1470 1905/1382/1466
f 1896/1381/1465 1904/1380/1467 1902/1383/1468
f 1900/1377/1462 1898/1387/1464 1904/1380/1467
f 1897/1384/1469 1902/1385/1468 1904/1381/1467
f 1899/1378/1463 1894/1386/1470 1896/1381/1465
f 1901/1376/1461 1896/1381/1465 1903/1385/787
f 1900/1377/1462 1905/1382/1466 1894/1386/1470
f 1907/1388/1471 1908/1389/1471 1906/1390/1471
f 1907/1388/1471 1909/1391/1471 1908/1389/1471
f 1914/1392/176 1915/1393/176 1912/1394/176
f 1911/1393/59 1910/1392/59 1913/1394/59
f 1911/1395/1472 1914/1392/1472 1910/1396/1472
f 1912/1394/1473 1916/1397/1474 1914/1392/1475
f 1916/1397/1474 1913/1398/1476 1910/1396/1477
f 1914/1392/1475 1916/1397/1474 1910/1396/1477
f 1911/1395/1472 1915/1399/1472 1914/1392/1472
f 1925/1400/1478 1924/1401/1479 1923/1402/1480
f 1933/1403/1481 1925/1400/1478 1930/1404/1482
f 1928/1405/1483 1926/1406/1484 1933/1407/1481
f 1928/1408/1485 1927/1409/1486 1929/1410/1487
f 1933/1407/1481 1930/1411/1482 1934/1412/1488
f 1921/1413/1489 1928/1405/1483 1933/1407/1481
f 1929/1410/1487 1932/1414/1490 1930/1404/1482
f 1930/1404/1482 1932/1414/1490 1934/1415/1488
f 1932/1414/1490 1931/1416/1491 1934/1415/1488
f 1923/1402/1492 1924/1417/1493 1928/1408/1485
f 1923/1402/1492 1928/1408/1485 1929/1410/1487
f 1923/1402/1480 1929/1410/1487 1930/1404/1482
f 1923/1402/1480 1930/1404/1482 1925/1400/1478
f 1921/1413/1489 1934/1412/1488 1922/1418/1494
f 1922/1418/1494 1931/1419/1491 1919/1420/1495
f 1931/1416/1496 1932/1414/1490 1920/1421/1497
f 1931/1416/1496 1920/1421/1497 1919/1422/1496
f 1918/1423/1498 1917/1424/1499 1927/1409/1486
f 1918/1423/1498 1927/1409/1486 1928/1425/1485
f 1917/1424/1499 1920/1421/1497 1932/1414/1490
f 1917/1424/1499 1932/1414/1490 1927/1409/1486
f 1936/1426/1500 1937/1427/1501 1935/1428/1502
f 1937/1427/1501 1945/1429/1503 1942/1430/1504
f 1938/1431/1505 1940/1432/1506 1945/1433/1503
f 1941/1434/1507 1939/1435/1508 1940/1436/1509
f 1946/1437/1510 1942/1438/1504 1945/1433/1503
f 1918/1439/353 1945/1433/1503 1940/1432/1506
f 1944/1440/1511 1941/1434/1507 1942/1430/1504
f 1946/1441/1510 1944/1440/1511 1942/1430/1504
f 1946/1441/1510 1943/1442/1512 1944/1440/1511
f 1940/1436/1509 1936/1443/1513 1935/1428/1514
f 1941/1434/1507 1940/1436/1509 1935/1428/1514
f 1942/1430/1504 1941/1434/1507 1935/1428/1502
f 1937/1427/1501 1942/1430/1504 1935/1428/1502
f 1945/1433/1503 1922/1418/1494 1946/1437/1510
f 1943/1444/1512 1922/1418/1494 1919/1420/1495
f 1920/1421/1497 1944/1440/1511 1943/1442/1496
f 1919/1422/1496 1920/1421/1497 1943/1442/1496
f 1939/1435/1508 1917/1424/1499 1918/1423/1498
f 1940/1445/1509 1939/1435/1508 1918/1423/1498
f 1944/1440/1511 1920/1421/1497 1917/1424/1499
f 1939/1435/1508 1944/1440/1511 1917/1424/1499
f 1925/1400/1478 1926/1446/1484 1924/1401/1479
f 1933/1403/1481 1926/1447/1484 1925/1400/1478
f 1928/1405/1483 1924/1448/1479 1926/1406/1484
f 1921/1413/1489 1918/1439/353 1928/1405/1483
f 1929/1410/1487 1927/1409/1486 1932/1414/1490
f 1921/1413/1489 1933/1407/1481 1934/1412/1488
f 1922/1418/1494 1934/1412/1488 1931/1419/1491
f 1936/1426/1500 1938/1449/1505 1937/1427/1501
f 1937/1427/1501 1938/1450/1505 1945/1429/1503
f 1938/1431/1505 1936/1451/1500 1940/1432/1506
f 1918/1439/353 1921/1413/1489 1945/1433/1503
f 1944/1440/1511 1939/1435/1508 1941/1434/1507
f 1945/1433/1503 1921/1413/1489 1922/1418/1494
f 1943/1444/1512 1946/1437/1510 1922/1418/1494
f 1950/1452/1515 1947/1453/1516 1948/1452/1517
f 1952/1454/1518 1949/1453/1519 1950/1452/1515
f 1954/1454/1520 1951/1455/1521 1952/1454/1518
f 1954/1454/1520 1947/1453/1516 1953/1455/1522
f 1957/1456/1516 1956/1457/1515 1955/1456/1519
f 1957/1456/1516 1960/1458/1520 1958/1457/1523
f 1961/1459/1521 1960/1458/1520 1959/1459/1522
f 1955/1456/1519 1962/1458/1518 1961/1459/1521
f 1950/1452/1515 1949/1453/1519 1947/1453/1516
f 1952/1454/1518 1951/1455/1521 1949/1453/1519
f 1954/1454/1520 1953/1455/1522 1951/1455/1521
f 1954/1454/1520 1948/1452/1517 1947/1453/1516
f 1957/1456/1516 1958/1457/1523 1956/1457/1515
f 1957/1456/1516 1959/1459/1522 1960/1458/1520
f 1961/1459/1521 1962/1458/1518 1960/1458/1520
f 1955/1456/1519 1956/1457/1515 1962/1458/1518
f 1968/1460/1524 1964/1461/1525 1963/1462/1524
f 1967/1463/1526 1964/1461/1526 1966/1464/1526
f 1968/1460/1524 1965/1465/1527 1967/1463/1528
f 1964/1461/1529 1965/1465/1529 1963/1462/1529
f 1967/1463/1530 1966/1464/1530 1968/1460/1530
f 1974/1460/1531 1970/1461/1532 1969/1462/1533
f 1972/1464/1534 1971/1465/1534 1970/1461/1534
f 1974/1460/1531 1971/1465/1535 1973/1463/1536
f 1970/1461/1537 1971/1465/1537 1969/1462/1537
f 1973/1463/1538 1972/1464/1538 1974/1460/1538
f 1968/1460/1524 1966/1464/1539 1964/1461/1525
f 1967/1463/1526 1965/1465/1526 1964/1461/1526
f 1968/1460/1524 1963/1462/1524 1965/1465/1527
f 1974/1460/1531 1972/1464/1540 1970/1461/1532
f 1972/1464/1534 1973/1463/1534 1971/1465/1534
f 1974/1460/1531 1969/1462/1533 1971/1465/1535
f 1979/1466/1541 1978/1467/1541 1980/1468/1541
f 1981/1469/1542 1978/1467/1543 1982/1470/1544
f 1976/1471/1545 1981/1469/1542 1982/1470/1544
f 1978/1467/1546 1983/1472/1547 1982/1470/1548
f 1976/1471/1549 1983/1472/1550 1977/1473/1549
f 1983/1472/1551 1980/1468/1552 1981/1469/1553
f 1975/1474/1554 1983/1472/1551 1981/1469/1553
f 1988/1466/1555 1987/1467/1555 1989/1468/1555
f 1990/1469/1556 1987/1467/1557 1991/1470/1558
f 1985/1471/1559 1990/1469/1556 1991/1470/1558
f 1987/1467/1560 1992/1472/1561 1991/1470/1562
f 1985/1471/1563 1992/1472/1561 1986/1473/1563
f 1992/1472/1564 1989/1468/1565 1990/1469/1566
f 1984/1474/1567 1992/1472/1564 1990/1469/1566
f 1981/1469/1542 1980/1468/1543 1978/1467/1543
f 1976/1471/1545 1975/1474/1545 1981/1469/1542
f 1978/1467/1546 1979/1466/1546 1983/1472/1547
f 1976/1471/1568 1982/1470/1548 1983/1472/1547
f 1983/1472/1551 1979/1466/1552 1980/1468/1552
f 1975/1474/1554 1977/1473/1554 1983/1472/1551
f 1990/1469/1556 1989/1468/1557 1987/1467/1557
f 1985/1471/1559 1984/1474/1559 1990/1469/1556
f 1987/1467/1560 1988/1466/1560 1992/1472/1561
f 1985/1471/1569 1991/1470/1562 1992/1472/1561
f 1992/1472/1564 1988/1466/1565 1989/1468/1565
f 1984/1474/1567 1986/1473/1567 1992/1472/1564
f 1994/1475/1570 1993/1476/1570 1995/1477/1570
f 1995/1477/1571 1993/1476/1571 1996/1478/1571
f 1993/1476/1572 1994/1475/1572 1996/1479/1572
f 1994/1475/1573 1995/1477/1573 1996/1480/1573
f 2002/1460/1574 1998/1461/1575 1997/1462/1576
f 2000/1464/1577 1999/1465/1578 1998/1461/1578
f 2002/1460/1574 1999/1465/1579 2001/1463/1579
f 1998/1461/1580 1999/1465/1580 1997/1462/1580
f 2001/1463/1581 2000/1464/1581 2002/1460/1581
f 2002/1460/1574 2000/1464/1575 1998/1461/1575
f 2000/1464/1577 2001/1463/1577 1999/1465/1578
f 2002/1460/1574 1997/1462/1576 1999/1465/1579
f 2009/1481/1582 2004/1482/1583 2008/1483/1584
f 2010/1483/1585 2005/1484/1586 2009/1481/1582
f 2011/1481/1587 2006/1482/1588 2010/1483/1585
f 2004/1485/1583 2005/1484/1586 2003/1486/176
f 2005/1484/1586 2006/1482/1588 2003/1486/176
f 2006/1482/1588 2007/1487/1589 2003/1486/176
f 2009/1484/1582 2008/1485/1584 2012/1486/59
f 2010/1482/1585 2009/1484/1582 2012/1486/59
f 2011/1487/1587 2010/1482/1585 2012/1486/59
f 2015/1484/1582 2018/1483/1583 2014/1482/1584
f 2016/1482/1585 2019/1481/1586 2015/1484/1582
f 2017/1484/1587 2020/1483/1588 2016/1482/1585
f 2013/1486/59 2015/1484/1582 2014/1485/1584
f 2013/1486/59 2016/1482/1585 2015/1484/1582
f 2013/1486/59 2017/1487/1587 2016/1482/1585
f 2022/1486/176 2018/1485/1583 2019/1484/1586
f 2022/1486/176 2019/1484/1586 2020/1482/1588
f 2022/1486/176 2020/1482/1588 2021/1487/1589
f 2009/1481/1582 2005/1484/1586 2004/1482/1583
f 2010/1483/1585 2006/1482/1588 2005/1484/1586
f 2011/1481/1587 2007/1484/1589 2006/1482/1588
f 2015/1484/1582 2019/1481/1586 2018/1483/1583
f 2016/1482/1585 2020/1483/1588 2019/1481/1586
f 2017/1484/1587 2021/1481/1589 2020/1483/1588
