# Blender 5.2.0 LTS
# www.blender.org
mtllib nissan-r32-chassi.mtl
o body1
v 0.027819 1.629967 0.173780
v 0.027819 1.648525 -1.023402
v 0.027819 1.681206 -0.709798
v 0.027819 1.666387 0.079551
v 0.027819 1.695739 -0.229350
v 0.027819 1.028935 -2.240979
v 0.027819 1.120417 -2.240979
v 0.027819 1.208658 -2.240979
v 0.027819 1.350417 -1.693261
v 0.027819 1.304905 -2.191890
v 0.027819 1.294850 0.870022
v 0.027819 1.258501 1.235172
v 0.027819 1.185556 1.660935
v 0.027819 1.115237 1.959607
v 0.027819 1.067232 2.082311
v 0.027819 1.285790 0.961029
v -0.239048 1.625514 0.149392
v -0.504558 1.609449 0.068913
v -0.600324 1.452947 0.333359
v -0.691494 1.255378 0.645680
v -0.666691 1.259274 0.701322
v -0.652004 1.075276 1.893757
v -0.669709 1.130996 1.679804
v -0.686451 1.201383 1.249890
v -0.692148 1.242417 0.726546
v -0.729014 1.242931 0.566352
v -0.652023 1.430722 0.292804
v -0.552337 1.595488 0.003866
v -0.508310 1.636523 -0.489442
v -0.508310 1.636523 -0.538442
v -0.508310 1.636523 -0.755277
v -0.223091 1.646397 -1.013258
v -0.237767 1.664401 0.056006
v -0.227250 1.681729 -0.710229
v -0.233626 1.691055 -0.236552
v -0.438648 1.671784 -0.111257
v -0.479345 1.660444 -0.103636
v -0.461626 1.644069 0.028464
v -0.524838 1.627404 -0.098753
v -0.467778 1.625692 -0.992935
v -0.460235 1.660426 -0.752075
v -0.414885 1.674215 -0.736491
v -0.467584 1.674646 -0.506771
v -0.423388 1.687794 -0.512767
v -0.573692 1.468595 -1.233045
v -0.640348 1.321920 -1.478114
v -0.592803 1.326760 -1.541734
v -0.629322 1.450863 -0.968428
v -0.699235 1.286189 -1.143282
v -0.661169 1.286189 -2.128983
v -0.592174 1.290422 -2.145054
v -0.723238 1.232844 0.718708
v -0.708990 1.189622 1.254304
v -0.689042 1.124387 1.680460
v -0.818285 1.119058 0.643309
v -0.804496 1.166077 -0.657982
v -0.705439 1.282342 -0.625217
v -0.726781 1.208658 -2.188489
v -0.704160 1.282777 -0.671327
v -0.632302 1.460810 -0.560658
v -0.625711 1.460810 -0.611132
v -0.870448 1.027287 1.323663
v -0.787653 1.131882 -2.136989
v -0.781657 1.181990 -1.099072
v -0.755940 1.193906 -1.588127
v -0.818285 0.835902 0.643714
v -0.764620 0.665838 0.598595
v -0.799786 0.746909 0.621651
v -0.870448 1.069159 1.311645
v -0.858205 1.100708 0.967390
v -0.870448 0.936051 0.971582
v -0.870448 0.835902 0.899087
v -0.845298 0.665838 0.860078
v -0.845300 0.665838 0.780937
v -0.693422 1.286189 -1.525585
v -0.631257 1.315984 -1.601472
v -0.870448 0.953255 1.464081
v -0.825432 0.941709 1.732700
v -0.793836 1.009577 1.739796
v -0.835566 1.042628 1.537159
v -0.852888 0.953255 1.524844
v -0.856870 0.835902 0.836861
v -0.856870 0.952982 0.936768
v -0.870448 1.027287 1.119915
v -0.787653 1.028935 -2.118711
v -0.726812 1.028935 -2.188378
v -0.394773 1.208658 -2.222432
v -0.394773 1.028935 -2.222432
v -0.307015 1.120417 -2.230113
v -0.348791 1.196423 -2.226410
v -0.348791 1.042839 -2.226410
v -0.322112 1.169172 -2.228775
v -0.322112 1.071080 -2.228775
v -0.583913 1.208658 -2.203034
v -0.184236 1.120417 -2.240979
v -0.184236 1.028935 -2.240979
v -0.583913 1.028935 -2.203034
v -0.184236 1.208658 -2.240979
v -0.470342 1.333318 -1.619855
v -0.192845 1.344717 -1.682318
v -0.429858 1.296764 -2.159974
v -0.213285 1.302219 -2.180492
v -0.666691 1.259274 0.701322
v -0.652004 1.075276 1.893757
v -0.669709 1.130996 1.679804
v -0.686451 1.201383 1.249890
v -0.692148 1.242417 0.726546
v -0.515444 1.274782 0.788501
v -0.292534 1.285730 0.840385
v -0.288418 1.258501 1.235172
v -0.270287 1.188896 1.660935
v -0.249523 1.115237 1.947819
v -0.212791 1.067796 2.066848
v -0.341424 1.267555 0.928123
v -0.331692 1.235201 1.240553
v -0.297047 1.172865 1.663754
v -0.326398 1.067796 2.044217
v -0.470872 1.075276 1.982792
v -0.495882 1.155612 1.668763
v -0.507637 1.221828 1.243810
v -0.292001 1.279114 0.936314
v -0.514072 1.263032 0.877320
v -0.479932 1.099116 1.924285
v 0.294686 1.625514 0.149392
v 0.560196 1.609449 0.068913
v 0.655962 1.452947 0.333359
v 0.747132 1.255378 0.645680
v 0.722329 1.259274 0.701322
v 0.707642 1.075276 1.893757
v 0.725347 1.130996 1.679804
v 0.742089 1.201383 1.249890
v 0.747786 1.242417 0.726546
v 0.784652 1.242931 0.566352
v 0.707661 1.430722 0.292804
v 0.607975 1.595488 0.003866
v 0.563948 1.636523 -0.489442
v 0.563948 1.636523 -0.538442
v 0.563948 1.636523 -0.755277
v 0.278729 1.646397 -1.013258
v 0.293405 1.664401 0.056006
v 0.282888 1.681729 -0.710229
v 0.289264 1.691055 -0.236552
v 0.494286 1.671784 -0.111257
v 0.534983 1.660444 -0.103636
v 0.517264 1.644069 0.028464
v 0.580476 1.627404 -0.098753
v 0.523416 1.625692 -0.992935
v 0.515873 1.660426 -0.752075
v 0.470523 1.674215 -0.736491
v 0.523222 1.674646 -0.506771
v 0.479026 1.687794 -0.512767
v 0.629330 1.468595 -1.233045
v 0.695986 1.321920 -1.478114
v 0.648441 1.326760 -1.541734
v 0.684960 1.450863 -0.968428
v 0.754873 1.286189 -1.143282
v 0.716807 1.286189 -2.128983
v 0.647812 1.290422 -2.145054
v 0.778876 1.232844 0.718708
v 0.764628 1.189622 1.254304
v 0.744680 1.124387 1.680460
v 0.873923 1.119058 0.643309
v 0.860134 1.166077 -0.657982
v 0.761077 1.282342 -0.625217
v 0.782419 1.208658 -2.188489
v 0.759798 1.282777 -0.671327
v 0.687940 1.460810 -0.560658
v 0.681349 1.460810 -0.611132
v 0.926086 1.027287 1.323663
v 0.843291 1.131882 -2.136989
v 0.837295 1.181990 -1.099072
v 0.811578 1.193906 -1.588127
v 0.873923 0.835902 0.643714
v 0.820258 0.665838 0.598595
v 0.855424 0.746909 0.621651
v 0.926086 1.069159 1.311645
v 0.913843 1.100708 0.967390
v 0.926086 0.936051 0.971582
v 0.926086 0.835902 0.899087
v 0.900936 0.665838 0.860078
v 0.900938 0.665838 0.780937
v 0.749060 1.286189 -1.525585
v 0.686895 1.315984 -1.601472
v 0.926086 0.953255 1.464081
v 0.881070 0.941709 1.732700
v 0.849474 1.009577 1.739796
v 0.891204 1.042628 1.537159
v 0.908526 0.953255 1.524844
v 0.912508 0.835902 0.836861
v 0.912508 0.952982 0.936768
v 0.926086 1.027287 1.119915
v 0.843291 1.028935 -2.118711
v 0.782450 1.028935 -2.188378
v 0.450411 1.208658 -2.222432
v 0.450411 1.028935 -2.222432
v 0.362653 1.120417 -2.230113
v 0.404429 1.196423 -2.226410
v 0.404429 1.042839 -2.226410
v 0.377750 1.169172 -2.228775
v 0.377750 1.071080 -2.228775
v 0.639551 1.208658 -2.203034
v 0.239874 1.120417 -2.240979
v 0.239874 1.028935 -2.240979
v 0.639551 1.028935 -2.203034
v 0.239874 1.208658 -2.240979
v 0.525980 1.333318 -1.619855
v 0.248483 1.344717 -1.682318
v 0.485496 1.296764 -2.159974
v 0.268923 1.302219 -2.180492
v 0.722329 1.259274 0.701322
v 0.707642 1.075276 1.893757
v 0.725347 1.130996 1.679804
v 0.742089 1.201383 1.249890
v 0.747786 1.242417 0.726546
v 0.571082 1.274782 0.788501
v 0.348172 1.285730 0.840385
v 0.344056 1.258501 1.235172
v 0.325925 1.188896 1.660935
v 0.305161 1.115237 1.947819
v 0.268429 1.067796 2.066848
v 0.397062 1.267555 0.928123
v 0.387330 1.235201 1.240553
v 0.352685 1.172865 1.663754
v 0.382036 1.067796 2.044217
v 0.526510 1.075276 1.982792
v 0.551520 1.155612 1.668763
v 0.563275 1.221828 1.243810
v 0.347639 1.279114 0.936314
v 0.569710 1.263032 0.877320
v 0.535570 1.099116 1.924285
v -0.870448 1.106805 -1.065069
v -0.870448 1.115924 -1.630017
v -0.787653 1.131882 -2.136989
v -0.828615 1.126705 -0.767406
v -0.781657 1.181990 -1.099072
v -0.755940 1.193906 -1.588127
v -0.870448 1.038686 -1.265104
v -0.870448 1.038686 -1.468853
v -0.870448 0.960345 -1.104803
v -0.840825 0.665837 -0.977709
v -0.818285 0.835902 -0.651160
v -0.799786 0.746908 -0.612616
v -0.764620 0.665837 -0.532755
v -0.861439 0.835902 -1.014400
v -0.840825 0.665837 -0.954318
v -0.870448 0.949354 -1.630750
v -0.851612 0.798669 -1.714918
v -0.788472 0.653704 -1.731645
v -0.787653 0.878304 -2.092580
v -0.787653 1.028935 -2.118711
v -0.870448 0.980678 -1.637954
v -0.831838 0.746683 -1.788678
v -0.788472 0.653704 -1.808217
v -0.730201 0.793802 -2.079257
v -0.738728 0.768887 -2.075556
v -0.703201 0.712933 -2.068449
v -0.870448 0.855568 -1.689761
v -0.870448 0.857046 -1.748796
v 0.926086 1.106805 -1.065069
v 0.926086 1.115924 -1.630017
v 0.843291 1.131882 -2.136989
v 0.884253 1.126705 -0.767406
v 0.837295 1.181990 -1.099072
v 0.811578 1.193906 -1.588127
v 0.926086 1.038686 -1.265104
v 0.926086 1.038686 -1.468853
v 0.926086 0.960345 -1.104803
v 0.896463 0.665837 -0.977709
v 0.873923 0.835902 -0.651160
v 0.855424 0.746908 -0.612616
v 0.820258 0.665837 -0.532755
v 0.917077 0.835902 -1.014400
v 0.896463 0.665837 -0.954318
v 0.926086 0.949354 -1.630750
v 0.907250 0.798669 -1.714918
v 0.844110 0.653704 -1.731645
v 0.843291 0.878304 -2.092580
v 0.843291 1.028935 -2.118711
v 0.926086 0.980678 -1.637954
v 0.887476 0.746683 -1.788678
v 0.844110 0.653704 -1.808217
v 0.785839 0.793802 -2.079257
v 0.794366 0.768887 -2.075556
v 0.758839 0.712933 -2.068449
v 0.926086 0.855568 -1.689761
v 0.926086 0.857046 -1.748796
v -0.804496 1.166077 -0.657982
v -0.729014 1.242931 0.566352
v -0.818285 1.119058 0.643309
v -0.705439 1.282342 -0.625217
v -0.818285 0.835902 0.643714
v -0.818285 0.835902 -0.651160
v -0.799786 0.746908 -0.612616
v -0.764620 0.665837 -0.532755
v -0.764620 0.665838 0.598595
v -0.799786 0.746909 0.621651
v 0.784652 1.242931 0.566352
v 0.873923 1.119058 0.643309
v 0.860134 1.166077 -0.657982
v 0.761077 1.282342 -0.625217
v 0.873923 0.835902 0.643714
v 0.873923 0.835902 -0.651160
v 0.855424 0.746908 -0.612616
v 0.820258 0.665837 -0.532755
v 0.820258 0.665838 0.598595
v 0.855424 0.746909 0.621651
v -0.840825 0.665837 -0.977709
v -0.764620 0.665837 -0.532755
v -0.764620 0.665838 0.598595
v -0.845298 0.665838 0.860078
v -0.845300 0.665838 0.780937
v -0.833589 0.625705 -0.901604
v -0.820118 0.625705 -0.462708
v -0.820118 0.625705 0.598595
v -0.832476 0.572816 -0.978316
v -0.771542 0.572816 0.602092
v -0.832618 0.572816 0.834623
v -0.840966 0.632089 0.860078
v -0.840825 0.665837 -0.954318
v -0.771542 0.572816 -0.882591
v -0.840570 0.630136 0.780937
v 0.896463 0.665837 -0.977709
v 0.820258 0.665837 -0.532755
v 0.820258 0.665838 0.598595
v 0.900936 0.665838 0.860078
v 0.900938 0.665838 0.780937
v 0.889227 0.625705 -0.901604
v 0.875756 0.625705 -0.462708
v 0.875756 0.625705 0.598595
v 0.888114 0.572816 -0.978316
v 0.827180 0.572816 0.602092
v 0.888256 0.572816 0.834623
v 0.896604 0.632089 0.860078
v 0.896463 0.665837 -0.954318
v 0.827180 0.572816 -0.882591
v 0.896208 0.630136 0.780937
v -0.764620 0.665837 -0.532755
v -0.764620 0.665838 0.598595
v -0.833589 0.625705 -0.901604
v -0.820118 0.625705 -0.462708
v -0.820118 0.625705 0.598595
v -0.840570 0.630136 0.780937
v 0.820258 0.665837 -0.532755
v 0.820258 0.665838 0.598595
v 0.889227 0.625705 -0.901604
v 0.875756 0.625705 -0.462708
v 0.875756 0.625705 0.598595
v 0.896208 0.630136 0.780937
v -0.831838 0.746683 -1.788678
v -0.730201 0.793802 -2.079257
v -0.738728 0.768887 -2.075556
v 0.887476 0.746683 -1.788678
v 0.785839 0.793802 -2.079257
v 0.794366 0.768887 -2.075556
v -0.282877 1.189011 0.421244
v -0.286154 1.187977 0.420647
v -0.267082 1.148961 0.398123
v -0.268529 1.148507 0.397858
v -0.399610 1.189011 0.421244
v -0.402887 1.187977 0.420647
v -0.383816 1.148961 0.398123
v -0.385261 1.148507 0.397858
v 0.888256 0.572816 0.834623
v 0.888114 0.572816 -0.978316
v 0.844110 0.653704 -1.731645
v 0.758839 0.712933 -2.068449
v 0.027819 0.572816 0.834623
v 0.027819 0.572816 0.602092
v 0.027819 0.572816 -0.882591
v 0.027819 0.572816 -0.978316
v 0.027819 0.653704 -1.731645
v 0.027819 0.653704 -1.808217
v 0.027819 0.712933 -2.068449
v 0.592424 0.572816 0.834623
v 0.827180 0.572816 0.602092
v 0.827180 0.572816 -0.882591
v 0.592424 0.572816 -0.978316
v 0.592424 0.653704 -1.731645
v 0.844110 0.653704 -1.808217
v 0.592424 0.534442 1.578968
v 0.027819 0.534442 1.578968
v -0.832618 0.572816 0.834623
v -0.832476 0.572816 -0.978316
v -0.788472 0.653704 -1.731645
v -0.703201 0.712933 -2.068449
v -0.536786 0.572816 0.834623
v -0.771542 0.572816 0.602092
v -0.771542 0.572816 -0.882591
v -0.536786 0.572816 -0.978316
v -0.536786 0.653704 -1.731645
v -0.788472 0.653704 -1.808217
v -0.536786 0.534442 1.578968
v 0.882981 0.534442 1.578968
v 0.892002 0.570014 1.578968
v 0.906195 0.627370 1.578968
v 0.920641 0.799621 1.566304
v 0.926086 0.953255 1.464081
v 0.926086 1.027287 1.323663
v 0.926086 1.027287 1.119915
v 0.926086 0.936051 0.971582
v 0.926086 0.835902 0.899087
v 0.900936 0.665838 0.860078
v 0.896604 0.632089 0.860078
v 0.888256 0.572816 0.834623
v 0.888114 0.572816 -0.978316
v 0.896463 0.665837 -0.977709
v 0.917077 0.835902 -1.014400
v 0.926086 0.960345 -1.104803
v 0.926086 1.038686 -1.265104
v 0.926086 1.038686 -1.468853
v 0.926086 0.949354 -1.630750
v 0.926086 0.855568 -1.689761
v 0.907250 0.798669 -1.714918
v 0.844110 0.653704 -1.731645
v 0.592424 0.534442 1.578968
v 0.592424 0.570014 1.578968
v 0.592424 0.627370 1.578968
v 0.592424 0.799621 1.566304
v 0.592424 0.953255 1.464081
v 0.592424 1.027287 1.323663
v 0.592424 1.027287 1.119915
v 0.592424 0.936051 0.971582
v 0.592424 0.835902 0.899087
v 0.592424 0.665838 0.860078
v 0.592424 0.632089 0.860078
v 0.592424 0.572816 0.834623
v 0.592424 0.572816 -0.978316
v 0.592424 0.665837 -0.977709
v 0.592424 0.835902 -1.014400
v 0.592424 0.960345 -1.104803
v 0.592424 1.038686 -1.265104
v 0.592424 1.038686 -1.468853
v 0.592424 0.949354 -1.630750
v 0.592424 0.855568 -1.689761
v 0.592424 0.798669 -1.714918
v 0.592424 0.653704 -1.731645
v -0.827343 0.534442 1.578968
v -0.836364 0.570014 1.578968
v -0.850557 0.627370 1.578968
v -0.865003 0.799621 1.566304
v -0.870448 0.953255 1.464081
v -0.870448 1.027287 1.323663
v -0.870448 1.027287 1.119915
v -0.870448 0.936051 0.971582
v -0.870448 0.835902 0.899087
v -0.845298 0.665838 0.860078
v -0.840966 0.632089 0.860078
v -0.832618 0.572816 0.834623
v -0.832476 0.572816 -0.978316
v -0.840825 0.665837 -0.977709
v -0.861439 0.835902 -1.014400
v -0.870448 0.960345 -1.104803
v -0.870448 1.038686 -1.265104
v -0.870448 1.038686 -1.468853
v -0.870448 0.949354 -1.630750
v -0.870448 0.855568 -1.689761
v -0.851612 0.798669 -1.714918
v -0.788472 0.653704 -1.731645
v -0.536786 0.534442 1.578968
v -0.536786 0.570014 1.578968
v -0.536786 0.627370 1.578968
v -0.536786 0.799621 1.566304
v -0.536786 0.953255 1.464081
v -0.536786 1.027287 1.323663
v -0.536786 1.027287 1.119915
v -0.536786 0.936051 0.971582
v -0.536786 0.835902 0.899087
v -0.536786 0.665838 0.860078
v -0.536786 0.632089 0.860078
v -0.536786 0.572816 0.834623
v -0.536786 0.572816 -0.978316
v -0.536786 0.665837 -0.977709
v -0.536786 0.835902 -1.014400
v -0.536786 0.960345 -1.104803
v -0.536786 1.038686 -1.265104
v -0.536786 1.038686 -1.468853
v -0.536786 0.949354 -1.630750
v -0.536786 0.855568 -1.689761
v -0.536786 0.798669 -1.714918
v -0.536786 0.653704 -1.731645
v 0.027819 1.067232 2.082311
v 0.268429 1.067796 2.066848
v 0.382036 1.067796 2.044217
v 0.027819 0.936154 2.116416
v 0.322462 0.936154 2.116416
v 0.027819 1.051222 1.991929
v 0.027819 0.946442 1.991929
v 0.358454 1.051222 1.991929
v 0.310383 0.946443 1.991929
v -0.212791 1.067796 2.066848
v -0.326398 1.067796 2.044217
v -0.266824 0.936154 2.116416
v -0.302816 1.051222 1.991929
v -0.254745 0.946443 1.991929
v 0.027819 0.982086 2.090044
v 0.027819 0.982086 2.090044
v 0.343067 0.982086 2.090044
v 0.343067 0.982086 2.090044
v 0.349084 0.995871 1.991426
v 0.333765 0.960528 1.991426
v 0.027819 0.995871 1.991426
v 0.027819 0.960528 1.991426
v 0.027819 1.020751 2.066788
v 0.027819 1.020751 2.066788
v 0.360833 1.020751 2.066788
v 0.360833 1.020751 2.066788
v 0.367634 1.036179 1.991426
v 0.353435 1.003643 1.991426
v 0.027819 1.036179 1.991426
v 0.027819 1.003643 1.991426
v -0.287429 0.982086 2.090044
v -0.287429 0.982086 2.090044
v -0.293446 0.995871 1.991426
v -0.278127 0.960528 1.991426
v -0.305195 1.020751 2.066788
v -0.305195 1.020751 2.066788
v -0.311996 1.036179 1.991426
v -0.297797 1.003643 1.991426
v 0.027819 0.938553 -2.295649
v 0.027819 0.938553 -2.252078
v 0.027819 0.815571 -2.255507
v 0.201268 0.938553 -2.295650
v 0.199889 0.938553 -2.252078
v 0.201268 0.815571 -2.253194
v 0.201268 0.882927 -2.287180
v -0.145630 0.938553 -2.295650
v -0.144251 0.938553 -2.252078
v -0.145630 0.815571 -2.253194
v -0.145630 0.882927 -2.287180
v 0.530211 0.692712 -2.193188
v 0.506611 0.749690 -2.250944
v 0.553812 0.749690 -2.250944
v 0.587189 0.716314 -2.250944
v 0.587189 0.669111 -2.250944
v 0.553812 0.635735 -2.250944
v 0.506611 0.635735 -2.250944
v 0.473234 0.669111 -2.250944
v 0.473234 0.716314 -2.250944
v 0.506611 0.749690 -2.105415
v 0.553812 0.749690 -2.105415
v 0.587189 0.716314 -2.105415
v 0.587189 0.669111 -2.105415
v 0.553812 0.635735 -2.105415
v 0.506611 0.635735 -2.105415
v 0.473234 0.669111 -2.105415
v 0.473234 0.716314 -2.105415
v 0.615765 0.615910 -2.105859
v 0.443129 0.774287 -2.105859
v 0.615765 0.774287 -2.105859
v 0.669974 0.727900 -2.105859
v 0.669974 0.662298 -2.105859
v 0.443129 0.615910 -2.105859
v 0.388920 0.662298 -2.105859
v 0.388920 0.727900 -2.105859
v 0.669974 0.727900 -1.746680
v 0.669974 0.662298 -1.746680
v 0.615765 0.615910 -1.746680
v 0.443129 0.615910 -1.746680
v 0.388920 0.727900 -1.746680
v 0.388920 0.662298 -1.746680
v 0.494040 0.742400 2.085254
v 0.494040 0.742400 2.085254
v 0.728717 0.742400 1.970970
v 0.728717 0.742400 1.970970
v 0.731408 0.757829 1.899799
v 0.725618 0.725293 1.899799
v 0.494040 0.757829 2.003964
v 0.494040 0.725293 2.003964
v -0.438402 0.742400 2.085254
v -0.438402 0.742400 2.085254
v -0.673079 0.742400 1.970970
v -0.673079 0.742400 1.970970
v -0.675770 0.757829 1.899799
v -0.669980 0.725293 1.899799
v -0.438402 0.757829 2.003964
v -0.438402 0.725293 2.003964
v 0.560006 0.568842 2.032179
v 0.560006 0.568842 2.032179
v 0.560006 0.620094 1.996756
v 0.550542 0.620094 1.957307
v 0.570499 0.620094 1.957307
v 0.550542 0.568842 1.957307
v 0.570499 0.568842 1.957307
v -0.504368 0.568842 2.032179
v -0.504368 0.568842 2.032179
v -0.504368 0.620094 1.996756
v -0.494904 0.620094 1.957307
v -0.514861 0.620094 1.957307
v -0.494904 0.568842 1.957307
v -0.514861 0.568842 1.957307
v 0.027819 0.882342 2.177179
v 0.200441 0.882343 2.177178
v 0.200441 0.829858 2.192548
v 0.322462 0.829886 2.183748
v 0.421319 0.829886 2.154539
v 0.421319 0.795211 2.139473
v 0.421319 0.665527 2.086208
v 0.421319 0.627371 2.071807
v 0.027819 0.627371 2.071807
v 0.027819 0.882342 2.018512
v 0.200441 0.882343 2.018512
v 0.200441 0.829858 2.018512
v 0.421319 0.829886 2.018512
v 0.421319 0.627371 2.018512
v 0.027819 0.627371 2.018512
v -0.144803 0.882343 2.177178
v -0.144803 0.829858 2.192548
v -0.266824 0.829886 2.183748
v -0.365681 0.829886 2.154539
v -0.365681 0.795211 2.139473
v -0.365681 0.665527 2.086208
v -0.365681 0.627371 2.071807
v -0.144803 0.882343 2.018512
v -0.144803 0.829858 2.018512
v -0.365681 0.829886 2.018512
v -0.365681 0.627371 2.018512
v 0.027819 0.905330 2.170596
v 0.027819 0.882342 2.177179
v -0.870448 0.953255 1.464081
v -0.144803 0.829858 2.192548
v -0.266824 0.829886 2.183748
v -0.144803 0.882343 2.177178
v -0.439859 0.829886 2.132590
v -0.637712 0.829886 2.050102
v -0.439859 0.905358 2.101945
v -0.637712 0.905358 2.015261
v -0.748254 0.905358 1.935964
v -0.804693 0.907695 1.845208
v -0.836964 0.911644 1.721456
v -0.855864 0.920947 1.574311
v -0.807121 0.824379 1.864782
v -0.853749 0.801401 1.616916
v -0.365681 0.829886 2.154539
v -0.266824 0.905330 2.170596
v -0.365681 0.627371 2.071807
v -0.439859 0.627371 2.049858
v -0.608276 0.627370 1.967371
v -0.439859 0.795211 2.102961
v -0.730662 0.795211 1.955069
v -0.365681 0.795211 2.139473
v -0.365681 0.665527 2.086208
v -0.439859 0.665527 2.064259
v -0.614388 0.665527 1.981771
v -0.704780 0.665527 1.916366
v -0.747188 0.829886 1.984698
v -0.693898 0.627370 1.901966
v -0.681783 0.795211 1.988927
v -0.658885 0.665527 1.949574
v -0.865003 0.799621 1.566304
v -0.850557 0.627370 1.578968
v -0.834463 0.627370 1.616539
v -0.777657 0.627370 1.797200
v -0.802516 0.795211 1.839740
v 0.926086 0.953255 1.464081
v 0.200441 0.829858 2.192548
v 0.322462 0.829886 2.183748
v 0.200441 0.882343 2.177178
v 0.495497 0.829886 2.132590
v 0.693350 0.829886 2.050102
v 0.495497 0.905358 2.101945
v 0.693350 0.905358 2.015261
v 0.803892 0.905358 1.935964
v 0.860331 0.907695 1.845208
v 0.892602 0.911644 1.721456
v 0.911502 0.920947 1.574311
v 0.862759 0.824379 1.864782
v 0.909387 0.801401 1.616916
v 0.421319 0.829886 2.154539
v 0.322462 0.905330 2.170596
v 0.421319 0.627371 2.071807
v 0.495497 0.627371 2.049858
v 0.663914 0.627370 1.967371
v 0.495497 0.795211 2.102961
v 0.786300 0.795211 1.955069
v 0.421319 0.795211 2.139473
v 0.421319 0.665527 2.086208
v 0.495497 0.665527 2.064259
v 0.670026 0.665527 1.981771
v 0.760418 0.665527 1.916366
v 0.802826 0.829886 1.984698
v 0.749536 0.627370 1.901966
v 0.737421 0.795211 1.988927
v 0.714523 0.665527 1.949574
v 0.920641 0.799621 1.566304
v 0.906195 0.627370 1.578968
v 0.890101 0.627370 1.616539
v 0.833295 0.627370 1.797200
v 0.858154 0.795211 1.839740
v -0.681783 0.795211 1.988927
v -0.658885 0.665527 1.949574
v -0.493954 0.795211 1.979567
v -0.681783 0.795211 1.895041
v -0.658885 0.665527 1.909603
v -0.493954 0.665527 1.994128
v 0.737421 0.795211 1.988927
v 0.714523 0.665527 1.949574
v 0.549592 0.795211 1.979567
v 0.737421 0.795211 1.895041
v 0.714523 0.665527 1.909603
v 0.549592 0.665527 1.994128
v -0.493954 0.795211 1.979567
v -0.681783 0.795211 1.895041
v -0.658885 0.665527 1.909603
v -0.493954 0.665527 1.994128
v 0.549592 0.795211 1.979567
v 0.737421 0.795211 1.895041
v 0.714523 0.665527 1.909603
v 0.549592 0.665527 1.994128
v 0.027819 0.936154 2.116416
v 0.027819 0.905330 2.170596
v -0.870448 0.953255 1.464081
v -0.825432 0.941709 1.732700
v -0.852888 0.953255 1.524844
v -0.266824 0.936154 2.116416
v -0.439859 0.936154 2.065258
v -0.637712 0.936154 1.974312
v -0.744923 0.936153 1.894886
v -0.798661 0.936154 1.825478
v -0.439859 0.905358 2.101945
v -0.637712 0.905358 2.015261
v -0.748254 0.905358 1.935964
v -0.804693 0.907695 1.845208
v -0.836964 0.911644 1.721456
v -0.855864 0.920947 1.574311
v -0.266824 0.905330 2.170596
v 0.926086 0.953255 1.464081
v 0.881070 0.941709 1.732700
v 0.908526 0.953255 1.524844
v 0.322462 0.936154 2.116416
v 0.495497 0.936154 2.065258
v 0.693350 0.936154 1.974312
v 0.800561 0.936153 1.894886
v 0.854299 0.936154 1.825478
v 0.495497 0.905358 2.101945
v 0.693350 0.905358 2.015261
v 0.803892 0.905358 1.935964
v 0.860331 0.907695 1.845208
v 0.892602 0.911644 1.721456
v 0.911502 0.920947 1.574311
v 0.322462 0.905330 2.170596
v -0.439859 0.665527 2.064259
v -0.614388 0.665527 1.981771
v -0.658885 0.665527 1.949574
v -0.658885 0.665527 1.909603
v 0.495497 0.665527 2.064259
v -0.631450 0.795211 2.020474
v -0.614388 0.665527 1.981771
v -0.681783 0.795211 1.988927
v -0.493954 0.795211 1.979567
v -0.681783 0.795211 1.895041
v -0.658885 0.665527 1.909603
v -0.493954 0.665527 1.994128
v 0.687088 0.795211 2.020474
v 0.670026 0.665527 1.981771
v 0.737421 0.795211 1.988927
v 0.714523 0.665527 1.949574
v 0.549592 0.795211 1.979567
v 0.737421 0.795211 1.895041
v 0.714523 0.665527 1.909603
v 0.549592 0.665527 1.994128
v -0.439859 0.829886 2.132590
v -0.637712 0.829886 2.050102
v -0.807121 0.824379 1.864782
v -0.365681 0.829886 2.154539
v -0.631450 0.795211 2.020474
v -0.730662 0.795211 1.955069
v -0.747188 0.829886 1.984698
v -0.681783 0.795211 1.988927
v -0.802516 0.795211 1.839740
v 0.495497 0.829886 2.132590
v 0.693350 0.829886 2.050102
v 0.862759 0.824379 1.864782
v 0.421319 0.829886 2.154539
v 0.687088 0.795211 2.020474
v 0.786300 0.795211 1.955069
v 0.802826 0.829886 1.984698
v 0.737421 0.795211 1.988927
v 0.858154 0.795211 1.839740
v 0.027819 0.627371 2.071807
v 0.027819 0.570014 2.112757
v 0.027819 0.618891 2.075302
v -0.365681 0.627371 2.071807
v -0.439859 0.627371 2.049858
v -0.608276 0.627370 1.967371
v -0.365681 0.570014 2.112757
v -0.365681 0.618891 2.071807
v -0.439859 0.618891 2.049858
v -0.608276 0.618891 1.967371
v -0.693898 0.627370 1.901966
v -0.608276 0.570014 2.021989
v -0.777657 0.627370 1.797200
v -0.702041 0.570014 1.940942
v 0.421319 0.627371 2.071807
v 0.495497 0.627371 2.049858
v 0.663914 0.627370 1.967371
v 0.421319 0.570014 2.112757
v 0.421319 0.618891 2.071807
v 0.495497 0.618891 2.049858
v 0.663914 0.618891 1.967371
v 0.749536 0.627370 1.901966
v 0.663914 0.570014 2.021989
v 0.833295 0.627370 1.797200
v 0.757679 0.570014 1.940942
v 0.663914 0.618891 1.967371
v 0.663914 0.570014 2.021989
v 0.467962 0.618891 2.019968
v 0.467962 0.570014 2.019968
v 0.645066 0.618891 1.915533
v 0.645066 0.570014 1.915533
v -0.608276 0.618891 1.967371
v -0.608276 0.570014 2.021989
v -0.412324 0.618891 2.019968
v -0.412324 0.570014 2.019968
v -0.589428 0.618891 1.915533
v -0.589428 0.570014 1.915533
v 0.027819 0.570014 2.112757
v 0.027819 0.534442 2.112757
v -0.850557 0.627370 1.578968
v -0.834463 0.627370 1.616539
v -0.836364 0.570014 1.578968
v -0.827343 0.534442 1.578968
v -0.365681 0.570014 2.112757
v -0.365681 0.534442 2.112757
v -0.439859 0.570014 2.093042
v -0.439859 0.534442 2.093042
v -0.608276 0.570014 2.021989
v -0.608276 0.534442 2.021989
v -0.777657 0.570014 1.816241
v -0.771065 0.534442 1.816241
v -0.777657 0.627370 1.797200
v -0.827116 0.570014 1.616539
v -0.818095 0.534442 1.616539
v -0.702041 0.570014 1.940942
v -0.702041 0.534442 1.940942
v 0.906195 0.627370 1.578968
v 0.890101 0.627370 1.616539
v 0.892002 0.570014 1.578968
v 0.882981 0.534442 1.578968
v 0.421319 0.570014 2.112757
v 0.421319 0.534442 2.112757
v 0.495497 0.570014 2.093042
v 0.495497 0.534442 2.093042
v 0.663914 0.570014 2.021989
v 0.663914 0.534442 2.021989
v 0.833295 0.570014 1.816241
v 0.826703 0.534442 1.816241
v 0.833295 0.627370 1.797200
v 0.882754 0.570014 1.616539
v 0.873733 0.534442 1.616539
v 0.757679 0.570014 1.940942
v 0.757679 0.534442 1.940942
v 0.467962 0.618891 2.019968
v 0.467962 0.570014 2.019968
v 0.645066 0.618891 1.915533
v 0.645066 0.570014 1.915533
v -0.412324 0.618891 2.019968
v -0.412324 0.570014 2.019968
v -0.589428 0.618891 1.915533
v -0.589428 0.570014 1.915533
v -0.365681 0.570014 2.112757
v -0.365681 0.618891 2.071807
v 0.421319 0.570014 2.112757
v 0.421319 0.618891 2.071807
v 0.495497 0.618891 2.049858
v 0.663914 0.618891 1.967371
v 0.495497 0.570014 2.093042
v 0.663914 0.570014 2.021989
v 0.467962 0.618891 2.019968
v 0.467962 0.570014 2.019968
v 0.645066 0.618891 1.915533
v 0.645066 0.570014 1.915533
v -0.439859 0.618891 2.049858
v -0.608276 0.618891 1.967371
v -0.439859 0.570014 2.093042
v -0.608276 0.570014 2.021989
v -0.412324 0.618891 2.019968
v -0.412324 0.570014 2.019968
v -0.589428 0.618891 1.915533
v -0.589428 0.570014 1.915533
v 0.421319 0.534442 2.112757
v 0.495497 0.534442 2.093042
v 0.663914 0.534442 2.021989
v 0.757679 0.534442 1.940942
v 0.826703 0.534442 1.816241
v 0.873733 0.534442 1.616539
v 0.882981 0.534442 1.578968
v 0.027819 0.534442 2.112757
v 0.027819 0.534442 1.578968
v 0.592424 0.534442 1.578968
v -0.365681 0.534442 2.112757
v -0.439859 0.534442 2.093042
v -0.608276 0.534442 2.021989
v -0.702041 0.534442 1.940942
v -0.771065 0.534442 1.816241
v -0.818095 0.534442 1.616539
v -0.827343 0.534442 1.578968
v -0.536786 0.534442 1.578968
v -0.287245 1.195710 -2.234561
v -0.287245 1.130944 -2.234561
v -0.192381 1.195710 -2.242861
v -0.192381 1.130944 -2.242861
v -0.030035 0.829686 -0.095897
v -0.030035 0.782656 0.024226
v -0.057114 0.829686 -0.095897
v -0.057114 0.782656 0.024226
v -0.057114 0.873872 0.069009
v -0.057114 0.847716 0.076017
v -0.030035 0.873872 0.069009
v -0.030035 0.847716 0.076017
v -0.057114 0.904966 0.185049
v -0.057114 0.878809 0.192058
v -0.030035 0.904966 0.185049
v -0.030035 0.878809 0.192058
v -0.057114 0.873872 0.069009
v -0.057114 0.847716 0.076017
v -0.030035 0.873872 0.069009
v -0.030035 0.847716 0.076017
v -0.343438 1.284390 0.400624
v -0.343438 1.299464 0.391484
v -0.343438 1.314160 0.399970
v -0.343438 1.313782 0.417594
v -0.343438 1.218928 0.581885
v -0.343438 1.251321 0.457901
v -0.578715 1.166957 0.332824
v -0.592482 1.174685 0.319442
v -0.637078 1.174685 0.319442
v -0.651696 1.166957 0.332824
v -0.533837 1.253832 0.382981
v -0.544309 1.266099 0.372222
v -0.575098 1.275952 0.377910
v -0.586923 1.272000 0.393472
v -0.489063 1.284390 0.400625
v -0.491806 1.299464 0.391484
v -0.497292 1.314160 0.399970
v -0.500035 1.313782 0.417594
v -0.651696 1.100356 0.448182
v -0.500035 1.218928 0.581885
v -0.489063 1.251321 0.457901
v -0.533837 1.220763 0.440259
v -0.578715 1.133888 0.390102
v -0.651696 1.133888 0.390102
v -0.586923 1.194659 0.527432
v -0.343438 1.251321 0.457901
v -0.489063 1.251321 0.457901
v -0.533837 1.220763 0.440259
v -0.578715 1.133888 0.390102
v -0.343438 1.133889 0.390102
v -0.108150 1.166957 0.332824
v -0.094392 1.174685 0.319442
v -0.049796 1.174685 0.319442
v -0.035179 1.166958 0.332824
v -0.153038 1.253832 0.382982
v -0.142566 1.266099 0.372222
v -0.111776 1.275952 0.377910
v -0.099951 1.272000 0.393472
v -0.197812 1.284390 0.400624
v -0.195069 1.299464 0.391484
v -0.189583 1.314160 0.399970
v -0.186839 1.313781 0.417595
v -0.035178 1.100356 0.448182
v -0.186839 1.218928 0.581885
v -0.197812 1.251321 0.457901
v -0.153037 1.220763 0.440259
v -0.108150 1.133888 0.390102
v -0.035178 1.133888 0.390102
v -0.099951 1.194659 0.527432
v -0.197812 1.251321 0.457901
v -0.153037 1.220763 0.440259
v -0.108150 1.133888 0.390102
v -0.108150 1.028242 0.329106
v -0.343438 1.028242 0.329106
v -0.651696 1.028242 0.329106
v -0.108150 1.133888 0.390102
v -0.343438 1.133889 0.390102
v -0.651696 1.133888 0.390102
v -0.578715 1.133888 0.390102
v -0.651696 1.100356 0.448182
v -0.651696 0.959537 0.448108
v -0.343438 0.959619 0.447965
v -0.108150 0.959537 0.448108
v -0.108150 1.100356 0.448182
v -0.108150 1.133888 0.390102
v -0.108150 1.100356 0.448182
v -0.035162 1.100356 0.448182
v -0.035161 1.133888 0.390102
v -0.668012 1.210974 0.298416
v -0.668012 1.187264 0.300909
v -0.668012 1.182308 0.324227
v -0.668012 1.202953 0.336146
v -0.668012 1.220670 0.320194
v -0.581017 1.187264 0.300909
v -0.581017 1.182308 0.324227
v -0.581017 1.202953 0.336146
v -0.581017 1.220670 0.320194
v -0.581017 1.210974 0.298416
v -0.018863 1.210974 0.298416
v -0.018863 1.187264 0.300909
v -0.018863 1.182308 0.324227
v -0.018863 1.202953 0.336146
v -0.018863 1.220670 0.320194
v -0.105857 1.187264 0.300909
v -0.105857 1.182308 0.324227
v -0.105857 1.202953 0.336146
v -0.105857 1.220670 0.320194
v -0.105857 1.210974 0.298416
v 0.647166 1.107636 0.450426
v 0.501755 1.107636 0.450426
v 0.647166 1.167085 0.500309
v 0.501755 1.167085 0.500309
v -0.029859 1.107636 0.450425
v -0.029859 1.167085 0.500309
v 0.113312 1.107636 0.450426
v 0.113312 1.167085 0.500309
v 0.233958 1.107636 0.450426
v 0.233958 1.167085 0.500309
v 0.113312 1.107636 0.450426
v 0.113312 1.167085 0.500309
v -0.086648 0.834921 0.650634
v 0.142286 0.834921 0.650634
v 0.142286 0.871061 -0.482667
v 0.142286 0.620068 -0.482667
v -0.086648 0.871061 -0.482667
v -0.086648 0.620068 -0.482667
v -0.066885 0.749373 0.119931
v -0.066885 0.620068 0.119931
v 0.122523 0.749373 0.119931
v 0.122523 0.620068 0.119931
v -0.086648 0.749373 0.292731
v -0.086648 0.620068 0.292731
v 0.142286 0.749373 0.292731
v 0.142286 0.620068 0.292731
v 0.142286 0.871061 -0.192462
v 0.142286 0.620068 -0.192462
v -0.086648 0.871061 -0.192462
v -0.086648 0.620068 -0.192462
v -0.086648 1.079054 0.423752
v 0.142286 1.079054 0.423752
v -0.086648 1.079054 0.448962
v -0.086648 0.620068 0.590949
v 0.142286 1.079054 0.448962
v 0.142286 0.620068 0.590949
v 0.379041 1.058374 2.033792
v 0.511728 1.064719 1.979800
v 0.703193 1.064719 1.883923
v 0.691829 0.949280 1.948678
v 0.511728 0.949280 2.037511
v 0.328166 0.949280 2.095063
v 0.382036 1.067796 2.044217
v 0.526510 1.075276 1.982792
v 0.707642 1.075276 1.893757
v 0.693350 0.936154 1.974312
v 0.495497 0.936154 2.065258
v 0.322462 0.936154 2.116416
v 0.379041 1.058374 2.033792
v 0.511728 1.064719 1.979800
v 0.703193 1.064719 1.883923
v 0.691829 0.949280 1.948678
v 0.511728 0.949280 2.037511
v 0.328166 0.949280 2.095063
v -0.323403 1.058374 2.033792
v -0.456090 1.064719 1.979800
v -0.647555 1.064719 1.883923
v -0.636191 0.949280 1.948678
v -0.456090 0.949280 2.037511
v -0.272528 0.949280 2.095063
v -0.326398 1.067796 2.044217
v -0.470872 1.075276 1.982792
v -0.652004 1.075276 1.893757
v -0.637712 0.936154 1.974312
v -0.439859 0.936154 2.065258
v -0.266824 0.936154 2.116416
v -0.323403 1.058374 2.033792
v -0.456090 1.064719 1.979800
v -0.647555 1.064719 1.883923
v -0.636191 0.949280 1.948678
v -0.456090 0.949280 2.037511
v -0.272528 0.949280 2.095063
v 0.707642 1.075276 1.893757
v 0.854299 0.936154 1.825478
v 0.800561 0.936153 1.894886
v 0.693350 0.936154 1.974312
v 0.722621 1.071931 1.858794
v 0.849474 1.009577 1.739796
v 0.708329 0.936154 1.936923
v 0.881070 0.941709 1.732700
v -0.652004 1.075276 1.893757
v -0.798661 0.936154 1.825478
v -0.744923 0.936153 1.894886
v -0.637712 0.936154 1.974312
v -0.666983 1.071931 1.858794
v -0.793836 1.009577 1.739796
v -0.652691 0.936154 1.936923
v -0.825432 0.941709 1.732700
v -0.081079 1.585722 0.167231
v -0.099922 1.518062 0.167231
v 0.136716 1.585722 0.167231
v 0.155560 1.518062 0.167231
v 0.136716 1.585722 0.155098
v 0.155560 1.518062 0.155098
v -0.081079 1.585722 0.155098
v -0.099922 1.518062 0.155098
v 0.136716 1.585722 0.155098
v 0.155560 1.518062 0.155098
v -0.081079 1.585722 0.155098
v -0.099922 1.518062 0.155098
v 0.013938 1.615385 0.093359
v 0.023850 1.585519 0.164790
v 0.041700 1.615385 0.093359
v 0.031788 1.585519 0.164790
v 0.041700 1.608880 0.058665
v 0.031788 1.585519 0.156850
v 0.013938 1.608880 0.058665
v 0.023850 1.585519 0.156850
v 0.989215 1.371189 0.298072
v 0.989215 1.287924 0.298072
v 0.989215 1.371189 0.257283
v 0.989215 1.287924 0.257283
v 0.781478 1.371189 0.311852
v 0.781478 1.278489 0.311852
v 0.805581 1.393062 0.399322
v 0.805581 1.255391 0.399322
v 0.805581 1.393062 0.305521
v 0.805581 1.255391 0.305521
v 0.961563 1.393062 0.313318
v 0.961563 1.271496 0.313318
v 0.961563 1.371189 0.330260
v 0.961564 1.393062 0.264547
v 0.961563 1.287924 0.330260
v 0.961564 1.271496 0.264547
v 0.781478 1.371189 0.438668
v 0.781478 1.278489 0.438668
v 0.989215 1.371189 0.257283
v 0.989215 1.287924 0.257283
v 0.781478 1.371189 0.311852
v 0.781478 1.278489 0.311852
v 0.805581 1.393062 0.305521
v 0.805581 1.255391 0.305521
v 0.961564 1.393062 0.264547
v 0.961564 1.271496 0.264547
v -0.933577 1.371189 0.298072
v -0.933577 1.287924 0.298072
v -0.933577 1.371189 0.257283
v -0.933577 1.287924 0.257283
v -0.725840 1.371189 0.311852
v -0.725840 1.278489 0.311852
v -0.749943 1.393062 0.399322
v -0.749943 1.255391 0.399322
v -0.749943 1.393062 0.305521
v -0.749943 1.255391 0.305521
v -0.905925 1.393062 0.313318
v -0.905925 1.271496 0.313318
v -0.905925 1.371189 0.330260
v -0.905926 1.393062 0.264547
v -0.905925 1.287924 0.330260
v -0.905926 1.271496 0.264547
v -0.725840 1.371189 0.438668
v -0.725840 1.278489 0.438668
v -0.933577 1.371189 0.257283
v -0.933577 1.287924 0.257283
v -0.725840 1.371189 0.311852
v -0.725840 1.278489 0.311852
v -0.749943 1.393062 0.305521
v -0.749943 1.255391 0.305521
v -0.905926 1.393062 0.264547
v -0.905926 1.271496 0.264547
v 0.753110 1.318521 0.445117
v 0.779537 1.253622 0.540902
v 0.842971 1.318521 0.362875
v 0.842971 1.264030 0.362875
v 0.752277 1.318521 0.372874
v 0.777875 1.253622 0.372874
v -0.697472 1.318521 0.445117
v -0.723899 1.253622 0.540902
v -0.787333 1.318521 0.362875
v -0.787333 1.264030 0.362875
v -0.696639 1.318521 0.372874
v -0.722237 1.253622 0.372874
v 0.702429 1.379496 0.369660
v 0.757868 1.242762 0.566470
v 0.728819 1.379496 0.369660
v 0.785699 1.242762 0.566470
v 0.783620 1.243449 0.369660
v 0.754370 1.243449 0.369660
v -0.646791 1.379496 0.369660
v -0.702230 1.242762 0.566470
v -0.673181 1.379496 0.369660
v -0.730061 1.242762 0.566470
v -0.727982 1.243449 0.369660
v -0.698732 1.243449 0.369660
v -0.290876 1.185108 0.418371
v -0.279335 1.185108 0.418371
v -0.290876 1.195103 0.424141
v -0.279335 1.195103 0.424141
v -0.407592 1.185108 0.418371
v -0.396051 1.185108 0.418371
v -0.407592 1.195103 0.424141
v -0.396051 1.195103 0.424141
v 0.747132 1.255378 0.645680
v 0.655962 1.452947 0.333359
v 0.560196 1.609449 0.068913
v 0.607975 1.595488 0.003866
v 0.707661 1.430722 0.292804
v 0.784652 1.242931 0.566352
v 0.761077 1.282342 -0.625217
v 0.687940 1.460810 -0.560658
v 0.563948 1.636523 -0.489442
v 0.563948 1.636523 -0.538442
v 0.681349 1.460810 -0.611132
v 0.759798 1.282777 -0.671327
v 0.754873 1.286189 -1.143282
v 0.684960 1.450863 -0.968428
v 0.563948 1.636523 -0.755277
v 0.523416 1.625692 -0.992935
v 0.629330 1.468595 -1.233045
v 0.695986 1.321920 -1.478114
v 0.721009 1.255378 0.645680
v 0.630951 1.452947 0.333359
v 0.535185 1.609449 0.068913
v 0.582964 1.595488 0.003866
v 0.682650 1.430722 0.292804
v 0.758219 1.242931 0.566352
v 0.734671 1.282342 -0.625217
v 0.662929 1.460810 -0.560658
v 0.538937 1.636523 -0.489442
v 0.538937 1.636523 -0.538442
v 0.656338 1.460810 -0.611132
v 0.730240 1.282777 -0.671327
v 0.725374 1.286189 -1.143909
v 0.659950 1.450863 -0.968428
v 0.538937 1.636523 -0.755277
v 0.498405 1.625692 -0.961532
v 0.604319 1.468595 -1.201641
v 0.673220 1.310519 -1.372083
v 0.027819 1.629967 0.173780
v 0.294686 1.625514 0.149392
v 0.580476 1.627404 -0.098753
v 0.027819 1.648525 -1.023402
v 0.278729 1.646397 -1.013258
v 0.027819 1.627404 -0.098753
v 0.027819 1.636523 -0.489461
v 0.027819 1.636523 -0.755277
v 0.027819 1.595488 0.003866
v -0.691494 1.255378 0.645680
v -0.600324 1.452947 0.333359
v -0.504558 1.609449 0.068913
v -0.552337 1.595488 0.003866
v -0.652023 1.430722 0.292804
v -0.729014 1.242931 0.566352
v -0.705439 1.282342 -0.625217
v -0.632302 1.460810 -0.560658
v -0.508310 1.636523 -0.489442
v -0.508310 1.636523 -0.538442
v -0.625711 1.460810 -0.611132
v -0.704160 1.282777 -0.671327
v -0.699235 1.286189 -1.143282
v -0.629322 1.450863 -0.968428
v -0.508310 1.636523 -0.755277
v -0.467778 1.625692 -0.992935
v -0.573692 1.468595 -1.233045
v -0.640348 1.321920 -1.478114
v -0.665371 1.255378 0.645680
v -0.575313 1.452947 0.333359
v -0.479547 1.609449 0.068913
v -0.527326 1.595488 0.003866
v -0.627012 1.430722 0.292804
v -0.702581 1.242931 0.566352
v -0.679033 1.282342 -0.625217
v -0.607291 1.460810 -0.560658
v -0.483299 1.636523 -0.489442
v -0.483299 1.636523 -0.538442
v -0.600700 1.460810 -0.611132
v -0.674602 1.282777 -0.671327
v -0.669736 1.286189 -1.143909
v -0.604312 1.450863 -0.968428
v -0.483299 1.636523 -0.755277
v -0.442767 1.625692 -0.961532
v -0.548681 1.468595 -1.201641
v -0.617582 1.310519 -1.372083
v -0.239048 1.625514 0.149392
v -0.524838 1.627404 -0.098753
v -0.223091 1.646397 -1.013258
v 0.027819 1.294850 0.870022
v 0.027819 0.631368 0.577278
v 0.027819 1.100382 0.447005
v 0.027819 1.213997 0.542127
v 0.027819 0.837387 0.642492
v 0.027819 0.957102 0.447005
v 0.027819 0.665838 0.598595
v 0.348172 1.285730 0.840385
v 0.571082 1.274782 0.788501
v 0.722329 1.259274 0.701322
v 0.747132 1.255378 0.645680
v 0.707758 0.957102 0.447005
v 0.666395 0.631368 0.577278
v 0.758219 1.242931 0.566352
v 0.721009 1.255378 0.645680
v 0.707758 1.100382 0.447005
v 0.584603 1.213997 0.542127
v 0.707758 0.837387 0.642492
v 0.707758 0.665838 0.598595
v -0.292534 1.285730 0.840385
v -0.515444 1.274782 0.788501
v -0.666691 1.259274 0.701322
v -0.691494 1.255378 0.645680
v -0.652120 0.957102 0.447005
v -0.610757 0.631368 0.577278
v -0.702581 1.242931 0.566352
v -0.665371 1.255378 0.645680
v -0.652120 1.100382 0.447005
v -0.528965 1.213997 0.542127
v -0.652120 0.837387 0.642492
v -0.652120 0.665838 0.598595
v 0.027819 0.631368 -0.550944
v 0.027819 0.631368 0.577278
v 0.027819 0.631368 -0.792996
v 0.027819 1.307102 -1.340298
v 0.027819 1.350417 -1.693261
v 0.759798 1.282777 -0.671327
v 0.754873 1.286189 -1.143282
v 0.666395 0.631368 -0.550944
v 0.707758 0.957102 -0.664832
v 0.776042 0.957102 -0.664832
v 0.775372 1.166077 -0.657982
v 0.666395 0.631368 0.577278
v 0.734671 1.282342 -0.625217
v 0.666395 0.631368 -0.792996
v 0.666395 1.307102 -1.340298
v 0.695986 1.321920 -1.478114
v 0.525980 1.333318 -1.619855
v 0.248483 1.344717 -1.682318
v 0.200579 1.307102 -1.340298
v 0.518910 1.307102 -1.340298
v 0.666395 1.307102 -1.176781
v 0.666395 0.858905 -0.949694
v 0.666395 0.858905 -0.654971
v 0.725374 1.286189 -1.143909
v 0.730240 1.282777 -0.671327
v 0.707758 0.665837 -0.565669
v 0.707758 0.665838 0.598595
v 0.666395 0.744010 -0.654971
v 0.673220 1.310519 -1.372083
v 0.648441 1.326760 -1.541734
v -0.704160 1.282777 -0.671327
v -0.699235 1.286189 -1.143282
v -0.610757 0.631368 -0.550944
v -0.652120 0.957102 -0.664832
v -0.720404 0.957102 -0.664832
v -0.719734 1.166077 -0.657982
v -0.610757 0.631368 0.577278
v -0.679033 1.282342 -0.625217
v -0.610757 0.631368 -0.792996
v -0.610757 1.307102 -1.340298
v -0.640348 1.321920 -1.478114
v -0.470342 1.333318 -1.619855
v -0.192845 1.344717 -1.682318
v -0.144941 1.307102 -1.340298
v -0.463272 1.307102 -1.340298
v -0.610757 1.307102 -1.176781
v -0.610757 0.858905 -0.949694
v -0.610757 0.858905 -0.654971
v -0.669736 1.286189 -1.143909
v -0.674602 1.282777 -0.671327
v -0.652120 0.665837 -0.565669
v -0.652120 0.665838 0.598595
v -0.610757 0.744010 -0.654971
v -0.617582 1.310519 -1.372083
v -0.592803 1.326760 -1.541734
v 0.784652 1.242931 0.566352
v 0.761077 1.282342 -0.625217
v 0.707758 0.957102 -0.664832
v 0.776042 0.957102 -0.664832
v 0.775372 1.166077 -0.657982
v 0.775838 1.100382 0.447005
v 0.776042 0.957102 0.447005
v 0.707758 0.957102 0.447005
v 0.734671 1.282342 -0.625217
v 0.758219 1.242931 0.566352
v 0.707758 0.665837 -0.565669
v 0.707758 0.665838 0.598595
v 0.707758 0.957102 -0.664832
v 0.776042 0.957102 -0.664832
v 0.776042 0.957102 0.447005
v 0.707758 0.957102 0.447005
v 0.775838 1.100382 0.447005
v 0.776042 0.957102 0.447005
v 0.707758 0.957102 0.447005
v 0.758219 1.242931 0.566352
v 0.707758 1.100382 0.447005
v -0.729014 1.242931 0.566352
v -0.705439 1.282342 -0.625217
v -0.652120 0.957102 -0.664832
v -0.720404 0.957102 -0.664832
v -0.719734 1.166077 -0.657982
v -0.720200 1.100382 0.447005
v -0.720404 0.957102 0.447005
v -0.652120 0.957102 0.447005
v -0.679033 1.282342 -0.625217
v -0.702581 1.242931 0.566352
v -0.652120 0.665837 -0.565669
v -0.652120 0.665838 0.598595
v -0.652120 0.957102 -0.664832
v -0.720404 0.957102 -0.664832
v -0.720404 0.957102 0.447005
v -0.652120 0.957102 0.447005
v -0.720200 1.100382 0.447005
v -0.720404 0.957102 0.447005
v -0.652120 0.957102 0.447005
v -0.702581 1.242931 0.566352
v -0.652120 1.100382 0.447005
v -0.142775 0.877759 2.161212
v -0.142775 0.710188 2.100221
v 0.198413 0.877759 2.161212
v 0.198413 0.710188 2.100221
v 0.198413 0.880626 2.153333
v 0.198413 0.713056 2.092343
v -0.142775 0.880626 2.153333
v -0.142775 0.713056 2.092343
v 0.198413 0.939317 -2.260449
v 0.198413 0.763701 -2.291414
v -0.142775 0.939317 -2.260449
v -0.142775 0.763701 -2.291414
v -0.142775 0.937861 -2.252192
v -0.142775 0.762245 -2.283157
v 0.198413 0.937861 -2.252192
v 0.198413 0.762245 -2.283157
v 0.610640 1.257253 -2.176170
v 0.459225 1.257253 -2.191905
v 0.610640 1.228107 -2.195851
v 0.459225 1.228107 -2.211586
v -0.039310 0.758020 -0.480795
v -0.080536 0.628421 -0.480795
v 0.094948 0.758020 -0.480795
v 0.136174 0.628421 -0.480795
v 0.094948 0.758020 -0.656004
v 0.136174 0.628421 -0.798998
v -0.039310 0.758020 -0.656004
v -0.080536 0.628421 -0.798998
v -0.161615 0.682337 0.450435
v -0.161615 0.618360 0.450435
v -0.202247 0.682337 0.450435
v -0.202247 0.618360 0.450435
v -0.202247 0.817248 0.590284
v -0.202247 0.618360 0.590284
v -0.131192 0.817248 0.590284
v -0.131192 0.618360 0.590284
v -0.547200 0.819776 0.568713
v -0.581507 0.815557 0.564494
v -0.583369 0.684699 0.433635
v -0.540151 0.786376 0.535313
v -0.594651 0.786376 0.535313
v -0.524336 0.692691 0.441628
v -0.540151 0.719225 0.468161
v -0.594651 0.719225 0.468161
v -0.594651 0.692691 0.441628
v -0.530224 0.684699 0.433635
v -0.242022 0.763659 0.513750
v -0.242022 0.757101 0.520308
v -0.307609 0.763659 0.513750
v -0.307609 0.757101 0.520308
v -0.307609 0.815064 0.565155
v -0.307609 0.808506 0.571712
v -0.242022 0.815064 0.565155
v -0.242022 0.808506 0.571712
v -0.399733 0.763659 0.513750
v -0.399733 0.757101 0.520308
v -0.465321 0.763659 0.513750
v -0.465321 0.757101 0.520308
v -0.465321 0.815064 0.565155
v -0.465321 0.808506 0.571712
v -0.399733 0.815064 0.565155
v -0.399733 0.808506 0.571712
v -0.547200 0.819776 0.568713
v -0.581507 0.815557 0.564494
v -0.583369 0.684699 0.433635
v -0.540151 0.786376 0.535313
v -0.594651 0.786376 0.535313
v -0.524336 0.692691 0.441628
v -0.540151 0.719225 0.468161
v -0.594651 0.719225 0.468161
v -0.594651 0.692691 0.441628
v -0.530224 0.684699 0.433635
v 0.843291 0.878304 -2.092580
v 0.843291 1.028935 -2.118711
v 0.843291 1.005593 -2.121065
v 0.805403 1.005593 -2.209006
v 0.027819 1.005565 -2.301714
v 0.239874 1.005565 -2.301714
v 0.450411 1.005593 -2.285803
v 0.641882 1.005593 -2.263803
v 0.746007 1.005593 -2.243423
v 0.805403 0.882916 -2.197905
v 0.746007 0.882916 -2.232322
v 0.641882 0.882916 -2.252701
v 0.450411 0.882916 -2.274701
v 0.285304 0.938553 -2.295650
v 0.027819 0.938553 -2.295649
v 0.285304 0.882894 -2.287181
v 0.785839 0.793802 -2.079257
v 0.794366 0.768887 -2.075556
v 0.758839 0.712933 -2.068449
v 0.027819 0.800711 -2.247747
v 0.285304 0.800718 -2.244317
v 0.450411 0.800740 -2.231837
v 0.567272 0.800740 -2.209837
v 0.671397 0.800740 -2.189457
v 0.730793 0.800740 -2.155041
v 0.027819 0.766073 -2.280609
v 0.285304 0.766079 -2.277178
v 0.450411 0.766102 -2.264699
v 0.580595 0.766102 -2.242699
v 0.684720 0.766102 -2.222319
v 0.744116 0.766102 -2.187903
v 0.027819 0.815571 -2.255507
v 0.285304 0.815571 -2.252078
v 0.027819 0.720777 -2.247747
v 0.285304 0.720783 -2.244317
v 0.450411 0.720806 -2.231837
v 0.567272 0.720806 -2.209837
v 0.671397 0.720806 -2.189457
v 0.730793 0.720806 -2.155041
v 0.782450 1.028935 -2.188378
v 0.027819 1.028935 -2.240979
v 0.450411 1.028935 -2.222432
v 0.239874 1.028935 -2.240979
v 0.639551 1.028935 -2.203034
v 0.805403 1.005593 -2.209006
v 0.027819 1.005565 -2.301714
v 0.239874 1.005565 -2.301714
v 0.450411 1.005593 -2.285803
v 0.641882 1.005593 -2.263803
v 0.746007 1.005593 -2.243423
v 0.785839 0.793802 -2.079257
v 0.794366 0.768887 -2.075556
v 0.027819 0.800711 -2.247747
v 0.285304 0.800718 -2.244317
v 0.450411 0.800740 -2.231837
v 0.567272 0.800740 -2.209837
v 0.671397 0.800740 -2.189457
v 0.730793 0.800740 -2.155041
v 0.027819 0.766073 -2.280609
v 0.285304 0.766079 -2.277178
v 0.450411 0.766102 -2.264699
v 0.580595 0.766102 -2.242699
v 0.684720 0.766102 -2.222319
v 0.744116 0.766102 -2.187903
v -0.787653 0.878304 -2.092580
v -0.787653 1.028935 -2.118711
v -0.787653 1.005593 -2.121065
v -0.749765 1.005593 -2.209006
v -0.184236 1.005565 -2.301714
v -0.394773 1.005593 -2.285803
v -0.586244 1.005593 -2.263803
v -0.690369 1.005593 -2.243423
v -0.749765 0.882916 -2.197905
v -0.690369 0.882916 -2.232322
v -0.586244 0.882916 -2.252701
v -0.394773 0.882916 -2.274701
v -0.229666 0.938553 -2.295650
v -0.229666 0.882894 -2.287181
v -0.730201 0.793802 -2.079257
v -0.738728 0.768887 -2.075556
v -0.703201 0.712933 -2.068449
v -0.229666 0.800718 -2.244317
v -0.394773 0.800740 -2.231837
v -0.511634 0.800740 -2.209837
v -0.615759 0.800740 -2.189457
v -0.675155 0.800740 -2.155041
v -0.229666 0.766079 -2.277178
v -0.394773 0.766102 -2.264699
v -0.524957 0.766102 -2.242699
v -0.629082 0.766102 -2.222319
v -0.688478 0.766102 -2.187903
v -0.229666 0.815571 -2.252078
v -0.229666 0.720783 -2.244317
v -0.394773 0.720806 -2.231837
v -0.511634 0.720806 -2.209837
v -0.615759 0.720806 -2.189457
v -0.675155 0.720806 -2.155041
v -0.726812 1.028935 -2.188378
v -0.394773 1.028935 -2.222432
v -0.184236 1.028935 -2.240979
v -0.583913 1.028935 -2.203034
v -0.749765 1.005593 -2.209006
v -0.184236 1.005565 -2.301714
v -0.394773 1.005593 -2.285803
v -0.586244 1.005593 -2.263803
v -0.690369 1.005593 -2.243423
v -0.730201 0.793802 -2.079257
v -0.738728 0.768887 -2.075556
v -0.229666 0.800718 -2.244317
v -0.394773 0.800740 -2.231837
v -0.511634 0.800740 -2.209837
v -0.615759 0.800740 -2.189457
v -0.675155 0.800740 -2.155041
v -0.229666 0.766079 -2.277178
v -0.394773 0.766102 -2.264699
v -0.524957 0.766102 -2.242699
v -0.629082 0.766102 -2.222319
v -0.688478 0.766102 -2.187903
v 0.027819 0.712933 -2.068449
v 0.027819 0.720777 -2.247747
v 0.285304 0.720783 -2.244317
v 0.450411 0.720806 -2.231837
v 0.567272 0.720806 -2.209837
v 0.671397 0.720806 -2.189457
v 0.730793 0.720806 -2.155041
v 0.758839 0.712933 -2.068449
v -0.229666 0.720783 -2.244317
v -0.394773 0.720806 -2.231837
v -0.511634 0.720806 -2.209837
v -0.615759 0.720806 -2.189457
v -0.675155 0.720806 -2.155041
v -0.703201 0.712933 -2.068449
v 0.285304 0.938553 -2.295650
v 0.285304 0.882894 -2.287181
v 0.285304 0.815571 -2.252078
v 0.201268 0.938553 -2.295650
v 0.201268 0.815571 -2.253194
v 0.201268 0.882927 -2.287180
v -0.229666 0.938553 -2.295650
v -0.229666 0.882894 -2.287181
v -0.229666 0.815571 -2.252078
v -0.145630 0.938553 -2.295650
v -0.145630 0.815571 -2.253194
v -0.145630 0.882927 -2.287180
v 0.285304 0.938553 -2.295650
v 0.285304 0.882894 -2.287181
v 0.285304 0.815571 -2.252078
v 0.285304 0.938553 -2.252078
v 0.285304 0.815571 -2.252078
v 0.201268 0.938553 -2.295650
v 0.202647 0.938553 -2.252078
v 0.201268 0.815571 -2.253194
v 0.201268 0.882927 -2.287180
v -0.229666 0.938553 -2.295650
v -0.229666 0.882894 -2.287181
v -0.229666 0.815571 -2.252078
v -0.229666 0.938553 -2.252078
v -0.229666 0.815571 -2.252078
v -0.145630 0.938553 -2.295650
v -0.147009 0.938553 -2.252078
v -0.145630 0.815571 -2.253194
v -0.145630 0.882927 -2.287180
v 0.331189 1.603921 -0.522826
v 0.331189 1.596715 -0.563698
v 0.500246 1.481757 -0.501285
v 0.300312 1.469354 -0.571625
v 0.500246 1.428891 -0.491962
v 0.120883 1.406344 -0.420856
v 0.120883 1.393941 -0.491194
v 0.469369 1.603921 -0.522826
v 0.469369 1.596715 -0.563698
v 0.157340 1.266297 -0.414246
v 0.157340 1.254614 -0.480501
v 0.540942 1.336772 -0.475721
v 0.120883 1.364529 -0.413483
v 0.120883 1.352126 -0.483822
v 0.300312 1.416489 -0.562303
v 0.226088 1.463137 -0.498002
v 0.226088 1.450735 -0.568341
v 0.300312 1.481757 -0.501285
v 0.280797 1.562124 -0.515456
v 0.280797 1.553164 -0.566263
v 0.259615 1.336772 -0.475721
v 0.300312 1.428891 -0.491962
v 0.540942 0.724936 -0.367837
v 0.157358 0.796108 -0.279283
v 0.157358 0.777896 -0.382568
v 0.259615 0.712533 -0.438176
v 0.259615 0.724936 -0.367837
v 0.679674 1.406344 -0.420856
v 0.679674 1.393941 -0.491194
v 0.643217 1.266297 -0.414246
v 0.643217 1.254614 -0.480501
v 0.679674 1.364529 -0.413483
v 0.679674 1.352126 -0.483822
v 0.574469 1.463137 -0.498002
v 0.574469 1.450735 -0.568341
v 0.500246 1.469354 -0.571625
v 0.519760 1.562124 -0.515456
v 0.519760 1.553164 -0.566263
v 0.500246 1.416489 -0.562303
v 0.643198 0.796108 -0.279283
v 0.643198 0.777896 -0.382568
v 0.540942 0.712533 -0.438176
v 0.500246 1.481757 -0.501285
v 0.500246 1.469354 -0.571625
v 0.500246 1.428891 -0.491962
v 0.500246 1.416489 -0.562303
v 0.300312 1.481757 -0.501285
v 0.300312 1.469354 -0.571625
v 0.300312 1.428891 -0.491962
v 0.300312 1.416489 -0.562303
v -0.275551 1.603921 -0.522826
v -0.275551 1.596715 -0.563698
v -0.444608 1.481757 -0.501285
v -0.244674 1.469354 -0.571625
v -0.444608 1.428891 -0.491962
v -0.065245 1.406344 -0.420856
v -0.065245 1.393941 -0.491194
v -0.413731 1.603921 -0.522826
v -0.413731 1.596715 -0.563698
v -0.101702 1.266297 -0.414246
v -0.101702 1.254614 -0.480501
v -0.485304 1.336772 -0.475721
v -0.065245 1.364529 -0.413483
v -0.065245 1.352126 -0.483822
v -0.244674 1.416489 -0.562303
v -0.170450 1.463137 -0.498002
v -0.170450 1.450735 -0.568341
v -0.244674 1.481757 -0.501285
v -0.225159 1.562124 -0.515456
v -0.225159 1.553164 -0.566263
v -0.203977 1.336772 -0.475721
v -0.244674 1.428891 -0.491962
v -0.485304 0.724936 -0.367837
v -0.101720 0.796108 -0.279283
v -0.101720 0.777896 -0.382568
v -0.203977 0.712533 -0.438176
v -0.203977 0.724936 -0.367837
v -0.624036 1.406344 -0.420856
v -0.624036 1.393941 -0.491194
v -0.587579 1.266297 -0.414246
v -0.587579 1.254614 -0.480501
v -0.624036 1.364529 -0.413483
v -0.624036 1.352126 -0.483822
v -0.518831 1.463137 -0.498002
v -0.518831 1.450735 -0.568341
v -0.444608 1.469354 -0.571625
v -0.464122 1.562124 -0.515456
v -0.464122 1.553164 -0.566263
v -0.444608 1.416489 -0.562303
v -0.587560 0.796108 -0.279283
v -0.587560 0.777896 -0.382568
v -0.485304 0.712533 -0.438176
v -0.444608 1.481757 -0.501285
v -0.444608 1.469354 -0.571625
v -0.444608 1.428891 -0.491962
v -0.444608 1.416489 -0.562303
v -0.244674 1.481757 -0.501285
v -0.244674 1.469354 -0.571625
v -0.244674 1.428891 -0.491962
v -0.244674 1.416489 -0.562303
v 0.546008 0.725612 0.139948
v 0.147473 0.767708 0.082395
v 0.147473 0.630360 0.082395
v 0.254549 0.630360 -0.438632
v 0.546008 0.630360 -0.438632
v 0.254549 0.725612 0.139948
v 0.546008 0.725595 -0.438599
v 0.546008 0.630360 0.139948
v 0.118754 0.787273 -0.231069
v 0.118754 0.630360 -0.231069
v 0.254549 0.725595 -0.438599
v 0.254549 0.630360 0.139948
v 0.653085 0.767708 0.082395
v 0.653085 0.630360 0.082395
v 0.681802 0.787273 -0.231069
v 0.681802 0.630360 -0.231069
v -0.490370 0.725612 0.139948
v -0.091835 0.767708 0.082395
v -0.091835 0.630360 0.082395
v -0.198911 0.630360 -0.438632
v -0.490370 0.630360 -0.438632
v -0.198911 0.725612 0.139948
v -0.490370 0.725595 -0.438599
v -0.490370 0.630360 0.139948
v -0.063116 0.787273 -0.231069
v -0.063116 0.630360 -0.231069
v -0.198911 0.725595 -0.438599
v -0.198911 0.630360 0.139948
v -0.597447 0.767708 0.082395
v -0.597447 0.630360 0.082395
v -0.626164 0.787273 -0.231069
v -0.626164 0.630360 -0.231069
v 0.027819 0.875146 -0.887819
v 0.666395 0.858905 -0.949694
v 0.200579 0.781148 -0.996742
v 0.518910 0.781148 -0.996742
v 0.027819 0.875146 -0.654971
v 0.666395 0.858905 -0.654971
v 0.200579 0.837697 -0.654971
v 0.518910 0.837697 -0.654971
v 0.027819 0.744010 -0.654971
v 0.666395 0.744010 -0.654971
v 0.518910 0.744010 -0.654971
v 0.666395 0.631368 -0.792996
v 0.130124 0.875146 -0.887819
v 0.130124 0.875146 -0.654971
v 0.200579 0.744010 -0.654971
v 0.027819 0.631368 -0.792996
v 0.027819 1.307102 -1.340298
v 0.200579 1.307102 -1.340298
v 0.518910 1.307102 -1.340298
v 0.027819 1.307102 -1.176781
v 0.200579 1.307102 -1.176781
v 0.518910 1.307102 -1.176780
v 0.027819 0.875146 -0.887819
v 0.666395 0.858905 -0.949694
v 0.200579 0.781148 -0.996742
v 0.518910 0.781148 -0.996742
v 0.027819 1.143014 -1.006416
v 0.130124 1.143014 -1.006416
v 0.130124 0.875146 -0.887819
v 0.027819 1.352607 -1.292630
v 0.666395 1.307102 -1.340298
v 0.200579 1.352607 -1.292630
v 0.518910 1.352607 -1.292630
v 0.027819 1.352607 -1.230100
v 0.666395 1.307102 -1.176781
v 0.200579 1.352607 -1.230100
v 0.518910 1.352607 -1.230100
v -0.610757 0.858905 -0.949694
v -0.144941 0.781148 -0.996742
v -0.463272 0.781148 -0.996742
v -0.610757 0.858905 -0.654971
v -0.144941 0.837697 -0.654971
v -0.463272 0.837697 -0.654971
v -0.610757 0.744010 -0.654971
v -0.463272 0.744010 -0.654971
v -0.610757 0.631368 -0.792996
v -0.074486 0.875146 -0.887819
v -0.074486 0.875146 -0.654971
v -0.144941 0.744010 -0.654971
v -0.144941 1.307102 -1.340298
v -0.463272 1.307102 -1.340298
v -0.144941 1.307102 -1.176781
v -0.463272 1.307102 -1.176780
v -0.610757 0.858905 -0.949694
v -0.144941 0.781148 -0.996742
v -0.463272 0.781148 -0.996742
v -0.074486 1.143014 -1.006416
v -0.074486 0.875146 -0.887819
v -0.610757 1.307102 -1.340298
v -0.144941 1.352607 -1.292630
v -0.463272 1.352607 -1.292630
v -0.610757 1.307102 -1.176781
v -0.144941 1.352607 -1.230100
v -0.463272 1.352607 -1.230100
v 0.014238 0.956994 0.183207
v 0.002391 0.956994 0.206314
v 0.014238 0.956994 0.232863
v 0.041813 0.956994 0.232863
v 0.053664 0.956994 0.206314
v 0.041813 0.956994 0.183207
v 0.007236 0.826605 0.206097
v 0.014238 0.826605 0.224465
v 0.041813 0.826605 0.224465
v 0.048819 0.826605 0.206097
v 0.041813 0.826605 0.187728
v 0.014238 0.826605 0.187728
v 0.014238 0.942277 0.177156
v -0.004870 0.942277 0.211232
v 0.014238 0.942277 0.248261
v 0.041813 0.942277 0.248261
v 0.060926 0.942277 0.211232
v 0.041813 0.942277 0.177156
v 0.007236 0.863955 0.206097
v 0.014238 0.863955 0.224465
v 0.041813 0.863955 0.224465
v 0.048819 0.863955 0.206097
v 0.041813 0.863955 0.187728
v 0.014238 0.863955 0.187728
v 0.003023 0.828725 0.231425
v -0.042535 0.742615 0.276983
v 0.053033 0.828725 0.231425
v 0.098590 0.742615 0.276983
v 0.053033 0.828725 0.181415
v 0.098590 0.742615 0.135858
v 0.003023 0.828725 0.181415
v -0.042535 0.742615 0.135858
v -0.375485 1.111596 0.188944
v -0.311499 1.111596 0.188944
v -0.420730 1.131164 0.200242
v -0.420730 1.194326 0.236707
v -0.375485 1.213894 0.248005
v -0.311499 1.213894 0.248005
v -0.266254 1.194326 0.236707
v -0.266254 1.131164 0.200242
v -0.311499 1.021709 0.344632
v -0.375485 1.021709 0.344632
v -0.420730 1.041278 0.355930
v -0.420730 1.104439 0.392396
v -0.375485 1.124008 0.403693
v -0.311499 1.124008 0.403693
v -0.266254 1.104439 0.392396
v -0.266254 1.041278 0.355930
v -0.420557 1.157260 0.251196
v -0.420557 1.157260 0.238560
v -0.420557 1.168203 0.244879
v -0.515802 1.157260 0.238560
v -0.515802 1.168202 0.244879
v -0.515801 1.157260 0.251196
v -0.625091 0.597923 -2.135438
v 0.379846 0.732086 -2.156241
v -0.647523 0.620116 -2.156241
v 0.379846 0.732086 -1.759096
v 0.379846 0.620116 -1.759096
v 0.356770 0.597923 -2.135438
v 0.356770 0.597923 -1.780101
v 0.379846 0.620116 -2.156241
v -0.647523 0.732086 -1.759096
v -0.647523 0.732086 -2.156241
v -0.647523 0.620116 -1.759096
v -0.625091 0.597923 -1.780101
v -0.541378 1.270138 -2.168016
v -0.389964 1.270138 -2.183750
v -0.541378 1.240991 -2.187696
v -0.389964 1.240991 -2.203431
v -0.023205 1.389865 -1.605038
v -0.023205 1.339864 -1.623043
v 0.078843 1.348778 -1.692072
v -0.023205 1.348778 -1.692072
v 0.078843 1.389865 -1.605038
v 0.078843 1.339864 -1.623043
v 0.027819 1.350381 -1.693455
v 0.027819 1.432934 -1.987582
v 0.027819 1.407338 -1.955277
v 0.027819 1.488117 -2.194226
v 0.027819 1.432934 -2.113305
v 0.027819 1.407338 -2.159532
v 0.027819 1.454906 -2.187643
v -0.659942 1.313435 -1.841009
v -0.637953 1.300964 -1.841009
v -0.651061 1.313435 -2.113348
v -0.629071 1.300964 -2.113348
v -0.571531 1.432934 -1.987582
v -0.571531 1.407338 -1.955277
v -0.593676 1.419792 -1.970628
v -0.593676 1.419792 -2.159532
v -0.494612 1.488117 -2.194226
v -0.571531 1.432934 -2.113305
v -0.571531 1.407338 -2.159532
v -0.571531 1.454906 -2.187643
v 0.715580 1.313435 -1.841009
v 0.693591 1.300964 -1.841009
v 0.706699 1.313435 -2.113348
v 0.684709 1.300964 -2.113348
v 0.627169 1.432934 -1.987582
v 0.627169 1.407338 -1.955277
v 0.649314 1.419792 -1.970628
v 0.649314 1.419792 -2.159532
v 0.550250 1.488117 -2.194226
v 0.627169 1.432934 -2.113305
v 0.627169 1.407338 -2.159532
v 0.627169 1.454906 -2.187643
v 0.572600 1.413305 -2.013283
v 0.572600 1.281467 -1.956662
v 0.593389 1.413305 -2.013283
v 0.593389 1.281467 -1.956662
v 0.593389 1.413305 -2.132824
v 0.593389 1.281467 -2.076203
v 0.572600 1.413305 -2.132824
v 0.572600 1.281467 -2.076203
v -0.516962 1.413305 -2.013283
v -0.516962 1.281467 -1.956662
v -0.537751 1.413305 -2.013283
v -0.537751 1.281467 -1.956662
v -0.537751 1.413305 -2.132824
v -0.537751 1.281467 -2.076203
v -0.516962 1.413305 -2.132824
v -0.516962 1.281467 -2.076203
v 0.669115 1.302001 0.714513
v 0.671304 1.288526 0.726372
v 0.664975 1.303030 0.696941
v 0.191767 1.311182 0.840681
v 0.185437 1.325688 0.811249
v 0.189577 1.324656 0.828821
v 0.030856 1.326184 0.822660
v 0.029311 1.312737 0.834652
v 0.033262 1.327153 0.804765
v -0.459755 1.310137 0.768748
v -0.455805 1.324553 0.738862
v -0.458211 1.323585 0.756757
v 0.441314 1.310766 0.765640
v 0.441700 1.302940 0.767721
v 0.440927 1.305028 0.759926
v -0.039500 1.293669 0.871444
v -0.041652 1.299474 0.849777
v -0.040576 1.315422 0.865662
v 0.375926 1.314481 0.829556
v 0.376406 1.304779 0.832135
v 0.375446 1.307368 0.822471
v -0.210198 1.324309 0.788309
v -0.209496 1.316234 0.788334
v -0.207987 1.320413 0.781554
v -0.640964 1.263520 0.734446
v -0.636771 1.275137 0.715598
v -0.642916 1.285969 0.734378
v -0.278785 1.309734 0.835271
v -0.277914 1.299721 0.835301
v -0.276044 1.304901 0.826895
v 0.030785 1.376454 -1.632709
v 0.032463 1.388177 -1.613538
v 0.030766 1.398982 -1.633241
v -0.313401 1.381593 -1.579131
v -0.523397 1.375631 -1.547344
v -0.525477 1.362093 -1.559150
v -0.519626 1.376748 -1.529695
v -0.043363 1.378719 -1.663192
v -0.037510 1.393373 -1.633735
v -0.041281 1.392257 -1.651386
v 0.547389 0.812181 -2.203697
v 0.547389 0.776914 -2.229319
v 0.547389 0.790385 -2.270778
v 0.547389 0.833976 -2.270778
v 0.547389 0.847447 -2.229319
v 0.520038 0.776914 -2.229319
v 0.520038 0.790385 -2.270778
v 0.520038 0.833976 -2.270778
v 0.520038 0.847447 -2.229319
v 0.520038 0.812181 -2.203697
v -0.491751 0.812181 -2.203697
v -0.491751 0.776914 -2.229319
v -0.491751 0.790385 -2.270778
v -0.491751 0.833976 -2.270778
v -0.491751 0.847447 -2.229319
v -0.464400 0.776914 -2.229319
v -0.464400 0.790385 -2.270778
v -0.464400 0.833976 -2.270778
v -0.464400 0.847447 -2.229319
v -0.464400 0.812181 -2.203697
vn -0.0312 0.9987 0.0395
vn -0.0000 0.9718 0.2358
vn -0.0000 0.9993 0.0368
vn -0.0660 0.9671 0.2459
vn -0.0108 0.9973 -0.0721
vn -0.0000 0.9978 -0.0670
vn -0.0000 0.9939 -0.1105
vn -0.0392 0.9907 -0.1305
vn -0.0000 0.9306 0.3660
vn -0.0923 0.9151 0.3925
vn -0.1462 0.9845 -0.0974
vn -0.4853 0.8594 -0.1612
vn -0.1597 0.9831 0.0899
vn -0.2946 0.9103 0.2907
vn -0.5691 0.7722 0.2825
vn -0.7108 0.6876 0.1481
vn -0.5069 0.8514 0.1352
vn -0.5626 0.7743 0.2896
vn -0.4708 0.8323 0.2926
vn -0.5300 0.8247 0.1975
vn -0.4202 0.9035 0.0840
vn -0.5862 0.8079 0.0608
vn -0.3466 0.9330 -0.0971
vn -0.4843 0.8748 -0.0124
vn -0.1527 0.9880 -0.0221
vn -0.7282 0.6853 -0.0100
vn -0.7438 0.6684 -0.0000
vn -0.5255 0.8452 -0.0974
vn -0.8187 0.5718 -0.0529
vn -0.5588 0.8277 -0.0514
vn -0.6815 0.7311 -0.0322
vn -0.7872 0.6029 -0.1302
vn -0.7907 0.6009 -0.1171
vn -0.3440 0.9320 0.1142
vn -0.4482 0.8832 0.1379
vn -0.4802 0.8477 0.2253
vn -0.6035 0.7478 0.2770
vn -0.3121 0.9266 0.2098
vn -0.4385 0.8910 0.1178
vn -0.5063 0.8537 0.1220
vn -0.8131 0.5819 -0.0175
vn -0.8411 0.5309 -0.1035
vn -0.8576 0.5033 -0.1053
vn -0.8632 0.5045 -0.0192
vn -0.8955 0.4396 0.0693
vn -0.7886 0.6146 -0.0216
vn -0.8180 0.5748 -0.0224
vn -0.5485 0.4543 -0.7020
vn -0.4002 0.8673 -0.2962
vn -0.4875 0.8684 0.0914
vn -0.9095 0.4146 -0.0303
vn -0.8765 0.4722 0.0937
vn -0.3213 0.9457 -0.0491
vn -0.1542 0.9860 -0.0634
vn -0.8333 0.5208 0.1856
vn -0.7522 0.6045 0.2621
vn -0.9653 0.1972 0.1710
vn -0.9139 0.3232 0.2457
vn -1.0000 -0.0000 -0.0000
vn -0.9151 -0.1874 -0.3569
vn -0.8802 -0.2711 -0.3895
vn -0.9821 -0.0850 -0.1678
vn -0.9773 -0.0147 -0.2111
vn -0.9805 0.0575 -0.1881
vn -0.9778 0.1184 -0.1731
vn -0.9334 0.2755 -0.2301
vn -0.9946 0.0939 -0.0438
vn -0.9727 0.0780 -0.2186
vn -0.9963 -0.0737 -0.0433
vn -0.9348 0.3412 -0.0983
vn -0.9163 0.3346 0.2202
vn -0.4309 -0.0365 -0.9016
vn -0.6809 -0.0372 -0.7315
vn -0.7481 -0.1160 -0.6533
vn -0.0441 0.0001 -0.9990
vn -0.0875 -0.0004 -0.9962
vn -0.0441 -0.0000 -0.9990
vn -0.0945 0.0002 -0.9955
vn -0.0868 0.0011 -0.9962
vn -0.0877 -0.0000 -0.9961
vn -0.0000 -0.0000 -1.0000
vn -0.0944 0.2851 -0.9538
vn -0.0869 -0.0015 -0.9962
vn -0.0875 0.0004 -0.9962
vn -0.0977 0.8719 -0.4798
vn -0.0995 0.2968 -0.9497
vn -0.1019 -0.0002 -0.9948
vn -0.0492 0.2669 -0.9625
vn -0.0000 0.2336 -0.9723
vn -0.0828 0.9936 -0.0763
vn -0.0728 0.8652 -0.4962
vn -0.0455 0.9955 -0.0831
vn -0.0535 0.8518 -0.5211
vn -0.0000 0.9963 -0.0858
vn -0.0000 0.8303 -0.5574
vn -0.1451 0.9839 0.1046
vn -0.1211 0.9861 0.1142
vn -0.2672 0.9539 0.1366
vn -0.0911 0.9869 0.1334
vn -0.2852 0.9370 0.2018
vn -0.1031 0.9767 0.1885
vn -0.1209 0.9840 0.1311
vn -0.1359 0.9700 0.2017
vn -0.0609 0.9493 0.3085
vn -0.1398 0.9394 0.3132
vn -0.1806 0.9422 0.2821
vn -0.1434 0.9085 0.3924
vn -0.0945 0.9198 0.3807
vn -0.0425 0.9235 0.3812
vn -0.2493 0.9455 0.2096
vn -0.0000 0.9300 0.3676
vn -0.0000 0.9527 0.3040
vn -0.2333 0.9638 0.1290
vn -0.1350 0.9883 0.0707
vn -0.0869 0.9908 0.1035
vn -0.0000 0.9958 0.0915
vn -0.0000 0.9913 0.1317
vn -0.0000 0.9800 0.1992
vn -0.2774 0.9399 0.1991
vn -0.0000 0.9956 0.0937
vn -0.1354 0.9815 0.1353
vn -0.3047 0.9205 0.2446
vn 0.0312 0.9987 0.0395
vn 0.0660 0.9671 0.2459
vn 0.0108 0.9973 -0.0721
vn 0.0392 0.9907 -0.1305
vn 0.0923 0.9151 0.3925
vn 0.4853 0.8594 -0.1612
vn 0.1462 0.9845 -0.0974
vn 0.1597 0.9831 0.0899
vn 0.2946 0.9103 0.2907
vn 0.5069 0.8514 0.1352
vn 0.7108 0.6876 0.1481
vn 0.5691 0.7722 0.2825
vn 0.5626 0.7743 0.2896
vn 0.5300 0.8247 0.1975
vn 0.4708 0.8323 0.2926
vn 0.4202 0.9035 0.0840
vn 0.5862 0.8079 0.0608
vn 0.4843 0.8748 -0.0124
vn 0.3466 0.9330 -0.0971
vn 0.1527 0.9880 -0.0221
vn 0.7438 0.6684 -0.0000
vn 0.7282 0.6853 -0.0100
vn 0.5255 0.8452 -0.0974
vn 0.6815 0.7311 -0.0322
vn 0.5588 0.8277 -0.0514
vn 0.8187 0.5718 -0.0529
vn 0.7907 0.6009 -0.1171
vn 0.7872 0.6029 -0.1302
vn 0.4482 0.8832 0.1379
vn 0.3440 0.9320 0.1142
vn 0.3121 0.9266 0.2098
vn 0.6035 0.7478 0.2770
vn 0.4802 0.8477 0.2253
vn 0.5063 0.8537 0.1220
vn 0.4385 0.8910 0.1178
vn 0.8576 0.5033 -0.1053
vn 0.8411 0.5309 -0.1035
vn 0.8131 0.5819 -0.0175
vn 0.8632 0.5045 -0.0192
vn 0.8955 0.4396 0.0693
vn 0.7886 0.6146 -0.0216
vn 0.8180 0.5748 -0.0224
vn 0.5485 0.4543 -0.7020
vn 0.4002 0.8673 -0.2962
vn 0.8765 0.4722 0.0937
vn 0.9095 0.4146 -0.0303
vn 0.4875 0.8684 0.0914
vn 0.1542 0.9860 -0.0634
vn 0.3213 0.9457 -0.0491
vn 0.8333 0.5208 0.1856
vn 0.7522 0.6045 0.2621
vn 0.9653 0.1972 0.1710
vn 0.9139 0.3232 0.2457
vn 1.0000 -0.0000 -0.0000
vn 0.9821 -0.0850 -0.1678
vn 0.8802 -0.2711 -0.3895
vn 0.9151 -0.1874 -0.3569
vn 0.9773 -0.0147 -0.2111
vn 0.9805 0.0575 -0.1881
vn 0.9946 0.0939 -0.0438
vn 0.9334 0.2755 -0.2301
vn 0.9778 0.1184 -0.1731
vn 0.9727 0.0780 -0.2186
vn 0.9963 -0.0737 -0.0433
vn 0.9348 0.3412 -0.0983
vn 0.9163 0.3346 0.2202
vn 0.6809 -0.0372 -0.7315
vn 0.4309 -0.0365 -0.9016
vn 0.7481 -0.1160 -0.6533
vn 0.0441 -0.0000 -0.9990
vn 0.0875 -0.0004 -0.9962
vn 0.0441 0.0001 -0.9990
vn 0.0868 0.0011 -0.9962
vn 0.0945 0.0002 -0.9955
vn 0.0877 -0.0000 -0.9961
vn 0.0944 0.2851 -0.9538
vn 0.0875 0.0004 -0.9962
vn 0.0869 -0.0015 -0.9962
vn 0.0977 0.8719 -0.4798
vn 0.0995 0.2968 -0.9497
vn 0.1019 -0.0002 -0.9948
vn 0.0492 0.2669 -0.9625
vn 0.0728 0.8652 -0.4962
vn 0.0828 0.9936 -0.0763
vn 0.0535 0.8518 -0.5211
vn 0.0455 0.9955 -0.0831
vn 0.2672 0.9539 0.1366
vn 0.1211 0.9861 0.1142
vn 0.1451 0.9839 0.1046
vn 0.0911 0.9869 0.1334
vn 0.2852 0.9370 0.2018
vn 0.1031 0.9767 0.1885
vn 0.1209 0.9840 0.1311
vn 0.1359 0.9700 0.2017
vn 0.0609 0.9493 0.3085
vn 0.1398 0.9394 0.3132
vn 0.1806 0.9422 0.2821
vn 0.1434 0.9085 0.3924
vn 0.0945 0.9198 0.3807
vn 0.0425 0.9235 0.3812
vn 0.2493 0.9455 0.2096
vn 0.2333 0.9638 0.1290
vn 0.1350 0.9883 0.0707
vn 0.0869 0.9908 0.1035
vn 0.2774 0.9399 0.1991
vn 0.1354 0.9815 0.1353
vn 0.3047 0.9205 0.2446
vn -0.9125 0.4052 0.0563
vn -0.9506 0.2990 0.0841
vn -0.6448 0.7641 0.0177
vn -0.8956 0.4394 0.0693
vn -0.9923 -0.0354 0.1187
vn -0.9890 -0.0779 0.1261
vn -0.9989 -0.0122 0.0448
vn -0.8924 0.4483 -0.0520
vn -0.9681 -0.1984 0.1533
vn -0.9927 -0.1203 -0.0000
vn -0.9909 -0.1041 0.0858
vn -0.9543 -0.2440 0.1725
vn -0.9978 0.0221 -0.0631
vn -0.9875 -0.1069 -0.1160
vn -0.9230 -0.3586 -0.1398
vn -0.9410 -0.3385 -0.0064
vn -0.9095 -0.4155 0.0142
vn -0.8986 -0.4004 -0.1794
vn -0.9815 -0.0161 -0.1909
vn -0.9231 0.3569 -0.1431
vn -0.9218 -0.2584 -0.2891
vn -0.7621 -0.5309 -0.3706
vn -0.7927 -0.4922 -0.3596
vn -0.7470 -0.5635 -0.3527
vn -0.9935 -0.1140 -0.0029
vn -0.5608 0.8279 -0.0083
vn -0.5483 0.4544 -0.7020
vn 0.6448 0.7641 0.0177
vn 0.9506 0.2990 0.0841
vn 0.9125 0.4052 0.0563
vn 0.8956 0.4395 0.0694
vn 0.9890 -0.0779 0.1261
vn 0.9923 -0.0354 0.1187
vn 0.9989 -0.0122 0.0448
vn 0.8924 0.4483 -0.0520
vn 0.9681 -0.1984 0.1533
vn 0.9909 -0.1041 0.0858
vn 0.9927 -0.1203 -0.0000
vn 0.9543 -0.2440 0.1725
vn 0.9978 0.0221 -0.0631
vn 0.9410 -0.3385 -0.0064
vn 0.9230 -0.3586 -0.1398
vn 0.9875 -0.1069 -0.1160
vn 0.9095 -0.4155 0.0142
vn 0.8986 -0.4004 -0.1794
vn 0.9815 -0.0161 -0.1909
vn 0.9231 0.3569 -0.1431
vn 0.9218 -0.2584 -0.2891
vn 0.7927 -0.4922 -0.3596
vn 0.7621 -0.5309 -0.3706
vn 0.7470 -0.5635 -0.3527
vn 0.9935 -0.1140 -0.0029
vn 0.5483 0.4544 -0.7020
vn 0.5608 0.8279 -0.0083
vn -0.9978 -0.0660 -0.0046
vn -0.9956 -0.0939 -0.0000
vn -0.9680 0.2510 0.0044
vn -0.9374 0.3482 -0.0015
vn -0.9174 -0.3979 -0.0000
vn -0.9580 -0.2868 -0.0000
vn -0.9649 -0.2625 -0.0000
vn -0.8048 0.5934 0.0124
vn -0.7621 0.6475 0.0063
vn 0.9680 0.2510 0.0044
vn 0.9956 -0.0939 -0.0000
vn 0.9978 -0.0660 -0.0046
vn 0.9374 0.3482 -0.0015
vn 0.9649 -0.2625 -0.0000
vn 0.9580 -0.2868 -0.0000
vn 0.9174 -0.3979 -0.0000
vn 0.8048 0.5934 0.0124
vn 0.7621 0.6475 0.0063
vn -0.9275 -0.3214 0.1910
vn -0.9962 -0.0650 0.0582
vn -0.9022 -0.3642 0.2310
vn -0.9960 -0.0894 -0.0000
vn -0.9825 0.0561 0.1776
vn -0.6739 -0.7215 0.1593
vn -0.7303 -0.6769 -0.0922
vn -0.7317 -0.6816 0.0012
vn -0.7560 -0.6485 -0.0896
vn -0.9078 -0.1203 -0.4017
vn -0.9762 -0.1691 -0.1357
vn -0.9709 -0.1281 -0.2023
vn -0.9911 -0.1328 -0.0009
vn -0.9919 -0.1273 -0.0000
vn -0.9666 -0.2491 -0.0602
vn 0.9022 -0.3642 0.2310
vn 0.9962 -0.0650 0.0582
vn 0.9275 -0.3214 0.1910
vn 0.9960 -0.0894 -0.0000
vn 0.9825 0.0561 0.1776
vn 0.6739 -0.7215 0.1593
vn 0.7317 -0.6816 0.0012
vn 0.7303 -0.6769 -0.0922
vn 0.7560 -0.6485 -0.0896
vn 0.9709 -0.1281 -0.2023
vn 0.9762 -0.1691 -0.1357
vn 0.9078 -0.1203 -0.4017
vn 0.9919 -0.1273 -0.0000
vn 0.9911 -0.1328 -0.0009
vn 0.9666 -0.2491 -0.0602
vn -0.5823 0.8130 0.0044
vn -0.5854 0.8096 -0.0436
vn -0.5856 0.8098 -0.0360
vn -0.5752 0.8179 0.0129
vn -0.5713 0.8206 0.0175
vn -0.5838 0.8074 -0.0851
vn 0.5856 0.8098 -0.0360
vn 0.5854 0.8096 -0.0436
vn 0.5823 0.8130 0.0044
vn 0.5752 0.8179 0.0129
vn 0.5713 0.8206 0.0175
vn 0.5838 0.8074 -0.0851
vn -0.9208 0.2739 -0.2777
vn 0.9208 0.2739 -0.2777
vn 0.0001 0.5000 -0.8660
vn 0.0002 0.5001 -0.8660
vn -0.0000 0.5000 -0.8660
vn 0.0001 0.5001 -0.8660
vn 0.0002 0.5000 -0.8660
vn -0.0000 -0.9751 -0.2219
vn -0.0000 -0.9937 -0.1117
vn -0.0000 -0.9994 -0.0356
vn -0.0000 -0.9986 -0.0535
vn -0.0000 -1.0000 -0.0000
vn -0.0000 -0.9999 -0.0172
vn -0.0000 -0.9950 -0.0995
vn -0.0000 -0.9997 -0.0258
vn -0.0000 -0.9987 -0.0515
vn -0.0000 0.0065 -1.0000
vn -0.0000 -0.1028 -0.9947
vn -0.0000 -0.1100 -0.9939
vn -0.0000 -0.4081 -0.9129
vn -0.0000 -0.4191 -0.9079
vn -0.0000 -0.7658 -0.6431
vn -0.0000 -0.7688 -0.6395
vn -0.0000 -0.9743 -0.2253
vn -0.0000 -0.7271 0.6865
vn -0.0000 -0.9684 0.2494
vn -0.0000 -0.4763 0.8793
vn -0.0000 -0.4697 0.8828
vn -0.0000 -0.1146 0.9934
vn -0.0000 -0.2625 0.9649
vn -0.0000 -0.2963 0.9551
vn -0.0000 -0.2014 0.9795
vn -0.0000 -0.3946 0.9188
vn -0.0000 -0.1850 0.9827
vn -0.0000 -0.1125 0.9937
vn -0.0000 -0.4133 0.9106
vn -0.0000 -0.1221 0.9925
vn -0.0000 -0.4221 0.9066
vn -0.0000 -0.7332 0.6800
vn -0.0000 -0.7332 0.6801
vn -0.0000 -0.9622 0.2722
vn -0.0000 -0.9707 -0.2402
vn -0.0000 -0.0367 -0.9993
vn -0.0000 -0.0407 -0.9992
vn -0.0000 -0.3243 -0.9460
vn -0.0000 -0.3333 -0.9428
vn -0.0000 -0.7422 -0.6702
vn -0.0000 -0.7438 -0.6684
vn 0.0358 -0.9658 0.2566
vn 0.0112 -0.9750 0.2218
vn -0.0000 -0.9832 0.1826
vn -0.0000 -0.9847 0.1744
vn 0.0555 -0.9587 0.2788
vn -0.9021 0.4139 0.1217
vn -0.8833 0.4429 0.1540
vn -0.8660 0.4663 0.1806
vn -0.8380 0.4996 0.2195
vn -0.0000 -0.0000 1.0000
vn -0.0000 0.9966 0.0824
vn -0.0112 -0.9750 0.2218
vn -0.0358 -0.9658 0.2566
vn -0.0555 -0.9587 0.2788
vn 0.8660 0.4663 0.1806
vn 0.8833 0.4429 0.1540
vn 0.9021 0.4139 0.1217
vn 0.8832 0.4429 0.1540
vn 0.8380 0.4996 0.2195
vn -0.0000 -0.6272 0.7789
vn -0.0000 0.6687 0.7435
vn -0.0000 0.9904 0.1384
vn -0.0000 -0.9769 0.2136
vn -0.0000 0.9797 0.2006
vn -0.0000 -0.9752 0.2214
vn -0.0000 0.6565 0.7544
vn -0.0000 -0.6080 0.7939
vn -0.9997 -0.0094 -0.0243
vn -0.9997 -0.0110 -0.0218
vn -0.9996 -0.0070 -0.0282
vn -0.9995 -0.0048 -0.0316
vn 0.0053 0.0165 -0.9998
vn -0.0000 0.0279 -0.9996
vn -0.0000 0.0205 -0.9998
vn -0.0000 0.0091 -1.0000
vn 0.9996 -0.0070 -0.0282
vn 0.9997 -0.0110 -0.0218
vn 0.9997 -0.0094 -0.0243
vn 0.9995 -0.0048 -0.0316
vn -0.0053 0.0165 -0.9998
vn -0.0053 0.0165 -0.9999
vn 0.3827 0.9239 -0.0000
vn -0.3827 0.9239 -0.0000
vn 0.9239 0.3827 -0.0000
vn 0.9239 -0.3827 -0.0000
vn 0.3827 -0.9239 -0.0000
vn -0.3827 -0.9239 -0.0000
vn -0.9239 -0.3827 -0.0000
vn -0.9239 0.3827 -0.0000
vn 0.2616 -0.6315 -0.7299
vn -0.2616 -0.6315 -0.7299
vn -0.5101 -0.2113 -0.8338
vn -0.6315 -0.2616 -0.7299
vn -0.6315 0.2616 -0.7299
vn -0.2616 0.6315 -0.7299
vn 0.2616 0.6315 -0.7299
vn 0.5101 0.2113 -0.8338
vn 0.6315 0.2616 -0.7299
vn 0.6315 -0.2616 -0.7299
vn 0.9084 -0.4182 -0.0000
vn 0.9083 -0.4182 -0.0000
vn 0.3466 -0.9380 -0.0000
vn -0.3466 -0.9380 -0.0000
vn -0.9083 -0.4182 -0.0000
vn 0.0910 0.9782 0.1864
vn 0.0905 0.9783 0.1866
vn 0.0906 0.9782 0.1866
vn 0.0999 -0.9735 0.2056
vn 0.1002 -0.9735 0.2055
vn -0.0905 0.9783 0.1866
vn -0.0910 0.9782 0.1864
vn -0.0906 0.9782 0.1866
vn -0.1002 -0.9735 0.2055
vn -0.0999 -0.9735 0.2056
vn 0.0940 0.9720 0.2153
vn 0.0942 0.9720 0.2152
vn 0.0950 0.9722 0.2142
vn 0.1034 -0.9681 0.2281
vn 0.1028 -0.9680 0.2291
vn 0.1026 -0.9680 0.2290
vn -0.0950 0.9722 0.2142
vn -0.0942 0.9720 0.2152
vn -0.0940 0.9720 0.2154
vn -0.1026 -0.9680 0.2289
vn -0.1028 -0.9680 0.2291
vn -0.1034 -0.9681 0.2281
vn -0.9869 0.0740 0.1430
vn -0.9875 0.0714 0.1407
vn -0.9872 0.0737 0.1411
vn 0.9847 0.0790 0.1555
vn 0.9840 0.0819 0.1580
vn 0.9844 0.0816 0.1558
vn 0.9875 0.0714 0.1407
vn 0.9869 0.0740 0.1430
vn 0.9872 0.0737 0.1411
vn -0.9840 0.0819 0.1580
vn -0.9847 0.0790 0.1555
vn -0.9844 0.0816 0.1558
vn -0.9735 -0.0212 0.2275
vn -0.9685 -0.0126 0.2487
vn -0.9671 0.0024 0.2543
vn 0.9600 0.0025 0.2800
vn 0.9617 -0.0138 0.2738
vn 0.9678 -0.0233 0.2507
vn 0.9671 0.0024 0.2543
vn 0.9685 -0.0126 0.2487
vn 0.9735 -0.0212 0.2275
vn -0.9678 -0.0233 0.2507
vn -0.9617 -0.0138 0.2738
vn -0.9600 0.0025 0.2800
vn 0.0001 -1.0000 -0.0000
vn 0.0002 -1.0000 -0.0000
vn -0.0000 1.0000 -0.0000
vn -0.0001 -1.0000 -0.0000
vn -0.0002 -1.0000 -0.0000
vn -0.0000 0.2753 0.9614
vn -0.1755 0.2150 0.9607
vn 0.0004 0.2774 0.9607
vn -0.1741 0.1691 0.9701
vn -0.0246 0.2423 0.9699
vn -0.4403 0.3978 0.8049
vn -0.7082 0.3759 0.5976
vn -0.6499 0.3647 0.6668
vn -0.4163 0.3762 0.8278
vn -0.9348 0.0879 0.3441
vn -0.9832 0.0059 0.1824
vn -0.9763 -0.0555 0.2094
vn -0.9279 0.1351 0.3475
vn -0.9873 0.0514 0.1506
vn -0.2798 0.1653 0.9457
vn -0.3546 0.3567 0.8643
vn -0.3444 0.3284 0.8795
vn -0.6326 -0.4192 0.6512
vn -0.5507 -0.3756 0.7454
vn -0.6472 -0.3721 0.6653
vn -0.4825 -0.3821 0.7882
vn -0.4749 -0.3725 0.7973
vn -0.9762 -0.0060 0.2166
vn -0.9867 0.0645 0.1494
vn -0.9182 -0.0481 0.3933
vn -0.9405 -0.0832 0.3295
vn -0.8903 -0.2328 0.3915
vn -0.6706 -0.3159 0.6712
vn -0.8946 -0.2297 0.3834
vn -0.0004 0.2774 0.9607
vn 0.1755 0.2150 0.9607
vn 0.0246 0.2423 0.9699
vn 0.1741 0.1691 0.9701
vn 0.6499 0.3647 0.6668
vn 0.7082 0.3759 0.5976
vn 0.4403 0.3978 0.8049
vn 0.4163 0.3762 0.8278
vn 0.9763 -0.0555 0.2094
vn 0.9832 0.0059 0.1824
vn 0.9348 0.0879 0.3441
vn 0.9279 0.1351 0.3475
vn 0.9873 0.0514 0.1506
vn 0.2798 0.1653 0.9457
vn 0.3444 0.3284 0.8795
vn 0.3546 0.3567 0.8643
vn 0.6472 -0.3721 0.6653
vn 0.5507 -0.3756 0.7454
vn 0.6326 -0.4192 0.6512
vn 0.4749 -0.3725 0.7973
vn 0.4825 -0.3821 0.7882
vn 0.9867 0.0645 0.1494
vn 0.9762 -0.0060 0.2166
vn 0.9405 -0.0832 0.3295
vn 0.9182 -0.0481 0.3933
vn 0.8903 -0.2328 0.3915
vn 0.8946 -0.2297 0.3834
vn 0.6706 -0.3159 0.6712
vn 0.9848 0.1739 -0.0000
vn -0.8595 -0.0668 0.5068
vn -0.4700 -0.2987 0.8306
vn -0.4715 -0.5196 0.7125
vn -0.9149 0.0450 0.4011
vn -0.9848 0.1739 -0.0000
vn 0.4715 -0.5197 0.7124
vn 0.4700 -0.2987 0.8306
vn 0.8595 -0.0668 0.5068
vn 0.9149 0.0450 0.4011
vn -0.4260 0.0546 0.9031
vn -0.4538 0.0994 0.8855
vn -0.4373 0.0726 0.8964
vn -0.4102 0.0299 0.9115
vn 0.4373 0.0726 0.8964
vn 0.4538 0.0994 0.8855
vn 0.4260 0.0546 0.9031
vn 0.4102 0.0299 0.9115
vn -0.0000 0.8692 0.4945
vn -0.0726 0.8598 0.5054
vn -0.0778 0.8665 0.4930
vn -0.8546 0.4568 0.2470
vn -0.9341 0.3221 0.1539
vn -0.8733 0.4302 0.2284
vn -0.9388 0.2915 0.1834
vn -0.9335 0.2904 0.2106
vn -0.7993 0.4420 0.4072
vn -0.8255 0.4418 0.3513
vn -0.2518 0.7540 0.6066
vn -0.2568 0.7402 0.6214
vn -0.3146 0.7563 0.5736
vn -0.3480 0.7512 0.5609
vn -0.4706 0.7146 0.5176
vn -0.5242 0.7012 0.4832
vn 0.0726 0.8598 0.5054
vn 0.0778 0.8665 0.4930
vn 0.8733 0.4302 0.2284
vn 0.9341 0.3221 0.1539
vn 0.8546 0.4568 0.2470
vn 0.9335 0.2904 0.2106
vn 0.9388 0.2915 0.1834
vn 0.8255 0.4418 0.3513
vn 0.7993 0.4420 0.4072
vn 0.2568 0.7402 0.6214
vn 0.2518 0.7540 0.6066
vn 0.3146 0.7563 0.5736
vn 0.3480 0.7512 0.5609
vn 0.4706 0.7146 0.5176
vn 0.5242 0.7012 0.4832
vn -0.4714 -0.5198 0.7125
vn 0.4715 -0.5198 0.7124
vn -0.5205 -0.6652 0.5354
vn -0.5469 -0.6791 0.4896
vn -0.3970 -0.6601 0.6377
vn -0.3458 -0.6457 0.6808
vn -0.3623 -0.6424 0.6753
vn -0.9762 -0.0557 0.2094
vn -0.8776 -0.3929 0.2747
vn -0.8259 -0.4366 0.3567
vn 0.3970 -0.6601 0.6377
vn 0.5469 -0.6791 0.4896
vn 0.5205 -0.6652 0.5354
vn 0.3458 -0.6457 0.6808
vn 0.3623 -0.6424 0.6753
vn 0.8259 -0.4366 0.3567
vn 0.8776 -0.3929 0.2747
vn 0.9762 -0.0557 0.2094
vn 0.3181 -0.5821 0.7483
vn 0.2619 -0.3846 0.8852
vn 0.3299 -0.3889 0.8602
vn -0.3299 -0.3889 0.8602
vn -0.2619 -0.3846 0.8852
vn -0.3181 -0.5821 0.7483
vn -0.2653 -0.3543 0.8967
vn 0.2653 -0.3543 0.8967
vn -0.5403 -0.3359 0.7715
vn 0.5403 -0.3359 0.7715
vn 0.3423 -0.3357 0.8776
vn 0.2668 -0.3403 0.9017
vn -0.2668 -0.3403 0.9017
vn -0.3423 -0.3357 0.8776
vn -0.3631 -0.0000 0.9318
vn -0.1432 -0.0039 0.9897
vn -0.2940 0.3292 0.8973
vn -0.5260 -0.0000 0.8505
vn -0.5073 0.2987 0.8083
vn -0.6241 0.5052 0.5960
vn -0.6003 0.5061 0.6193
vn -0.6886 0.4719 0.5506
vn -0.4678 0.6199 0.6300
vn 0.0006 0.4977 0.8673
vn -0.3356 0.5590 0.7582
vn -0.0000 0.6083 0.7937
vn -0.0000 0.3687 0.9296
vn 0.1432 -0.0039 0.9897
vn 0.3631 -0.0000 0.9318
vn 0.2940 0.3293 0.8973
vn 0.5073 0.2987 0.8083
vn 0.5260 -0.0000 0.8505
vn 0.6241 0.5052 0.5960
vn 0.6886 0.4719 0.5506
vn 0.6003 0.5061 0.6193
vn 0.4678 0.6199 0.6300
vn 0.3356 0.5590 0.7582
vn -0.9398 -0.0000 0.3417
vn -0.9603 0.0901 0.2642
vn -0.9652 0.1339 0.2247
vn -0.9665 0.1912 0.1711
vn 0.8935 -0.0000 0.4491
vn 0.8466 0.1574 0.5085
vn 0.9652 0.1339 0.2247
vn 0.9603 0.0901 0.2642
vn 0.9398 -0.0000 0.3417
vn 0.9665 0.1912 0.1711
vn -0.8466 0.1574 0.5085
vn -0.8935 -0.0000 0.4491
vn -0.3236 -0.0000 0.9462
vn -0.1295 -0.0000 0.9916
vn -0.5278 -0.0000 0.8494
vn -0.9183 -0.0175 0.3956
vn -0.9408 -0.1015 0.3235
vn -0.9488 -0.1962 0.2477
vn -0.9197 0.1237 0.3726
vn -0.9291 -0.1619 0.3325
vn -0.9435 -0.2363 0.2322
vn -0.9429 -0.2391 0.2321
vn -0.9440 -0.2394 0.2271
vn -0.9149 -0.1731 0.3646
vn -0.7736 0.0170 0.6335
vn -0.7657 -0.0125 0.6431
vn 0.1295 -0.0000 0.9916
vn 0.3236 -0.0000 0.9462
vn 0.5278 -0.0000 0.8494
vn 0.9488 -0.1962 0.2477
vn 0.9408 -0.1015 0.3235
vn 0.9183 -0.0175 0.3956
vn 0.9197 0.1237 0.3726
vn 0.9435 -0.2363 0.2322
vn 0.9291 -0.1619 0.3325
vn 0.9440 -0.2394 0.2271
vn 0.9429 -0.2391 0.2321
vn 0.9149 -0.1731 0.3646
vn 0.7736 0.0170 0.6335
vn 0.7657 -0.0125 0.6431
vn 0.5079 -0.0000 0.8614
vn -0.5079 -0.0000 0.8614
vn -0.0872 -0.0000 -0.9962
vn 0.7657 -0.4006 0.5032
vn 0.7071 0.6830 -0.1830
vn 0.8148 -0.3611 0.4536
vn -0.7657 -0.4006 0.5032
vn -0.7071 0.6830 -0.1830
vn -0.3748 0.8955 -0.2400
vn 0.3748 0.8955 -0.2400
vn -0.8148 -0.3611 0.4536
vn 0.5773 -0.4082 0.7071
vn -0.5773 0.7071 0.4083
vn -0.5773 -0.4082 0.7071
vn 0.5774 0.7071 0.4082
vn -0.7071 -0.6830 0.1830
vn 0.7071 -0.6830 0.1830
vn 0.5821 -0.5484 -0.6004
vn 0.3059 0.2551 -0.9173
vn 0.7364 -0.3550 -0.5760
vn 0.2273 -0.2355 -0.9449
vn -0.3480 0.7585 -0.5509
vn -0.4148 -0.0878 -0.9057
vn -0.6912 0.7197 0.0660
vn 0.1339 0.1163 -0.9841
vn 0.3168 -0.6508 -0.6900
vn -0.1394 0.8823 -0.4496
vn -0.2462 0.9358 0.2521
vn -0.0000 -0.0107 -0.9999
vn -0.0000 0.8714 -0.4907
vn -0.0000 0.9631 0.2692
vn -0.0000 -0.8660 -0.5000
vn -0.0000 -0.7147 -0.6995
vn 0.3276 -0.8182 -0.4724
vn 0.7888 -0.5324 -0.3074
vn 0.5439 -0.7267 -0.4196
vn -0.6815 0.6338 0.3659
vn -0.2203 0.8447 0.4877
vn -0.0000 0.8660 0.5000
vn -0.9995 -0.0284 -0.0164
vn -0.8821 0.4079 0.2355
vn -0.8404 -0.2407 -0.4856
vn -0.3060 0.2552 -0.9172
vn -0.5821 -0.5485 -0.6003
vn -0.7364 -0.3551 -0.5758
vn 0.3477 0.7585 -0.5512
vn -0.2274 -0.2355 -0.9449
vn 0.6912 0.7197 0.0660
vn 0.4148 -0.0878 -0.9057
vn -0.1340 0.1166 -0.9841
vn -0.3169 -0.6508 -0.6900
vn 0.1396 0.8824 -0.4494
vn 0.2461 0.9360 0.2519
vn -0.3276 -0.8182 -0.4724
vn -0.7887 -0.5324 -0.3074
vn -0.5439 -0.7267 -0.4196
vn 0.6815 0.6338 0.3659
vn 0.2203 0.8447 0.4877
vn 0.8821 0.4079 0.2355
vn 0.9995 -0.0284 -0.0164
vn 0.8404 -0.2406 -0.4856
vn -0.0000 -0.2588 -0.9659
vn -0.5774 -0.2113 -0.7887
vn 0.7071 0.3535 -0.6124
vn 0.5773 -0.2113 -0.7887
vn -0.5550 -0.7204 -0.4159
vn 0.5551 -0.7204 -0.4159
vn -0.7071 0.3536 -0.6124
vn 0.5957 -0.5375 -0.5969
vn -0.5957 0.4016 -0.6956
vn 0.5957 0.4016 -0.6956
vn 0.5957 -0.7338 0.3267
vn -0.5957 -0.5374 -0.5969
vn 0.5957 0.7856 0.1670
vn -0.5957 0.0840 0.7988
vn 0.5957 0.0840 0.7988
vn -0.5957 0.7857 0.1670
vn -0.5957 -0.7338 0.3267
vn -0.5957 0.7856 0.1670
vn -0.0000 0.6428 -0.7661
vn -0.0000 0.6428 -0.7660
vn -0.7071 -0.0000 -0.7071
vn 0.5773 0.5774 -0.5774
vn 0.7071 -0.0000 -0.7071
vn 0.7329 0.6710 0.1122
vn 0.9984 -0.0000 -0.0569
vn 0.9997 -0.0000 -0.0253
vn -0.9997 -0.0000 -0.0253
vn -0.8558 0.4032 -0.3242
vn -0.7329 0.6710 0.1122
vn 0.8558 0.4032 -0.3242
vn 0.6728 0.7241 0.1518
vn 0.9995 -0.0000 0.0316
vn -0.5774 0.5773 -0.5773
vn -0.9995 -0.0000 0.0316
vn -0.6728 0.7241 0.1518
vn 0.5999 0.6620 -0.4493
vn -0.5999 0.6620 -0.4493
vn 0.8213 0.5705 -0.0000
vn -0.9984 -0.0000 -0.0569
vn -0.8213 0.5705 -0.0000
vn 0.1615 0.8233 0.5441
vn 0.1620 0.8208 0.5478
vn 0.1762 0.8446 0.5055
vn 0.2196 0.8281 0.5157
vn 0.1615 0.8234 0.5440
vn 0.1762 0.8447 0.5054
vn 0.2146 0.8745 0.4351
vn 0.2196 0.8282 0.5156
vn 0.2164 0.8711 0.4409
vn -0.9698 0.1890 0.1543
vn -0.9570 0.2082 0.2020
vn -0.9692 0.1899 0.1565
vn -0.9556 0.2101 0.2068
vn -0.9693 0.1899 0.1565
vn 0.3275 -0.6564 0.6796
vn 0.6501 -0.6472 0.3982
vn 0.7035 -0.6153 0.3555
vn 0.3198 -0.6463 0.6929
vn 0.3140 -0.7124 0.6276
vn 0.3132 -0.7146 0.6255
vn 0.9049 -0.4254 -0.0096
vn 0.9001 -0.4349 -0.0269
vn 0.7036 -0.6153 0.3555
vn 0.4060 0.4137 0.8149
vn 0.4072 0.4160 0.8131
vn 0.3701 0.4169 0.8302
vn 0.3490 0.4043 0.8454
vn 0.2959 0.3896 0.8721
vn 0.2781 0.3685 0.8870
vn -0.1762 0.8446 0.5055
vn -0.1620 0.8208 0.5478
vn -0.1615 0.8234 0.5441
vn -0.2196 0.8281 0.5157
vn -0.2164 0.8711 0.4409
vn -0.2146 0.8745 0.4351
vn 0.9693 0.1899 0.1565
vn 0.9570 0.2082 0.2020
vn 0.9698 0.1890 0.1543
vn 0.9556 0.2101 0.2068
vn -0.7036 -0.6153 0.3555
vn -0.6501 -0.6472 0.3982
vn -0.3275 -0.6564 0.6796
vn -0.3198 -0.6463 0.6929
vn -0.3140 -0.7123 0.6277
vn -0.3140 -0.7124 0.6276
vn -0.3132 -0.7146 0.6255
vn -0.9049 -0.4255 -0.0097
vn -0.9001 -0.4349 -0.0269
vn -0.3701 0.4169 0.8302
vn -0.4072 0.4160 0.8131
vn -0.4060 0.4137 0.8149
vn -0.3490 0.4043 0.8454
vn -0.2959 0.3896 0.8721
vn -0.2781 0.3685 0.8870
vn 0.5962 0.7352 0.3224
vn 0.7284 0.2550 0.6360
vn 0.3846 -0.7668 0.5139
vn 0.6445 0.5259 0.5550
vn 0.9170 -0.0413 0.3968
vn 0.7786 0.5432 0.3140
vn 0.0258 0.9987 0.0445
vn 0.1218 0.9881 0.0943
vn -0.3846 -0.7668 0.5139
vn -0.7284 0.2550 0.6360
vn -0.5962 0.7352 0.3224
vn -0.6445 0.5259 0.5550
vn -0.9170 -0.0413 0.3968
vn -0.7786 0.5432 0.3140
vn -0.0258 0.9987 0.0445
vn -0.1218 0.9881 0.0943
vn -0.6574 -0.4993 0.5644
vn 0.4870 0.6412 0.5930
vn -0.4870 0.6412 0.5930
vn 0.7963 -0.6049 -0.0000
vn 0.6574 -0.4993 0.5644
vn -0.6049 0.7963 -0.0000
vn -0.7963 -0.6049 -0.0000
vn 0.6049 0.7963 -0.0000
vn -0.0000 0.9226 0.3858
vn 0.9393 -0.3427 -0.0194
vn 0.9438 -0.3290 0.0315
vn 0.9388 -0.3440 -0.0152
vn -0.0000 -0.9728 -0.2315
vn -0.9640 -0.2582 0.0636
vn -0.9650 -0.2609 0.0273
vn -0.9650 -0.2609 0.0279
vn 0.9640 -0.2582 0.0636
vn 0.9650 -0.2609 0.0279
vn 0.9650 -0.2609 0.0273
vn -0.9393 -0.3427 -0.0194
vn -0.9388 -0.3440 -0.0152
vn -0.9438 -0.3290 0.0315
vn -0.9037 0.4281 -0.0000
vn -0.4433 -0.4301 0.7864
vn -0.4482 0.4288 0.7844
vn -0.3093 0.9510 -0.0000
vn 0.4244 0.8437 0.3287
vn 0.3769 0.9263 -0.0000
vn -0.2637 -0.9646 -0.0000
vn 0.4172 -0.8580 0.2997
vn -0.1238 -0.9372 0.3261
vn 0.6098 0.2638 0.7474
vn 0.8849 0.3699 0.2830
vn 0.6054 -0.3168 0.7301
vn 0.8610 -0.4261 0.2777
vn 0.3460 -0.9382 -0.0000
vn 0.8897 -0.4565 -0.0000
vn 0.9142 0.4053 -0.0000
vn -0.1650 0.9390 0.3016
vn -0.9101 -0.4145 -0.0000
vn -0.2540 -0.0000 -0.9672
vn -0.2541 -0.0000 -0.9672
vn 0.9101 -0.4145 -0.0000
vn 0.4482 0.4288 0.7843
vn 0.4433 -0.4301 0.7865
vn -0.4244 0.8437 0.3287
vn 0.3093 0.9510 -0.0000
vn -0.3769 0.9263 -0.0000
vn -0.4172 -0.8580 0.2997
vn 0.2637 -0.9646 -0.0000
vn 0.1238 -0.9372 0.3261
vn -0.8849 0.3699 0.2830
vn -0.6098 0.2638 0.7474
vn -0.8610 -0.4261 0.2777
vn -0.6054 -0.3168 0.7301
vn -0.8897 -0.4565 -0.0000
vn -0.3460 -0.9382 -0.0000
vn -0.9142 0.4053 -0.0000
vn 0.9037 0.4282 -0.0000
vn 0.1650 0.9390 0.3016
vn 0.2541 -0.0000 -0.9672
vn 0.2540 -0.0000 -0.9672
vn -0.0652 0.8040 -0.5911
vn 0.2915 0.9020 0.3185
vn 0.6524 0.5826 -0.4847
vn 0.8273 0.1956 0.5266
vn 0.0193 -0.7002 -0.7137
vn 0.6746 -0.4972 -0.5456
vn -0.6524 0.5826 -0.4847
vn -0.2915 0.9020 0.3185
vn 0.0652 0.8040 -0.5911
vn -0.6746 -0.4972 -0.5456
vn -0.0193 -0.7002 -0.7137
vn -0.8273 0.1956 0.5266
vn -0.0000 0.8213 0.5706
vn -0.0000 -1.0000 -0.0035
vn 0.9275 0.3736 -0.0085
vn -0.9341 -0.3566 0.0154
vn -0.9275 0.3736 -0.0085
vn 0.9341 -0.3566 0.0154
vn 0.0007 -0.9794 0.2020
vn -0.0000 -0.9987 -0.0501
vn -0.1048 -0.9579 -0.2673
vn -0.0000 -0.9800 0.1989
vn -0.1605 -0.9833 0.0861
vn -0.2977 -0.8534 -0.4278
vn -0.5624 -0.7731 -0.2932
vn -0.7018 -0.6654 -0.2544
vn -0.4343 -0.7941 -0.4252
vn -0.7018 -0.6654 -0.2543
vn -0.0000 0.8543 0.5198
vn -0.0000 0.8516 0.5242
vn -0.0000 0.8606 0.5093
vn -0.0000 0.8542 0.5199
vn -0.0000 0.8451 0.5346
vn -0.0000 -0.9848 -0.1738
vn -0.0000 -0.9096 -0.4154
vn -0.0000 -0.8435 -0.5371
vn -0.0000 -0.8244 -0.5660
vn -0.1716 -0.9749 0.1420
vn -0.0000 -0.7779 0.6284
vn -0.1145 -0.9821 0.1497
vn -0.0000 -0.3607 -0.9327
vn -0.2717 -0.9489 -0.1603
vn -0.0000 -0.9207 0.3903
vn -0.0000 -0.9998 -0.0207
vn -0.0000 -0.9990 -0.0447
vn -0.0254 -0.9995 -0.0213
vn -0.4058 -0.9139 0.0148
vn -0.0000 -0.9868 -0.1617
vn -0.7822 0.0075 -0.6230
vn -0.9602 -0.0909 -0.2640
vn -0.6616 0.5335 -0.5269
vn -0.9588 -0.0947 -0.2677
vn -0.9517 -0.2845 -0.1157
vn -0.6996 -0.0802 -0.7100
vn -0.5107 -0.5419 0.6674
vn -0.5676 0.0424 -0.8222
vn -0.5690 -0.4765 0.6701
vn -0.0000 -0.3522 0.9359
vn -0.0000 -0.3402 0.9404
vn -0.0000 0.3416 -0.9398
vn -0.0000 0.3203 -0.9473
vn -0.4335 -0.7703 0.4677
vn -0.5495 -0.7012 0.4542
vn -0.0006 -0.7390 0.6737
vn -0.0145 -0.7308 0.6824
vn -0.0000 -0.9999 -0.0117
vn -0.0000 -0.9807 0.1958
vn 0.1048 -0.9579 -0.2673
vn -0.0007 -0.9794 0.2020
vn 0.1605 -0.9833 0.0861
vn 0.2977 -0.8534 -0.4278
vn 0.5624 -0.7731 -0.2932
vn 0.7018 -0.6654 -0.2543
vn 0.4343 -0.7941 -0.4252
vn -0.0000 0.8517 0.5240
vn -0.0000 0.8516 0.5243
vn 0.1716 -0.9749 0.1420
vn 0.2717 -0.9489 -0.1603
vn 0.1145 -0.9821 0.1497
vn 0.0254 -0.9995 -0.0213
vn 0.4058 -0.9139 0.0148
vn 0.7822 0.0075 -0.6230
vn 0.9588 -0.0947 -0.2677
vn 0.6616 0.5335 -0.5269
vn 0.9602 -0.0909 -0.2640
vn 0.9517 -0.2845 -0.1157
vn 0.5107 -0.5419 0.6674
vn 0.6996 -0.0802 -0.7100
vn 0.5690 -0.4765 0.6701
vn 0.5676 0.0424 -0.8222
vn 0.4335 -0.7703 0.4677
vn 0.5495 -0.7012 0.4542
vn 0.0006 -0.7390 0.6737
vn 0.0145 -0.7308 0.6824
vn -0.0000 -0.4887 -0.8724
vn -0.0000 -0.8528 -0.5222
vn -0.0000 0.3679 -0.9299
vn -0.0000 0.3415 -0.9399
vn -0.0288 0.8381 -0.5448
vn -0.0000 0.8492 -0.5281
vn -0.0003 0.9716 -0.2368
vn -0.0000 0.9709 -0.2394
vn -0.0288 0.9734 -0.2275
vn -0.0000 0.9976 -0.0698
vn -0.0545 0.9861 -0.1568
vn 0.0504 0.9962 -0.0709
vn -0.0757 0.8668 -0.4929
vn -0.0000 0.2479 -0.9688
vn -0.0000 0.3433 -0.9392
vn -0.0000 0.3914 -0.9202
vn -0.0000 0.5260 -0.8505
vn -0.0000 -0.4888 -0.8724
vn 0.0288 0.8381 -0.5448
vn 0.0003 0.9716 -0.2368
vn 0.0288 0.9734 -0.2275
vn -0.0504 0.9962 -0.0709
vn 0.0545 0.9861 -0.1568
vn 0.0757 0.8668 -0.4929
vn -0.0000 0.3434 -0.9392
vn -0.4343 0.8891 0.1446
vn -0.3766 0.9264 -0.0000
vn -0.3995 0.9167 -0.0000
vn 0.0038 0.9934 0.1143
vn 0.0146 0.9941 0.1072
vn -0.0000 0.9934 0.1150
vn -0.0000 0.9926 0.1218
vn 0.0027 0.9950 0.0995
vn 0.0103 0.9956 0.0936
vn -0.0099 0.9954 0.0950
vn 0.3063 -0.1300 0.9430
vn -0.8438 0.2085 0.4945
vn -0.0000 -0.0328 0.9995
vn -0.9217 0.0291 0.3869
vn -0.8658 0.4980 0.0491
vn -0.3721 0.8249 0.4255
vn 0.1325 0.9266 0.3518
vn -0.9649 0.2332 0.1203
vn -0.8189 0.3473 0.4570
vn 0.0208 0.9948 0.1001
vn -0.0045 0.9949 0.1010
vn -0.0001 1.0000 0.0072
vn -0.2361 0.6073 0.7585
vn -0.6402 0.7682 -0.0000
vn -0.0325 0.9945 0.0999
vn 0.3766 0.9264 -0.0000
vn 0.4343 0.8891 0.1446
vn -0.0146 0.9941 0.1072
vn -0.0038 0.9934 0.1143
vn -0.0103 0.9956 0.0936
vn -0.0027 0.9950 0.0995
vn 0.0099 0.9954 0.0950
vn 0.8438 0.2085 0.4945
vn -0.3063 -0.1300 0.9430
vn 0.9217 0.0291 0.3869
vn 0.8658 0.4980 0.0491
vn 0.9649 0.2332 0.1203
vn -0.1325 0.9266 0.3518
vn 0.3721 0.8249 0.4255
vn 0.8189 0.3473 0.4570
vn -0.0208 0.9948 0.1001
vn 0.0045 0.9949 0.1010
vn 0.0001 1.0000 0.0072
vn 0.2361 0.6073 0.7585
vn 0.6402 0.7682 -0.0000
vn 0.3995 0.9167 -0.0000
vn 0.0325 0.9945 0.0999
vn -0.0000 1.0000 0.0072
vn -1.0000 -0.0031 0.0002
vn -0.9977 -0.0682 -0.0038
vn -0.9885 -0.1509 0.0032
vn -0.5260 0.8500 0.0279
vn -0.8704 0.4912 0.0334
vn -0.0000 0.9995 0.0331
vn -0.0000 0.3307 -0.9437
vn -0.0000 0.3099 -0.9508
vn -0.0000 0.6419 -0.7667
vn 0.9977 -0.0682 -0.0038
vn 1.0000 -0.0031 0.0002
vn 0.9885 -0.1509 0.0032
vn 0.8704 0.4912 0.0334
vn 0.5260 0.8500 0.0279
vn -0.0000 0.6419 -0.7668
vn -1.0000 -0.0014 -0.0000
vn 1.0000 -0.0014 -0.0000
vn -0.0000 -0.3420 0.9397
vn -0.0000 0.3420 -0.9397
vn -0.0000 0.9397 0.3419
vn -0.0000 -0.9397 -0.3421
vn -0.0000 0.1736 -0.9848
vn -0.0000 -0.1736 0.9848
vn -0.0000 0.9848 0.1737
vn -0.0000 -0.9848 -0.1737
vn 0.0858 0.5576 -0.8257
vn 0.9529 0.3031 -0.0000
vn 0.7035 0.7107 -0.0000
vn 0.5903 0.8072 -0.0000
vn -0.9529 0.3031 -0.0000
vn -0.7035 0.7107 -0.0000
vn -0.5903 0.8072 -0.0000
vn -0.0000 0.4093 -0.9124
vn 0.9771 -0.0000 -0.2126
vn -0.0000 0.7197 -0.6943
vn -0.0000 -0.7071 0.7071
vn -0.0001 -0.7071 0.7071
vn -0.0000 -0.7072 0.7071
vn -0.0000 0.3910 -0.9204
vn -0.5774 -0.8165 -0.0000
vn 0.5773 -0.0000 -0.8165
vn 0.5773 -0.8165 -0.0000
vn -0.5774 0.8165 -0.0000
vn -0.5773 -0.0000 -0.8165
vn 0.5774 -0.0000 0.8165
vn -0.5773 -0.0000 0.8165
vn 0.5773 0.8165 -0.0000
vn 0.5774 -0.0000 -0.8165
vn -0.0000 0.7071 -0.7071
vn -0.0000 0.7072 -0.7071
vn 0.0001 0.7071 -0.7071
vn 0.9061 0.2071 -0.3688
vn 0.8786 -0.3385 -0.3369
vn 0.9750 -0.0147 -0.2215
vn 0.7612 -0.0662 -0.6452
vn 0.7099 -0.3592 -0.6058
vn 0.3472 -0.0845 -0.9340
vn 0.3449 -0.3702 -0.8626
vn 0.1559 -0.3279 -0.9318
vn 0.1523 -0.0891 -0.9843
vn 0.0949 -0.2829 -0.9544
vn 0.0718 -0.3075 -0.9488
vn 0.0626 -0.0865 -0.9943
vn 0.1021 -0.0834 -0.9913
vn 0.0234 -0.0744 -0.9970
vn -0.0000 -0.0901 -0.9959
vn 0.0930 -0.4773 -0.8738
vn 0.0397 -0.4627 -0.8856
vn 0.0485 -0.4623 -0.8854
vn -0.0000 -0.4629 -0.8864
vn 0.1547 -0.5637 -0.8114
vn 0.2780 -0.6163 -0.7368
vn 0.1493 -0.6090 -0.7790
vn 0.1483 -0.6056 -0.7819
vn 0.2755 -0.6163 -0.7378
vn 0.1017 -0.5879 -0.8025
vn 0.0967 -0.5845 -0.8056
vn 0.0364 -0.5868 -0.8089
vn 0.0356 -0.5868 -0.8089
vn -0.0000 -0.5872 -0.8094
vn 0.6518 -0.6541 -0.3838
vn 0.4456 -0.6974 -0.5614
vn 0.6571 -0.5683 -0.4953
vn 0.5834 -0.5823 -0.5662
vn 0.7920 -0.5210 -0.3183
vn 0.7864 -0.5379 -0.3036
vn 0.2371 -0.6097 -0.7563
vn 0.0132 0.9332 -0.3591
vn -0.0000 0.9333 -0.3591
vn 0.0142 0.9337 -0.3578
vn 0.0345 0.9373 -0.3468
vn 0.0350 0.9373 -0.3467
vn 0.0523 0.9334 -0.3550
vn 0.0494 0.9294 -0.3657
vn 0.1022 0.8969 -0.4302
vn 0.3806 0.7937 -0.4745
vn 0.3105 0.8342 -0.4558
vn 0.9061 0.2070 -0.3690
vn 0.0317 0.6879 -0.7251
vn -0.0000 0.6883 -0.7255
vn 0.0326 0.6879 -0.7251
vn 0.1323 0.7058 -0.6960
vn 0.0864 0.6857 -0.7227
vn 0.0911 0.6884 -0.7195
vn 0.1328 0.7086 -0.6930
vn 0.2443 0.7152 -0.6548
vn 0.5898 0.6433 -0.4881
vn 0.5081 0.6876 -0.5188
vn 0.2468 0.7152 -0.6538
vn 0.7982 0.3212 -0.5097
vn 0.8025 0.1906 -0.5654
vn -0.9750 -0.0147 -0.2215
vn -0.8786 -0.3385 -0.3369
vn -0.9061 0.2071 -0.3688
vn -0.7612 -0.0662 -0.6452
vn -0.7099 -0.3592 -0.6058
vn -0.3472 -0.0845 -0.9340
vn -0.3449 -0.3702 -0.8626
vn -0.1523 -0.0891 -0.9843
vn -0.1559 -0.3279 -0.9318
vn -0.0626 -0.0865 -0.9943
vn -0.0718 -0.3075 -0.9488
vn -0.0949 -0.2829 -0.9544
vn -0.1021 -0.0834 -0.9913
vn -0.0234 -0.0744 -0.9970
vn -0.0485 -0.4623 -0.8854
vn -0.0397 -0.4627 -0.8856
vn -0.0930 -0.4773 -0.8738
vn -0.1547 -0.5637 -0.8114
vn -0.1483 -0.6056 -0.7819
vn -0.1493 -0.6090 -0.7790
vn -0.2780 -0.6163 -0.7368
vn -0.2755 -0.6163 -0.7378
vn -0.0967 -0.5845 -0.8056
vn -0.1017 -0.5879 -0.8025
vn -0.0356 -0.5868 -0.8089
vn -0.0364 -0.5868 -0.8089
vn -0.6518 -0.6541 -0.3838
vn -0.4456 -0.6974 -0.5614
vn -0.7920 -0.5210 -0.3183
vn -0.5834 -0.5823 -0.5662
vn -0.6571 -0.5683 -0.4953
vn -0.7864 -0.5379 -0.3036
vn -0.2371 -0.6097 -0.7563
vn -0.0132 0.9332 -0.3591
vn -0.0345 0.9373 -0.3468
vn -0.0142 0.9337 -0.3578
vn -0.0350 0.9373 -0.3467
vn -0.0523 0.9334 -0.3550
vn -0.1022 0.8969 -0.4302
vn -0.0494 0.9294 -0.3657
vn -0.9062 0.2071 -0.3688
vn -0.3105 0.8342 -0.4558
vn -0.3806 0.7937 -0.4745
vn -0.0317 0.6879 -0.7251
vn -0.0326 0.6879 -0.7251
vn -0.0911 0.6885 -0.7195
vn -0.0864 0.6857 -0.7227
vn -0.1323 0.7058 -0.6960
vn -0.1328 0.7086 -0.6930
vn -0.5081 0.6876 -0.5188
vn -0.5898 0.6433 -0.4881
vn -0.2443 0.7152 -0.6548
vn -0.2468 0.7152 -0.6538
vn -0.8025 0.1906 -0.5654
vn -0.7982 0.3212 -0.5097
vn 0.0008 -0.9990 -0.0455
vn -0.0000 -0.9990 -0.0440
vn -0.0000 -0.9990 -0.0437
vn 0.0103 -0.9978 -0.0661
vn 0.0002 -1.0000 -0.0012
vn 0.0311 -0.9952 -0.0929
vn 0.0187 -0.9968 -0.0777
vn -0.0008 -0.9990 -0.0455
vn -0.0002 -1.0000 -0.0012
vn -0.0103 -0.9978 -0.0661
vn -0.0311 -0.9952 -0.0929
vn -0.0187 -0.9968 -0.0777
vn 0.0031 -0.3077 -0.9515
vn 0.0118 -0.4623 -0.8866
vn 0.0054 -0.4560 -0.8899
vn -0.0001 -0.3042 -0.9526
vn -0.0000 -0.1505 -0.9886
vn -0.0054 -0.4560 -0.8899
vn -0.0118 -0.4623 -0.8866
vn -0.0031 -0.3077 -0.9515
vn 0.0001 -0.3042 -0.9526
vn 0.0051 0.0056 -1.0000
vn 0.0133 -0.0000 -0.9999
vn 0.0083 0.0034 -1.0000
vn -0.0083 0.0034 -1.0000
vn -0.0133 -0.0000 -0.9999
vn -0.0051 0.0056 -1.0000
vn -0.2567 0.6916 -0.6752
vn 0.2642 0.8235 0.5021
vn 0.2567 0.6916 -0.6752
vn -0.5767 0.5796 0.5758
vn -0.5565 0.4588 -0.6927
vn -0.4069 0.6536 0.6381
vn -0.5230 -0.0061 0.8523
vn -0.8401 0.3052 -0.4483
vn -0.8765 -0.2161 -0.4302
vn -0.4580 0.0126 0.8888
vn -0.0842 -0.4712 0.8780
vn -0.8262 -0.4826 -0.2908
vn -0.3784 -0.4713 -0.7967
vn -0.4726 0.5338 0.7012
vn -0.0000 0.1737 0.9848
vn -0.0196 -0.0079 -0.9998
vn -0.5295 0.2351 -0.8151
vn -0.8469 -0.1975 -0.4937
vn -0.1809 0.2003 0.9629
vn 0.0842 -0.4711 0.8780
vn -0.0000 0.1736 0.9848
vn -0.0000 -0.1736 -0.9848
vn 0.1809 0.2003 0.9629
vn -0.3515 -0.2536 0.9012
vn 0.5767 0.5796 0.5758
vn 0.5565 0.4587 -0.6927
vn 0.4069 0.6536 0.6381
vn 0.8401 0.3052 -0.4483
vn 0.5230 -0.0061 0.8523
vn 0.8765 -0.2161 -0.4302
vn 0.4580 0.0126 0.8888
vn 0.8262 -0.4826 -0.2908
vn 0.3784 -0.4713 -0.7967
vn 0.4726 0.5338 0.7012
vn 0.5295 0.2351 -0.8151
vn 0.0196 -0.0079 -0.9998
vn 0.8469 -0.1975 -0.4937
vn -0.0000 -0.1737 -0.9848
vn 0.3515 -0.2536 0.9012
vn -0.2642 0.8235 0.5021
vn -0.7071 -0.6963 0.1228
vn 0.7071 -0.6963 0.1228
vn 0.7071 -0.6964 0.1228
vn 0.7071 0.6963 -0.1228
vn 0.7071 0.6964 -0.1228
vn -0.7071 0.6964 -0.1228
vn -0.7071 0.6963 -0.1228
vn -0.7071 -0.6964 0.1228
vn 0.5565 0.4588 -0.6927
vn -0.5565 0.4587 -0.6927
vn -0.1842 -0.6561 0.7319
vn 0.1185 0.6207 0.7751
vn -0.1185 0.6207 0.7751
vn 0.3541 0.6000 -0.7173
vn -0.3754 -0.6140 -0.6943
vn -0.3541 0.6000 -0.7173
vn -0.7456 -0.6400 -0.1856
vn -0.5734 0.7942 -0.2011
vn -0.5145 0.7266 0.4555
vn 0.1842 -0.6561 0.7319
vn -0.6580 -0.6145 0.4353
vn 0.7456 -0.6400 -0.1856
vn 0.5734 0.7942 -0.2011
vn 0.5145 0.7266 0.4555
vn 0.3754 -0.6140 -0.6943
vn 0.6580 -0.6145 0.4353
vn -0.0000 -0.7747 0.6323
vn -0.0000 -0.4288 0.9034
vn -0.0874 0.7217 0.6867
vn 0.1824 0.7319 0.6565
vn -0.0000 0.7071 0.7071
vn 0.1981 0.6488 0.7347
vn -0.1900 0.9686 -0.1603
vn -0.3572 0.9273 -0.1120
vn -0.1053 0.7324 0.6727
vn 0.4487 0.8915 -0.0623
vn 0.2408 0.9576 -0.1584
vn 0.5463 0.3185 0.7747
vn 0.4521 0.2889 0.8439
vn 0.0754 0.6404 0.7643
vn 0.3863 0.4884 0.7824
vn -0.3675 0.3213 0.8728
vn 0.1294 0.7905 0.5987
vn -0.0222 0.5856 0.8103
vn -0.1920 0.3178 0.9285
vn -0.0000 0.7408 0.6717
vn -0.0000 0.5733 0.8194
vn -0.0000 0.4048 0.9144
vn -0.0000 0.7233 -0.6905
vn -0.0000 0.9283 -0.3719
vn 0.0972 0.9386 -0.3311
vn -0.0000 0.9383 0.3459
vn 0.0977 0.9474 0.3049
vn 0.2356 0.9546 -0.1824
vn -0.1981 0.6488 0.7347
vn 0.0874 0.7216 0.6867
vn -0.1824 0.7319 0.6565
vn 0.3572 0.9273 -0.1120
vn 0.1900 0.9686 -0.1603
vn 0.1053 0.7324 0.6727
vn -0.2408 0.9576 -0.1584
vn -0.4487 0.8915 -0.0623
vn -0.0754 0.6404 0.7643
vn -0.4521 0.2889 0.8439
vn -0.5463 0.3185 0.7747
vn -0.3863 0.4884 0.7824
vn 0.0222 0.5856 0.8103
vn -0.1294 0.7905 0.5987
vn 0.3675 0.3213 0.8728
vn 0.1920 0.3178 0.9285
vn -0.0972 0.9386 -0.3311
vn -0.0977 0.9474 0.3049
vn -0.2356 0.9546 -0.1824
vn -0.6308 0.7717 -0.0808
vn -0.3688 0.8377 0.4027
vn -0.3914 0.7287 -0.5620
vn 0.6308 0.7717 -0.0808
vn 0.3913 0.7287 -0.5620
vn 0.3688 0.8377 0.4028
vn 0.4524 0.2140 0.8658
vn -0.4711 0.1086 -0.8754
vn -0.5822 -0.1383 0.8012
vn -0.9970 -0.0774 -0.0078
vn -0.5674 -0.0000 0.8235
vn 0.5821 -0.1383 0.8013
vn -0.4524 0.2140 0.8657
vn 0.5673 -0.0000 0.8235
vn 0.9970 -0.0775 -0.0078
vn 0.5682 -0.0731 -0.8196
vn 0.5673 -0.0000 -0.8235
vn -0.5683 -0.0731 -0.8196
vn 0.4710 0.1086 -0.8754
vn -0.5674 -0.0000 -0.8235
vn 0.9888 0.1473 0.0243
vn -0.9888 0.1473 0.0243
vn 0.5662 0.5991 0.5662
vn -0.4161 0.8085 0.4161
vn -0.5662 0.5991 0.5662
vn 0.5662 0.5991 -0.5662
vn 0.4161 0.8085 0.4161
vn -0.5662 0.5991 -0.5662
vn 0.4161 0.8085 -0.4161
vn -0.4161 0.8085 -0.4161
vn -0.2295 -0.8429 -0.4866
vn 0.2295 -0.8429 -0.4866
vn -0.8505 -0.4555 -0.2630
vn -0.8505 0.4555 0.2630
vn -0.2295 0.8429 0.4867
vn 0.2295 0.8429 0.4866
vn -0.2295 0.8429 0.4866
vn 0.8505 0.4555 0.2630
vn 0.2295 0.8429 0.4867
vn 0.8505 -0.4555 -0.2630
vn -0.5547 -0.8321 -0.0000
vn -0.5228 0.8525 -0.0000
vn -0.0000 0.5000 0.8660
vn -0.5229 0.8524 -0.0000
vn -0.5547 0.8320 -0.0000
vn -0.0000 0.4999 0.8661
vn 0.6537 -0.3896 -0.6488
vn 0.2902 -0.9042 0.3135
vn 0.2900 -0.9035 -0.3156
vn 0.6532 -0.3904 0.6488
vn -0.6537 -0.3872 -0.6502
vn -0.2965 -0.9024 0.3127
vn -0.6533 -0.3880 0.6502
vn -0.7071 -0.0000 0.7071
vn 0.7071 -0.0000 0.7071
vn -0.2962 -0.9017 -0.3148
vn -0.0858 0.5575 -0.8257
vn -0.0000 -0.3388 0.9409
vn 0.0400 0.9036 -0.4266
vn -0.0000 0.9071 -0.4210
vn 0.0123 0.9104 -0.4137
vn -0.0400 0.9036 -0.4266
vn -0.0123 0.9104 -0.4137
vn -0.8342 -0.2918 -0.4679
vn -0.0476 -0.9989 -0.0025
vn -0.8250 -0.5647 -0.0205
vn 0.0858 -0.7236 -0.6849
vn -0.7882 0.2047 -0.5804
vn 0.6108 0.1416 0.7790
vn 0.2073 -0.8665 -0.4541
vn 0.5894 0.1810 0.7873
vn -0.1951 0.9447 0.2635
vn -0.4825 0.8124 0.3274
vn -0.5939 0.4115 -0.6913
vn -0.0000 -0.8685 -0.4956
vn -0.3492 0.9271 0.1358
vn -0.0951 0.0229 -0.9952
vn 0.2996 0.6103 0.7333
vn 0.3324 0.5861 0.7389
vn -0.0000 -0.3567 -0.9342
vn -0.0000 -0.1944 -0.9809
vn -0.0000 0.8262 0.5634
vn -0.0000 0.9556 0.2948
vn -0.0000 0.7838 0.6210
vn -0.0000 0.9444 0.3288
vn 0.0476 -0.9989 -0.0025
vn 0.8342 -0.2918 -0.4679
vn 0.8250 -0.5647 -0.0205
vn -0.0857 -0.7236 -0.6849
vn 0.7882 0.2047 -0.5804
vn -0.2076 -0.8666 -0.4537
vn -0.5832 0.1927 0.7892
vn 0.4825 0.8124 0.3274
vn 0.1951 0.9447 0.2635
vn -0.5894 0.1810 0.7873
vn 0.5939 0.4115 -0.6913
vn 0.3492 0.9271 0.1358
vn 0.0951 0.0229 -0.9952
vn -0.3324 0.5861 0.7389
vn -0.2996 0.6103 0.7333
vn 0.5957 0.3170 0.7380
vn -0.7829 0.2455 0.5717
vn -0.5957 0.3170 0.7380
vn 0.7829 -0.2455 -0.5717
vn 0.7829 0.2455 0.5717
vn -0.7829 -0.2455 -0.5717
vn 0.5957 -0.3170 -0.7380
vn -0.5957 -0.3170 -0.7380
vn 0.5957 0.3169 0.7380
vn 0.5957 -0.3169 -0.7380
vn 0.1410 0.8997 0.4131
vn 0.2027 0.6653 0.7185
vn -0.1410 -0.8997 -0.4131
vn 0.0578 0.9973 0.0448
vn 0.0578 0.9973 0.0449
vn 0.9717 -0.0460 -0.2316
vn -0.9717 0.0460 0.2316
vn -0.0623 0.9021 0.4269
vn -0.1028 0.6686 0.7365
vn 0.0623 -0.9021 -0.4269
vn -0.0124 0.9985 0.0525
vn -0.0124 0.9985 0.0524
vn 0.9910 0.0052 0.1335
vn -0.9910 -0.0053 -0.1335
vn 0.2027 0.6654 0.7185
vn -0.1028 0.6685 0.7366
vn -0.9954 -0.0247 0.0922
vn 0.4171 0.2527 0.8730
vn 0.0840 0.2599 0.9620
vn 0.3956 0.2542 0.8825
vn 0.6885 0.2178 0.6917
vn 0.0013 -0.9659 -0.2590
vn -0.1457 -0.9591 -0.2425
vn -0.0927 -0.9640 -0.2491
vn -0.2507 -0.9410 -0.2272
vn -0.1458 -0.9591 -0.2425
vn -0.3376 0.6756 -0.6554
vn -0.0595 0.7065 -0.7052
vn -0.2573 0.6906 -0.6759
vn -0.5331 0.6148 -0.5812
vn -0.9604 -0.0843 -0.2656
vn 0.1716 0.0179 0.9850
vn -0.2657 -0.0202 0.9638
vn 0.1396 0.0151 0.9901
vn 0.5568 0.0510 0.8291
vn 0.2173 -0.8518 -0.4767
vn -0.0171 -0.8495 -0.5274
vn 0.0894 -0.8566 -0.5081
vn -0.1759 -0.8200 -0.5446
vn -0.2811 0.7886 -0.5469
vn 0.0758 0.8743 -0.4795
vn -0.1495 0.8345 -0.5303
vn -0.5155 0.6584 -0.5485
vn -0.2506 -0.9410 -0.2272
vn -0.1759 -0.8201 -0.5446
vn 0.9963 -0.0012 -0.0865
vn -0.1541 -0.0235 -0.9878
vn 0.0676 -0.8538 0.5162
vn 0.0309 0.8775 0.4786
vn -0.1221 0.8981 -0.4225
vn -0.1798 0.6621 -0.7275
vn -0.1222 0.8981 -0.4225
vn 0.1221 -0.8981 0.4225
vn 0.1222 -0.8981 0.4226
vn -0.0459 0.9975 -0.0533
vn -0.9769 -0.0338 0.2109
vn 0.9769 0.0336 -0.2108
vn -0.5957 -0.4721 -0.6498
vn 0.7682 -0.6088 -0.1978
vn -0.7682 -0.6088 -0.1978
vn -0.5957 0.4721 -0.6498
vn 0.5957 -0.4721 -0.6498
vn -0.7682 0.6088 -0.1978
vn 0.5957 0.4721 -0.6498
vn 0.7682 0.6088 -0.1978
vt 0.374940 0.496480
vt 0.312030 0.443860
vt 0.373400 0.443860
vt 0.316930 0.497580
vt 0.468550 0.495090
vt 0.468420 0.443860
vt 0.530780 0.443860
vt 0.528870 0.494260
vt 0.283340 0.443860
vt 0.290020 0.498330
vt 0.473860 0.532180
vt 0.525430 0.542890
vt 0.350140 0.537140
vt 0.322090 0.542000
vt 0.715960 0.834960
vt 0.652140 0.863460
vt 0.636840 0.853600
vt 0.708640 0.822760
vt 0.768420 0.794780
vt 0.780970 0.805930
vt 0.348530 0.545480
vt 0.312420 0.551570
vt 0.324970 0.562710
vt 0.347290 0.556600
vt 0.477210 0.541440
vt 0.428380 0.543060
vt 0.429570 0.533920
vt 0.424810 0.554070
vt 0.434680 0.553860
vt 0.478340 0.552060
vt 0.650950 0.619340
vt 0.719550 0.606750
vt 0.729270 0.619340
vt 0.053580 0.805150
vt 0.152570 0.827680
vt 0.101100 0.843600
vt 0.100670 0.795980
vt 0.205250 0.852660
vt 0.140660 0.873760
vt 0.267930 0.627340
vt 0.273250 0.620340
vt 0.284490 0.624140
vt 0.072520 0.655750
vt 0.028830 0.664710
vt 0.072650 0.651960
vt 0.160720 0.637950
vt 0.159820 0.642380
vt 0.116990 0.631740
vt 0.072220 0.619890
vt 0.074460 0.630290
vt 0.114640 0.622390
vt 0.028330 0.629480
vt 0.024900 0.618380
vt 0.554270 0.623300
vt 0.551540 0.654100
vt 0.544830 0.623390
vt 0.641890 0.644330
vt 0.742080 0.639560
vt 0.865060 0.636530
vt 0.852880 0.619340
vt 0.269530 0.633530
vt 0.218590 0.667490
vt 0.148070 0.673950
vt 0.744810 0.606600
vt 0.732580 0.601930
vt 0.101870 0.679390
vt 0.060360 0.686160
vt 0.104400 0.697700
vt 0.116840 0.697700
vt 0.145610 0.682520
vt 0.289410 0.740210
vt 0.294130 0.756570
vt 0.256780 0.756570
vt 0.284900 0.721670
vt 0.245330 0.721670
vt 0.224870 0.697750
vt 0.217730 0.701220
vt 0.187340 0.682520
vt 0.232580 0.721670
vt 0.240570 0.756570
vt 0.284970 0.663730
vt 0.300740 0.631470
vt 0.061820 0.700060
vt 0.891620 0.932240
vt 0.950170 0.932240
vt 0.918120 0.962450
vt 0.951650 0.962450
vt 0.995040 0.869350
vt 0.979780 0.919290
vt 0.961930 0.869350
vt 0.995040 0.945620
vt 0.989990 0.928960
vt 0.961930 0.913820
vt 0.995040 0.792500
vt 0.961930 0.792500
vt 0.891620 0.824030
vt 0.920380 0.795410
vt 0.950170 0.824030
vt 0.936420 0.800330
vt 0.945620 0.809040
vt 0.895610 0.809040
vt 0.904500 0.800330
vt 0.856160 0.606750
vt 0.871330 0.607630
vt 0.891620 0.885690
vt 0.950170 0.885690
vt 0.675250 0.487390
vt 0.677750 0.521080
vt 0.675250 0.530510
vt 0.693320 0.487390
vt 0.683330 0.515630
vt 0.693320 0.512530
vt 0.693320 0.443860
vt 0.675250 0.443860
vt 0.520870 0.570980
vt 0.536880 0.545890
vt 0.647330 0.537630
vt 0.549670 0.489060
vt 0.651690 0.493270
vt 0.551910 0.443860
vt 0.654030 0.443860
vt 0.644440 0.570870
vt 0.533120 0.578860
vt 0.259180 0.520190
vt 0.269680 0.555870
vt 0.194590 0.518180
vt 0.193920 0.554540
vt 0.107110 0.511010
vt 0.106080 0.552120
vt 0.192670 0.591510
vt 0.103800 0.588040
vt 0.048390 0.501180
vt 0.053250 0.548300
vt 0.059570 0.584390
vt 0.041160 0.546940
vt 0.028470 0.517070
vt 0.023780 0.493590
vt 0.107690 0.505480
vt 0.020590 0.443860
vt 0.045960 0.443860
vt 0.195710 0.509230
vt 0.257490 0.509960
vt 0.277310 0.510080
vt 0.252380 0.443860
vt 0.195710 0.443860
vt 0.107690 0.443860
vt 0.300640 0.592690
vt 0.271190 0.443860
vt 0.288040 0.556160
vt 0.306070 0.587420
vt 0.671060 0.569410
vt 0.374940 0.391240
vt 0.316930 0.390140
vt 0.468550 0.392630
vt 0.528870 0.393460
vt 0.290020 0.389390
vt 0.525430 0.344830
vt 0.473860 0.355540
vt 0.350140 0.350580
vt 0.322090 0.345720
vt 0.636840 0.731450
vt 0.652140 0.721580
vt 0.715960 0.750090
vt 0.708640 0.762290
vt 0.780970 0.779120
vt 0.768420 0.790260
vt 0.312420 0.336150
vt 0.348530 0.342240
vt 0.324970 0.325010
vt 0.347290 0.331120
vt 0.428380 0.344660
vt 0.477210 0.346280
vt 0.429570 0.353800
vt 0.434680 0.333860
vt 0.424810 0.333650
vt 0.478340 0.335660
vt 0.729270 0.965620
vt 0.719550 0.978210
vt 0.650950 0.965620
vt 0.101100 0.741360
vt 0.152570 0.757280
vt 0.053580 0.779810
vt 0.100670 0.788980
vt 0.140660 0.711200
vt 0.205250 0.732300
vt 0.284490 0.960820
vt 0.273250 0.964610
vt 0.267930 0.957620
vt 0.072650 0.933000
vt 0.028830 0.920250
vt 0.072520 0.929210
vt 0.159820 0.942580
vt 0.160720 0.947010
vt 0.544830 0.961570
vt 0.551540 0.930860
vt 0.554270 0.961660
vt 0.641890 0.940630
vt 0.742080 0.945400
vt 0.865060 0.948430
vt 0.852880 0.965620
vt 0.148070 0.911010
vt 0.218590 0.917470
vt 0.269530 0.951430
vt 0.732580 0.983030
vt 0.744810 0.978360
vt 0.101870 0.905570
vt 0.060360 0.898800
vt 0.104400 0.887260
vt 0.116840 0.887260
vt 0.145610 0.902430
vt 0.256780 0.828390
vt 0.294140 0.828390
vt 0.289410 0.844750
vt 0.284900 0.863290
vt 0.245330 0.863290
vt 0.187340 0.902430
vt 0.217730 0.883740
vt 0.224870 0.887210
vt 0.232580 0.863290
vt 0.240570 0.828390
vt 0.284970 0.921230
vt 0.300740 0.953490
vt 0.061820 0.884900
vt 0.918120 0.623400
vt 0.950170 0.653610
vt 0.891620 0.653610
vt 0.951650 0.623400
vt 0.961930 0.715650
vt 0.979780 0.665710
vt 0.995040 0.715650
vt 0.989990 0.656040
vt 0.995040 0.639370
vt 0.961930 0.671180
vt 0.950170 0.761830
vt 0.920380 0.790450
vt 0.891620 0.761830
vt 0.936420 0.785530
vt 0.945620 0.776820
vt 0.904500 0.785530
vt 0.895610 0.776820
vt 0.856160 0.978210
vt 0.871330 0.977330
vt 0.950170 0.700170
vt 0.891620 0.700170
vt 0.675250 0.357210
vt 0.677750 0.366630
vt 0.675250 0.400330
vt 0.683330 0.372090
vt 0.693320 0.400330
vt 0.693320 0.375190
vt 0.647330 0.350090
vt 0.536880 0.341830
vt 0.520870 0.316740
vt 0.651690 0.394450
vt 0.549670 0.398660
vt 0.644440 0.316850
vt 0.533120 0.308860
vt 0.194590 0.369540
vt 0.269680 0.331850
vt 0.259180 0.367530
vt 0.193920 0.333180
vt 0.107110 0.376710
vt 0.106080 0.335600
vt 0.192670 0.296210
vt 0.103800 0.299680
vt 0.048390 0.386530
vt 0.053250 0.339420
vt 0.059570 0.303330
vt 0.041160 0.340780
vt 0.028470 0.370640
vt 0.023780 0.394130
vt 0.107690 0.382240
vt 0.195710 0.378490
vt 0.257490 0.377760
vt 0.277310 0.377640
vt 0.300850 0.295030
vt 0.288040 0.331560
vt 0.306070 0.300300
vt 0.671060 0.318310
vt 0.634930 0.666240
vt 0.573960 0.662160
vt 0.624550 0.721670
vt 0.550150 0.721670
vt 0.675910 0.680190
vt 0.643070 0.696240
vt 0.750660 0.664370
vt 0.717640 0.680190
vt 0.542240 0.740210
vt 0.617030 0.756570
vt 0.612240 0.756570
vt 0.525880 0.756570
vt 0.752290 0.692070
vt 0.750810 0.698490
vt 0.774990 0.717400
vt 0.783160 0.740010
vt 0.768050 0.729360
vt 0.771480 0.759050
vt 0.787170 0.759050
vt 0.850770 0.682190
vt 0.854510 0.661110
vt 0.845410 0.713050
vt 0.840470 0.746930
vt 0.841930 0.735470
vt 0.842690 0.730350
vt 0.762900 0.717700
vt 0.573960 0.922790
vt 0.634930 0.918720
vt 0.550150 0.863290
vt 0.624550 0.863290
vt 0.643070 0.888720
vt 0.675910 0.904770
vt 0.717640 0.904770
vt 0.750660 0.920590
vt 0.542240 0.844750
vt 0.612240 0.828390
vt 0.617030 0.828390
vt 0.525880 0.828390
vt 0.752290 0.892890
vt 0.750810 0.886470
vt 0.768050 0.855600
vt 0.783160 0.844950
vt 0.774990 0.867550
vt 0.771480 0.825900
vt 0.787170 0.825900
vt 0.850770 0.902770
vt 0.854510 0.923850
vt 0.845410 0.871910
vt 0.841930 0.849490
vt 0.840470 0.838030
vt 0.842690 0.854600
vt 0.762900 0.867250
vt 0.601450 0.769530
vt 0.617160 0.781220
vt 0.597550 0.781220
vt 0.293420 0.781220
vt 0.511550 0.769530
vt 0.292890 0.769530
vt 0.256780 0.765220
vt 0.240570 0.764830
vt 0.245780 0.777440
vt 0.617160 0.803740
vt 0.601450 0.815420
vt 0.597550 0.803740
vt 0.511550 0.815420
vt 0.293420 0.803740
vt 0.294140 0.815420
vt 0.256780 0.819730
vt 0.240570 0.820130
vt 0.245780 0.807520
vt 0.914440 0.118120
vt 0.914900 0.108470
vt 0.914670 0.118120
vt 0.914210 0.108470
vt 0.685280 0.018840
vt 0.684460 0.016540
vt 0.685280 0.016540
vt 0.684220 0.018310
vt 0.684220 0.016540
vt 0.681550 0.016540
vt 0.681850 0.018310
vt 0.681550 0.019050
vt 0.676880 0.016540
vt 0.676880 0.019050
vt 0.676150 0.018310
vt 0.684220 0.019100
vt 0.684460 0.019100
vt 0.681850 0.019240
vt 0.676150 0.019240
vt 0.676150 0.016540
vt 0.673810 0.018310
vt 0.673810 0.016540
vt 0.681850 0.016540
vt 0.680860 0.011040
vt 0.680860 0.011650
vt 0.681100 0.012770
vt 0.681700 0.013590
vt 0.682750 0.014110
vt 0.685160 0.013520
vt 0.684090 0.014110
vt 0.685550 0.012900
vt 0.685830 0.011570
vt 0.685720 0.012530
vt 0.678890 0.011540
vt 0.679050 0.011150
vt 0.678890 0.011760
vt 0.678630 0.012880
vt 0.678150 0.013540
vt 0.677170 0.014140
vt 0.675830 0.014140
vt 0.674150 0.010900
vt 0.674150 0.011130
vt 0.674150 0.011510
vt 0.674230 0.012640
vt 0.674910 0.013660
vt 0.497550 0.021440
vt 0.510140 0.010700
vt 0.543460 0.021440
vt 0.543460 0.008830
vt 0.494300 0.013780
vt 0.472600 0.021440
vt 0.472020 0.004170
vt 0.489290 0.021440
vt 0.492890 0.013780
vt 0.725440 0.004490
vt 0.722510 0.005630
vt 0.722510 0.004490
vt 0.429210 0.003970
vt 0.468540 0.021440
vt 0.429210 0.021440
vt 0.725930 0.005630
vt 0.470340 0.004170
vt 0.383290 0.008810
vt 0.423800 0.008810
vt 0.383290 0.021470
vt 0.422600 0.021470
vt 0.426260 0.008810
vt 0.383290 0.018510
vt 0.425310 0.018510
vt 0.424570 0.021470
vt 0.427140 0.018510
vt 0.677890 0.013940
vt 0.678370 0.012970
vt 0.678400 0.014740
vt 0.677770 0.014750
vt 0.680870 0.015360
vt 0.678380 0.015360
vt 0.680870 0.012970
vt 0.680870 0.014740
vt 0.062490 0.718760
vt 0.029290 0.729490
vt 0.062490 0.729490
vt 0.029290 0.718760
vt 0.010810 0.724110
vt 0.012700 0.768440
vt 0.048810 0.761320
vt 0.048810 0.768440
vt 0.012700 0.761320
vt 0.048810 0.754340
vt 0.012700 0.737770
vt 0.012700 0.754340
vt 0.048810 0.737770
vt 0.053430 0.759710
vt 0.053430 0.732490
vt 0.059870 0.732490
vt 0.064380 0.754340
vt 0.059870 0.759710
vt 0.064380 0.737770
vt 0.506960 0.054860
vt 0.540550 0.056010
vt 0.511220 0.064390
vt 0.544590 0.064390
vt 0.543910 0.064390
vt 0.548890 0.014780
vt 0.557550 0.021440
vt 0.557550 0.008830
vt 0.548890 0.021440
vt 0.678850 0.015520
vt 0.678850 0.017130
vt 0.677680 0.017480
vt 0.679260 0.016950
vt 0.681250 0.015520
vt 0.681250 0.016150
vt 0.680790 0.016320
vt 0.675610 0.017400
vt 0.673560 0.015520
vt 0.675610 0.015520
vt 0.676230 0.015520
vt 0.685910 0.015520
vt 0.685910 0.016150
vt 0.518070 0.223640
vt 0.544910 0.255430
vt 0.518070 0.263660
vt 0.544910 0.263660
vt 0.579090 0.223640
vt 0.579090 0.255430
vt 0.491230 0.255430
vt 0.491230 0.263660
vt 0.457100 0.223640
vt 0.457100 0.255430
vt 0.673560 0.017400
vt 0.676230 0.017580
vt 0.518060 0.273430
vt 0.465300 0.273430
vt 0.487300 0.269550
vt 0.518060 0.269550
vt 0.465300 0.259780
vt 0.487300 0.259780
vt 0.398200 0.273440
vt 0.375390 0.273700
vt 0.375580 0.259780
vt 0.398200 0.259780
vt 0.359250 0.258790
vt 0.333410 0.276830
vt 0.314570 0.254050
vt 0.355720 0.276120
vt 0.306890 0.278510
vt 0.361820 0.276120
vt 0.447240 0.259780
vt 0.433870 0.273440
vt 0.433870 0.259780
vt 0.385190 0.222690
vt 0.394390 0.229490
vt 0.383230 0.229490
vt 0.403510 0.222690
vt 0.402410 0.229490
vt 0.305450 0.253730
vt 0.287130 0.284160
vt 0.307730 0.222690
vt 0.314500 0.222690
vt 0.362820 0.222690
vt 0.347070 0.222690
vt 0.378560 0.252940
vt 0.358340 0.252940
vt 0.354740 0.252940
vt 0.548820 0.269550
vt 0.570820 0.273430
vt 0.548820 0.259780
vt 0.570820 0.259780
vt 0.660540 0.259780
vt 0.660730 0.273700
vt 0.637920 0.273440
vt 0.637920 0.259780
vt 0.721550 0.254050
vt 0.702710 0.276830
vt 0.676870 0.258790
vt 0.680400 0.276120
vt 0.729230 0.278510
vt 0.674300 0.276120
vt 0.588880 0.259780
vt 0.602250 0.259780
vt 0.602250 0.273440
vt 0.652890 0.229490
vt 0.641730 0.229490
vt 0.650930 0.222690
vt 0.633710 0.229490
vt 0.632610 0.222690
vt 0.748990 0.284160
vt 0.730680 0.253730
vt 0.721620 0.222690
vt 0.728390 0.222690
vt 0.673300 0.222690
vt 0.689050 0.222690
vt 0.677780 0.252940
vt 0.657560 0.252940
vt 0.681380 0.252940
vt 0.603730 0.059010
vt 0.604110 0.064400
vt 0.621960 0.064400
vt 0.620820 0.051930
vt 0.563890 0.064400
vt 0.565050 0.052200
vt 0.547710 0.046630
vt 0.546370 0.064400
vt 0.720800 0.005370
vt 0.717650 0.005370
vt 0.717650 0.007620
vt 0.721240 0.007620
vt 0.518060 0.283110
vt 0.465300 0.283110
vt 0.297970 0.284160
vt 0.335440 0.282250
vt 0.352170 0.281250
vt 0.433870 0.281250
vt 0.398200 0.281250
vt 0.375990 0.281250
vt 0.362740 0.281350
vt 0.570820 0.283110
vt 0.738150 0.284160
vt 0.700680 0.282250
vt 0.683960 0.281250
vt 0.602250 0.281250
vt 0.637920 0.281250
vt 0.660130 0.281250
vt 0.673380 0.281350
vt 0.602290 0.064400
vt 0.599910 0.059750
vt 0.592620 0.058520
vt 0.651520 0.064400
vt 0.636730 0.052160
vt 0.623480 0.064400
vt 0.664790 0.052160
vt 0.577680 0.064400
vt 0.566650 0.058990
vt 0.628800 0.052780
vt 0.390260 0.252940
vt 0.399330 0.252940
vt 0.645860 0.252940
vt 0.636790 0.252940
vt 0.588880 0.252940
vt 0.602250 0.252940
vt 0.447240 0.252940
vt 0.433870 0.252940
vt 0.433870 0.229490
vt 0.447240 0.229490
vt 0.602250 0.229490
vt 0.588880 0.229490
vt 0.602250 0.222690
vt 0.588880 0.222690
vt 0.447240 0.222690
vt 0.433870 0.222690
vt 0.433850 0.218730
vt 0.433850 0.216800
vt 0.447270 0.218730
vt 0.447270 0.216800
vt 0.403300 0.218730
vt 0.403300 0.216800
vt 0.387120 0.218730
vt 0.385650 0.206950
vt 0.378620 0.218730
vt 0.353750 0.216980
vt 0.403300 0.206950
vt 0.518060 0.216800
vt 0.447270 0.206950
vt 0.518060 0.206950
vt 0.518060 0.218730
vt 0.588860 0.218730
vt 0.602270 0.216800
vt 0.602270 0.218730
vt 0.588860 0.216800
vt 0.632820 0.216800
vt 0.632820 0.218730
vt 0.649000 0.218730
vt 0.682370 0.216980
vt 0.657500 0.218730
vt 0.650470 0.206950
vt 0.632820 0.206950
vt 0.588860 0.206950
vt 0.621990 0.021440
vt 0.614340 0.021440
vt 0.622000 0.013110
vt 0.614340 0.004960
vt 0.567310 0.005460
vt 0.567310 0.021440
vt 0.559670 0.021440
vt 0.558920 0.010960
vt 0.433850 0.206950
vt 0.447270 0.200220
vt 0.433850 0.200220
vt 0.403300 0.200220
vt 0.357180 0.206950
vt 0.321180 0.216980
vt 0.321180 0.206950
vt 0.314410 0.216980
vt 0.314410 0.206950
vt 0.314410 0.200220
vt 0.321180 0.200220
vt 0.357180 0.200220
vt 0.385650 0.200220
vt 0.518060 0.200220
vt 0.588860 0.200220
vt 0.602270 0.206950
vt 0.602270 0.200220
vt 0.632820 0.200220
vt 0.714940 0.206950
vt 0.714940 0.216980
vt 0.678940 0.206950
vt 0.721720 0.206950
vt 0.721720 0.216980
vt 0.714940 0.200220
vt 0.721720 0.200220
vt 0.678940 0.200220
vt 0.650470 0.200220
vt 0.722560 0.007240
vt 0.722560 0.006110
vt 0.727250 0.007240
vt 0.727250 0.006110
vt 0.581830 0.021440
vt 0.579780 0.009720
vt 0.613200 0.021440
vt 0.568410 0.012890
vt 0.607390 0.005980
vt 0.623090 0.021440
vt 0.653060 0.015330
vt 0.654370 0.021440
vt 0.664840 0.018230
vt 0.624650 0.013090
vt 0.676420 0.014750
vt 0.676420 0.015950
vt 0.676270 0.015910
vt 0.675440 0.015710
vt 0.674930 0.015430
vt 0.674600 0.015040
vt 0.676420 0.012420
vt 0.674300 0.014350
vt 0.674220 0.014040
vt 0.674220 0.012420
vt 0.966590 0.002760
vt 0.997400 0.023710
vt 0.966590 0.023710
vt 0.997400 0.002760
vt 0.738970 0.050520
vt 0.731460 0.058620
vt 0.731460 0.055740
vt 0.749970 0.058620
vt 0.749970 0.061490
vt 0.740670 0.058620
vt 0.731460 0.061490
vt 0.715850 0.058620
vt 0.718730 0.061490
vt 0.715850 0.061490
vt 0.718730 0.058620
vt 0.740670 0.061490
vt 0.933100 0.120390
vt 0.907290 0.126900
vt 0.907290 0.122210
vt 0.934610 0.125000
vt 0.907290 0.135010
vt 0.938870 0.135010
vt 0.907290 0.139590
vt 0.938570 0.093770
vt 0.935970 0.094970
vt 0.936020 0.094140
vt 0.938930 0.094580
vt 0.935840 0.095750
vt 0.940020 0.095750
vt 0.935720 0.096640
vt 0.927780 0.094970
vt 0.934690 0.094140
vt 0.934830 0.094970
vt 0.927780 0.095750
vt 0.935040 0.095750
vt 0.927780 0.096640
vt 0.935190 0.096640
vt 0.904230 0.095720
vt 0.896570 0.112570
vt 0.896570 0.095720
vt 0.896570 0.119160
vt 0.904230 0.112570
vt 0.904230 0.119160
vt 0.904230 0.132060
vt 0.894630 0.133600
vt 0.896570 0.132060
vt 0.880990 0.118180
vt 0.894500 0.109400
vt 0.894500 0.118180
vt 0.894500 0.095720
vt 0.877940 0.109400
vt 0.877940 0.095720
vt 0.888710 0.129780
vt 0.882840 0.129780
vt 0.904230 0.140510
vt 0.896570 0.140510
vt 0.894630 0.138770
vt 0.985700 0.054550
vt 0.974450 0.063410
vt 0.937980 0.063410
vt 0.937980 0.029350
vt 0.997000 0.029350
vt 0.901450 0.063410
vt 0.890200 0.054550
vt 0.878950 0.029350
vt 0.894500 0.129780
vt 0.940350 0.139590
vt 0.940390 0.096640
vt 0.927780 0.094140
vt 0.981260 0.092740
vt 0.930570 0.066450
vt 0.997000 0.066450
vt 0.879940 0.092740
vt 0.879940 0.066450
vt 0.883830 0.149440
vt 0.894550 0.155240
vt 0.894550 0.143590
vt 0.940380 0.155240
vt 0.914070 0.143590
vt 0.940380 0.143590
vt 0.997000 0.092740
vt 0.883830 0.155240
vt 0.877960 0.149440
vt 0.930570 0.092740
vt 0.914070 0.155240
vt 0.877960 0.155240
vt 0.917040 0.110350
vt 0.940400 0.116690
vt 0.917040 0.116690
vt 0.917040 0.104010
vt 0.940400 0.110350
vt 0.940400 0.104010
vt 0.911070 0.095940
vt 0.917040 0.097690
vt 0.907340 0.101060
vt 0.911070 0.106180
vt 0.940400 0.097690
vt 0.997040 0.206030
vt 0.951180 0.180740
vt 0.997040 0.180740
vt 0.952180 0.180740
vt 0.952180 0.206030
vt 0.959000 0.180740
vt 0.959000 0.206030
vt 0.951180 0.206030
vt 0.840790 0.209980
vt 0.828140 0.223610
vt 0.828140 0.209980
vt 0.792340 0.216740
vt 0.782900 0.209980
vt 0.792340 0.209980
vt 0.782900 0.216740
vt 0.783200 0.185710
vt 0.765650 0.207000
vt 0.765650 0.183660
vt 0.825180 0.209980
vt 0.809360 0.223610
vt 0.809360 0.209980
vt 0.825180 0.223610
vt 0.848600 0.183660
vt 0.819330 0.207000
vt 0.819330 0.183660
vt 0.783200 0.205020
vt 0.997050 0.095720
vt 0.943360 0.177730
vt 0.943360 0.095720
vt 0.763640 0.207000
vt 0.761090 0.183660
vt 0.763640 0.183660
vt 0.763390 0.221620
vt 0.775760 0.234370
vt 0.774390 0.234370
vt 0.766660 0.209980
vt 0.840790 0.223610
vt 0.848600 0.207000
vt 0.997050 0.177730
vt 0.761090 0.207000
vt 0.140280 0.235890
vt 0.136380 0.229600
vt 0.193610 0.227690
vt 0.201610 0.235890
vt 0.265620 0.235890
vt 0.262830 0.229450
vt 0.268760 0.229520
vt 0.281040 0.279500
vt 0.276230 0.279170
vt 0.211700 0.281730
vt 0.161930 0.278160
vt 0.162430 0.273640
vt 0.208020 0.277160
vt 0.275870 0.283960
vt 0.159320 0.276990
vt 0.133180 0.232700
vt 0.864320 0.546630
vt 0.935040 0.567400
vt 0.885320 0.589790
vt 0.942080 0.546810
vt 0.879200 0.599190
vt 0.874270 0.589790
vt 0.852620 0.546630
vt 0.853200 0.543250
vt 0.890920 0.534250
vt 0.916420 0.535230
vt 0.816640 0.328160
vt 0.836910 0.333950
vt 0.818250 0.333950
vt 0.838520 0.328160
vt 0.959630 0.011510
vt 0.941230 0.016770
vt 0.939760 0.011510
vt 0.958160 0.016770
vt 0.816450 0.337990
vt 0.823610 0.339780
vt 0.816450 0.338780
vt 0.817240 0.337990
vt 0.823610 0.336990
vt 0.817240 0.338780
vt 0.827090 0.336990
vt 0.827090 0.339780
vt 0.883720 0.318250
vt 0.883720 0.315260
vt 0.884500 0.318960
vt 0.889520 0.318960
vt 0.884500 0.314520
vt 0.889520 0.315040
vt 0.889520 0.318250
vt 0.890420 0.318250
vt 0.889520 0.315570
vt 0.890420 0.315570
vt 0.953790 0.011230
vt 0.877340 0.315260
vt 0.877340 0.318250
vt 0.871540 0.318960
vt 0.876560 0.318960
vt 0.871540 0.315040
vt 0.876560 0.314520
vt 0.870640 0.318250
vt 0.871540 0.318250
vt 0.870640 0.315570
vt 0.871540 0.315570
vt 0.889810 0.317280
vt 0.887230 0.317280
vt 0.890160 0.317280
vt 0.883820 0.314970
vt 0.889810 0.314970
vt 0.890160 0.315340
vt 0.871050 0.317280
vt 0.873980 0.317280
vt 0.871400 0.317280
vt 0.871050 0.315340
vt 0.871400 0.314970
vt 0.877390 0.314970
vt 0.896320 0.315160
vt 0.902670 0.319560
vt 0.902670 0.315180
vt 0.883460 0.314870
vt 0.889800 0.314890
vt 0.889800 0.319280
vt 0.871340 0.319280
vt 0.871340 0.314890
vt 0.877680 0.314870
vt 0.907240 0.118140
vt 0.912080 0.113300
vt 0.912080 0.118140
vt 0.907240 0.113300
vt 0.891720 0.165670
vt 0.909670 0.175790
vt 0.871630 0.175790
vt 0.909670 0.164100
vt 0.874970 0.171170
vt 0.859970 0.154530
vt 0.863900 0.151710
vt 0.851540 0.128360
vt 0.848590 0.133830
vt 0.865180 0.150500
vt 0.875640 0.169000
vt 0.874460 0.170280
vt 0.852910 0.127150
vt 0.871760 0.183130
vt 0.869930 0.176050
vt 0.858270 0.154960
vt 0.846820 0.134360
vt 0.874450 0.209630
vt 0.873000 0.209090
vt 0.874380 0.227650
vt 0.872740 0.213420
vt 0.874450 0.212900
vt 0.872740 0.227450
vt 0.909670 0.227650
vt 0.909670 0.245990
vt 0.892410 0.245210
vt 0.876920 0.241740
vt 0.909670 0.183130
vt 0.875220 0.244260
vt 0.865490 0.258920
vt 0.865780 0.261640
vt 0.856280 0.279200
vt 0.855170 0.271860
vt 0.876330 0.244260
vt 0.860070 0.217920
vt 0.859810 0.214480
vt 0.847130 0.222280
vt 0.846930 0.219200
vt 0.858590 0.213300
vt 0.845750 0.217850
vt 0.859810 0.219590
vt 0.847030 0.224240
vt 0.874020 0.214510
vt 0.861120 0.243230
vt 0.850610 0.256590
vt 0.859520 0.242670
vt 0.848770 0.255770
vt 0.909670 0.209830
vt 0.935580 0.249020
vt 0.996600 0.228510
vt 0.996600 0.249020
vt 0.935580 0.261910
vt 0.996600 0.261910
vt 0.946610 0.275180
vt 0.996600 0.275180
vt 0.967890 0.302710
vt 0.996600 0.305410
vt 0.947940 0.297970
vt 0.932120 0.285370
vt 0.934390 0.285320
vt 0.934390 0.290290
vt 0.931020 0.278350
vt 0.935580 0.212590
vt 0.996600 0.212590
vt 0.939270 0.208990
vt 0.920410 0.223820
vt 0.935580 0.228510
vt 0.996600 0.208990
vt 0.832980 0.252910
vt 0.787120 0.227040
vt 0.787120 0.252910
vt 0.842720 0.252910
vt 0.832980 0.227040
vt 0.823040 0.257840
vt 0.817120 0.299840
vt 0.844230 0.301210
vt 0.844230 0.257840
vt 0.783850 0.257840
vt 0.783010 0.292170
vt 0.767980 0.282600
vt 0.884020 0.290920
vt 0.889070 0.277580
vt 0.884670 0.277380
vt 0.886670 0.298820
vt 0.889650 0.298820
vt 0.920290 0.298820
vt 0.924890 0.298560
vt 0.907660 0.270910
vt 0.888550 0.270650
vt 0.930390 0.307450
vt 0.931170 0.309460
vt 0.920230 0.300770
vt 0.833490 0.254870
vt 0.786180 0.254870
vt 0.895030 0.254710
vt 0.879480 0.257180
vt 0.887320 0.263330
vt 0.764940 0.261710
vt 0.762130 0.274780
vt 0.765770 0.257840
vt 0.878510 0.260670
vt 0.842720 0.227040
vt 0.889650 0.300770
vt 0.848600 0.156310
vt 0.773480 0.165910
vt 0.848600 0.170510
vt 0.765390 0.175580
vt 0.846120 0.178820
vt 0.846010 0.180600
vt 0.771400 0.153310
vt 0.839790 0.133820
vt 0.761240 0.133820
vt 0.839830 0.126000
vt 0.761780 0.130840
vt 0.839830 0.130840
vt 0.853570 0.188850
vt 0.861280 0.188850
vt 0.855780 0.167820
vt 0.861280 0.205040
vt 0.853570 0.205040
vt 0.761780 0.126000
vt 0.773480 0.156310
vt 0.765280 0.177360
vt 0.846180 0.153310
vt 0.112250 0.233460
vt 0.007840 0.288050
vt 0.007840 0.233460
vt 0.677130 0.015070
vt 0.677130 0.017390
vt 0.681560 0.015070
vt 0.681560 0.017390
vt 0.112250 0.288050
vt 0.425540 0.977740
vt 0.507340 0.996720
vt 0.425540 0.996720
vt 0.507340 0.977740
vt 0.927680 0.253940
vt 0.921900 0.261680
vt 0.921900 0.253940
vt 0.927680 0.267910
vt 0.916030 0.261680
vt 0.916030 0.253940
vt 0.730460 0.038120
vt 0.733370 0.042930
vt 0.733370 0.038120
vt 0.720670 0.038120
vt 0.730460 0.042930
vt 0.715850 0.052260
vt 0.715850 0.038120
vt 0.720670 0.052260
vt 0.702580 0.003000
vt 0.712820 0.045790
vt 0.694910 0.045790
vt 0.737370 0.036160
vt 0.746900 0.045360
vt 0.749930 0.036160
vt 0.737370 0.014280
vt 0.749930 0.014280
vt 0.749930 0.005630
vt 0.735080 0.003020
vt 0.733720 0.005630
vt 0.747330 0.003020
vt 0.712820 0.003000
vt 0.738990 0.046730
vt 0.732370 0.012730
vt 0.715860 0.014680
vt 0.715860 0.012730
vt 0.734310 0.014680
vt 0.732370 0.033160
vt 0.732370 0.014680
vt 0.715860 0.035080
vt 0.732370 0.035080
vt 0.734310 0.033160
vt 0.715860 0.033160
vt 0.338000 0.186720
vt 0.332580 0.155490
vt 0.338490 0.181680
vt 0.356730 0.181680
vt 0.354440 0.156450
vt 0.369060 0.181680
vt 0.356730 0.156450
vt 0.369060 0.156450
vt 0.390660 0.156450
vt 0.390660 0.181680
vt 0.430380 0.156450
vt 0.464810 0.156440
vt 0.464810 0.167990
vt 0.430380 0.181680
vt 0.474060 0.181680
vt 0.518060 0.167990
vt 0.518060 0.181680
vt 0.430380 0.139630
vt 0.464810 0.139630
vt 0.464810 0.142550
vt 0.518060 0.139630
vt 0.518060 0.142550
vt 0.406130 0.139630
vt 0.381770 0.130820
vt 0.406130 0.119180
vt 0.403380 0.130820
vt 0.384540 0.119180
vt 0.430380 0.119180
vt 0.430380 0.130820
vt 0.464810 0.119170
vt 0.464810 0.130820
vt 0.518060 0.119170
vt 0.518060 0.130820
vt 0.329820 0.138200
vt 0.345540 0.139630
vt 0.345540 0.119180
vt 0.352360 0.130820
vt 0.329050 0.131400
vt 0.327580 0.117550
vt 0.372220 0.139630
vt 0.384540 0.139630
vt 0.369450 0.130820
vt 0.372220 0.119180
vt 0.518060 0.195300
vt 0.474060 0.195300
vt 0.430380 0.195300
vt 0.391140 0.194410
vt 0.352450 0.191360
vt 0.361500 0.191360
vt 0.697630 0.181680
vt 0.703540 0.155490
vt 0.698120 0.186720
vt 0.679390 0.181680
vt 0.681680 0.156450
vt 0.679390 0.156450
vt 0.667060 0.181680
vt 0.667060 0.156450
vt 0.645460 0.181680
vt 0.645460 0.156450
vt 0.571310 0.167990
vt 0.571310 0.156440
vt 0.605740 0.156450
vt 0.605740 0.181680
vt 0.562060 0.181680
vt 0.571310 0.142550
vt 0.571310 0.139630
vt 0.605740 0.139630
vt 0.629990 0.139630
vt 0.632740 0.130820
vt 0.629990 0.119180
vt 0.654350 0.130820
vt 0.651580 0.119180
vt 0.605740 0.130820
vt 0.605740 0.119180
vt 0.571310 0.130820
vt 0.571310 0.119170
vt 0.706300 0.138200
vt 0.690580 0.139630
vt 0.707070 0.131400
vt 0.683760 0.130820
vt 0.690580 0.119180
vt 0.708540 0.117550
vt 0.651580 0.139630
vt 0.663900 0.139630
vt 0.666670 0.130820
vt 0.663900 0.119180
vt 0.562060 0.195300
vt 0.605740 0.195300
vt 0.644980 0.194410
vt 0.683670 0.191360
vt 0.674620 0.191360
vt 0.682440 0.013680
vt 0.681710 0.012620
vt 0.682450 0.012620
vt 0.682290 0.014840
vt 0.682380 0.014360
vt 0.682070 0.015510
vt 0.682210 0.015270
vt 0.681710 0.015630
vt 0.896150 0.008070
vt 0.896150 0.002440
vt 0.889130 0.002440
vt 0.889130 0.008070
vt 0.889130 0.012720
vt 0.896150 0.012720
vt 0.989080 0.559410
vt 0.992140 0.580030
vt 0.976530 0.580030
vt 0.976530 0.534270
vt 0.945490 0.595610
vt 0.945490 0.580030
vt 0.945490 0.534270
vt 0.976530 0.595610
vt 0.812860 0.111240
vt 0.819760 0.113240
vt 0.819460 0.111240
vt 0.808650 0.110900
vt 0.810550 0.109140
vt 0.805130 0.106000
vt 0.799420 0.098900
vt 0.802580 0.100650
vt 0.802580 0.099000
vt 0.801050 0.094390
vt 0.806060 0.067480
vt 0.804250 0.071950
vt 0.809910 0.069420
vt 0.799590 0.101940
vt 0.823790 0.058720
vt 0.827400 0.052380
vt 0.822510 0.053640
vt 0.811490 0.105170
vt 0.808060 0.104190
vt 0.804200 0.094390
vt 0.806650 0.043930
vt 0.825190 0.002990
vt 0.806650 0.002990
vt 0.822510 0.050090
vt 0.811510 0.102570
vt 0.825190 0.043930
vt 0.831930 0.038660
vt 0.831930 0.006600
vt 0.823610 0.110900
vt 0.821780 0.109140
vt 0.827100 0.106000
vt 0.829740 0.100820
vt 0.832900 0.098900
vt 0.829740 0.099000
vt 0.831370 0.094390
vt 0.828530 0.071950
vt 0.826380 0.067480
vt 0.822950 0.069420
vt 0.832630 0.101940
vt 0.809340 0.053640
vt 0.804440 0.052380
vt 0.808050 0.058720
vt 0.824210 0.104190
vt 0.820840 0.105170
vt 0.828220 0.094390
vt 0.809340 0.050090
vt 0.820840 0.102570
vt 0.799910 0.038660
vt 0.799910 0.006600
vt 0.811360 0.061510
vt 0.834330 0.045030
vt 0.834330 0.047820
vt 0.797510 0.045030
vt 0.797510 0.047820
vt 0.820470 0.061510
vt 0.819870 0.065700
vt 0.815720 0.067200
vt 0.815720 0.065700
vt 0.814610 0.067200
vt 0.819870 0.067200
vt 0.812560 0.113240
vt 0.799420 0.071700
vt 0.833330 0.071700
vt 0.814610 0.065700
vt 0.796900 0.116260
vt 0.808620 0.120060
vt 0.796900 0.120060
vt 0.818450 0.116260
vt 0.818450 0.122780
vt 0.831020 0.121770
vt 0.866200 0.085960
vt 0.847680 0.122990
vt 0.866200 0.122990
vt 0.831380 0.065320
vt 0.830670 0.063910
vt 0.831380 0.063910
vt 0.831710 0.064820
vt 0.831640 0.064050
vt 0.873000 0.089620
vt 0.874840 0.109790
vt 0.830340 0.064820
vt 0.830670 0.065320
vt 0.830410 0.064050
vt 0.847680 0.085960
vt 0.840870 0.089620
vt 0.839050 0.109790
vt 0.835900 0.120060
vt 0.835900 0.116260
vt 0.831020 0.116260
vt 0.808620 0.116260
vt 0.874950 0.002970
vt 0.874950 0.012700
vt 0.866210 0.012700
vt 0.847690 0.012700
vt 0.837920 0.002970
vt 0.866210 0.018390
vt 0.837920 0.012700
vt 0.843850 0.020570
vt 0.837920 0.020570
vt 0.847690 0.018390
vt 0.866210 0.040390
vt 0.866210 0.020570
vt 0.874950 0.037660
vt 0.874950 0.020570
vt 0.843850 0.034070
vt 0.847690 0.020570
vt 0.847690 0.040390
vt 0.837920 0.034070
vt 0.842860 0.046780
vt 0.847690 0.040960
vt 0.847690 0.073250
vt 0.842860 0.062980
vt 0.874950 0.045780
vt 0.874950 0.073250
vt 0.866210 0.073250
vt 0.866210 0.040960
vt 0.837920 0.073250
vt 0.837920 0.062980
vt 0.837920 0.046780
vt 0.847690 0.082980
vt 0.837920 0.080140
vt 0.847690 0.080140
vt 0.866210 0.082980
vt 0.866210 0.080140
vt 0.847690 0.076420
vt 0.837920 0.076420
vt 0.866210 0.076420
vt 0.874950 0.082980
vt 0.837920 0.082980
vt 0.874950 0.019620
vt 0.736800 0.088850
vt 0.731990 0.088850
vt 0.740990 0.088850
vt 0.749980 0.098620
vt 0.745130 0.089870
vt 0.749980 0.089870
vt 0.749980 0.086920
vt 0.745130 0.086920
vt 0.736840 0.064510
vt 0.733510 0.071280
vt 0.736840 0.071280
vt 0.745130 0.064510
vt 0.749980 0.071300
vt 0.745130 0.071300
vt 0.733510 0.064510
vt 0.740170 0.071280
vt 0.749980 0.064510
vt 0.740170 0.064510
vt 0.735910 0.085960
vt 0.742080 0.085960
vt 0.729190 0.085960
vt 0.745130 0.098620
vt 0.691470 0.048890
vt 0.705960 0.063510
vt 0.712850 0.048890
vt 0.698300 0.063510
vt 0.705960 0.071240
vt 0.698300 0.071240
vt 0.940380 0.164050
vt 0.925800 0.158260
vt 0.940380 0.158260
vt 0.940380 0.167900
vt 0.925800 0.164050
vt 0.925800 0.173780
vt 0.925800 0.167900
vt 0.916870 0.175740
vt 0.913190 0.168020
vt 0.916870 0.166140
vt 0.922060 0.175740
vt 0.922060 0.166140
vt 0.940380 0.173780
vt 0.913190 0.173950
vt 0.925790 0.095700
vt 0.917970 0.094740
vt 0.917970 0.095700
vt 0.925790 0.094740
vt 0.926620 0.095210
vt 0.824250 0.531280
vt 0.846870 0.532730
vt 0.826000 0.532730
vt 0.824250 0.599600
vt 0.848620 0.592750
vt 0.824250 0.592750
vt 0.846870 0.591330
vt 0.848620 0.599600
vt 0.817440 0.531280
vt 0.817440 0.592750
vt 0.826000 0.591330
vt 0.848620 0.531280
vt 0.515390 0.997480
vt 0.587370 0.980780
vt 0.587370 0.997480
vt 0.515390 0.980780
vt 0.422820 0.608320
vt 0.415350 0.615820
vt 0.403640 0.608320
vt 0.433480 0.587920
vt 0.422820 0.587940
vt 0.403530 0.598130
vt 0.403640 0.587930
vt 0.433480 0.608320
vt 0.726520 0.550760
vt 0.688520 0.554650
vt 0.688520 0.550760
vt 0.736690 0.533450
vt 0.733280 0.532960
vt 0.785130 0.529580
vt 0.763430 0.546790
vt 0.756630 0.529580
vt 0.703460 0.530850
vt 0.709170 0.529260
vt 0.707040 0.532960
vt 0.754890 0.532970
vt 0.748850 0.529580
vt 0.756630 0.443820
vt 0.727060 0.529260
vt 0.738220 0.529260
vt 0.741160 0.518210
vt 0.686070 0.548110
vt 0.748850 0.443820
vt 0.744190 0.517920
vt 0.744190 0.443820
vt 0.727060 0.443820
vt 0.741160 0.443820
vt 0.703160 0.443820
vt 0.709170 0.443820
vt 0.703160 0.529260
vt 0.688520 0.333030
vt 0.726520 0.336930
vt 0.688520 0.336930
vt 0.736690 0.354240
vt 0.733280 0.354720
vt 0.763430 0.341220
vt 0.785130 0.358420
vt 0.756630 0.358420
vt 0.707040 0.354720
vt 0.709170 0.358420
vt 0.703460 0.356830
vt 0.748850 0.358420
vt 0.754890 0.355030
vt 0.785130 0.443820
vt 0.727060 0.358420
vt 0.738220 0.358420
vt 0.741160 0.369470
vt 0.686070 0.339570
vt 0.744190 0.370080
vt 0.703160 0.358420
vt 0.726520 0.554650
vt 0.729840 0.551970
vt 0.801540 0.546790
vt 0.726520 0.333030
vt 0.729840 0.335710
vt 0.801540 0.341220
vt 0.842920 0.307730
vt 0.850400 0.325140
vt 0.858710 0.307730
vt 0.866180 0.325140
vt 0.832240 0.325140
vt 0.839720 0.307730
vt 0.823930 0.307730
vt 0.816460 0.325140
vt 0.753930 0.004420
vt 0.796850 0.002950
vt 0.796850 0.004420
vt 0.753930 0.005850
vt 0.753930 0.002950
vt 0.796850 0.005850
vt 0.753990 0.009600
vt 0.753990 0.008950
vt 0.753990 0.009280
vt 0.766260 0.009280
vt 0.766260 0.009130
vt 0.768160 0.009160
vt 0.766260 0.009420
vt 0.768160 0.009400
vt 0.768160 0.009280
vt 0.754170 0.009600
vt 0.754170 0.008950
vt 0.754170 0.009280
vt 0.766440 0.009200
vt 0.766440 0.009270
vt 0.766440 0.009350
vt 0.683560 0.041960
vt 0.675800 0.037090
vt 0.675800 0.041960
vt 0.683560 0.037090
vt 0.685960 0.030200
vt 0.679680 0.025480
vt 0.673400 0.030200
s 1
usemtl mat1.002
f 35/1/1 4/2/2 5/3/3
f 4/2/2 35/1/1 33/4/4
f 34/5/5 5/3/3 3/6/6
f 5/3/3 34/5/5 35/1/1
f 34/5/5 2/7/7 32/8/8
f 2/7/7 34/5/5 3/6/6
f 1/9/9 4/2/2 33/4/4
f 1/9/9 33/4/4 17/10/10
f 42/11/11 32/8/8 40/12/12
f 32/8/8 42/11/11 34/5/5
f 36/13/13 33/4/4 35/1/1
f 36/13/13 38/14/14 33/4/4
f 27/15/15 26/16/16 20/17/17
f 27/15/15 20/17/17 19/18/18
f 19/18/18 18/19/19 28/20/20
f 19/18/18 28/20/20 27/15/15
f 38/14/14 37/21/21 18/22/19
f 37/21/21 38/14/14 36/13/13
f 18/22/19 37/21/21 28/23/20
f 37/21/21 39/24/22 28/23/20
f 38/14/14 17/10/10 33/4/4
f 38/14/14 18/22/19 17/10/10
f 42/11/11 41/25/23 43/26/24
f 43/26/24 37/21/21 36/13/13
f 34/5/5 44/27/25 35/1/1
f 44/27/25 36/13/13 35/1/1
f 34/5/5 42/11/11 44/27/25
f 42/11/11 43/26/24 44/27/25
f 36/13/13 44/27/25 43/26/24
f 29/28/26 43/26/24 30/29/27
f 43/26/24 39/24/22 37/21/21
f 43/26/24 29/28/26 39/24/22
f 43/26/24 41/25/23 31/30/28
f 43/26/24 31/30/28 30/29/27
f 41/25/23 40/12/12 31/30/28
f 40/12/12 41/25/23 42/11/11
f 49/31/29 46/32/30 75/33/31
f 31/34/28 45/35/32 48/36/33
f 45/35/32 31/34/28 40/37/12
f 48/36/33 46/38/30 49/39/29
f 46/38/30 48/36/33 45/35/32
f 25/40/34 21/41/35 20/42/17
f 54/43/36 22/44/37 23/45/38
f 23/45/38 24/46/39 53/47/40
f 23/45/38 53/47/40 54/43/36
f 59/48/41 60/49/42 61/50/43
f 59/48/41 57/51/44 60/49/42
f 30/52/27 61/50/43 29/53/26
f 61/50/43 60/49/42 29/53/26
f 59/54/41 56/55/45 57/56/44
f 56/55/45 49/31/29 64/57/46
f 56/55/45 59/54/41 49/31/29
f 64/57/46 49/31/29 65/58/47
f 49/31/29 75/33/31 65/58/47
f 58/59/48 65/58/47 75/33/31
f 75/33/31 50/60/49 58/59/48
f 52/61/50 70/62/51 69/63/52
f 52/61/50 69/63/52 53/47/40
f 76/64/53 46/32/30 47/65/54
f 75/33/31 46/32/30 76/64/53
f 69/63/52 80/66/55 53/47/40
f 80/66/55 54/43/36 53/47/40
f 80/66/55 79/67/56 54/43/36
f 79/67/56 22/44/37 54/43/36
f 69/63/52 81/68/57 80/66/55
f 69/63/52 77/69/58 81/68/57
f 69/63/52 62/70/59 77/69/58
f 68/71/60 67/72/61 74/73/62
f 66/74/63 68/71/60 74/73/62
f 66/74/63 74/73/62 82/75/64
f 83/76/65 71/77/66 84/78/67
f 83/76/65 82/75/64 72/79/68
f 83/76/65 72/79/68 71/77/66
f 82/75/64 73/80/69 72/79/68
f 73/80/69 82/75/64 74/73/62
f 70/62/51 84/78/67 69/63/52
f 84/78/67 62/70/59 69/63/52
f 70/62/51 83/76/65 84/78/67
f 66/74/63 82/75/64 83/76/65
f 55/81/70 66/74/63 83/76/65
f 55/81/70 83/76/65 70/62/51
f 26/82/16 55/81/70 70/62/51
f 26/82/16 70/62/51 52/61/50
f 20/42/17 26/82/16 52/61/50
f 20/42/17 52/61/50 25/40/34
f 52/61/50 53/47/40 24/46/39
f 52/61/50 24/46/39 25/40/34
f 78/83/71 79/67/56 80/66/55
f 78/83/71 80/66/55 81/68/57
f 58/84/48 86/85/72 63/86/73
f 86/85/72 85/87/74 63/86/73
f 96/88/75 93/89/76 95/90/77
f 88/91/78 91/92/79 96/88/75
f 96/88/75 91/92/79 93/89/76
f 93/89/76 89/93/80 95/90/77
f 95/90/77 6/94/81 96/88/75
f 95/90/77 7/95/81 6/94/81
f 87/96/82 89/97/80 88/98/78
f 88/98/78 89/97/80 93/99/76
f 88/98/78 93/99/76 91/100/79
f 87/96/82 90/101/83 92/102/84
f 87/96/82 92/102/84 89/97/80
f 76/64/53 50/60/49 75/33/31
f 51/103/85 50/60/49 76/64/53
f 51/103/85 94/104/86 58/59/48
f 51/103/85 58/59/48 50/60/49
f 58/84/48 94/105/86 97/106/87
f 58/84/48 97/106/87 86/85/72
f 98/107/88 90/108/83 87/109/82
f 98/107/88 95/110/77 92/111/84
f 95/110/77 89/112/80 92/111/84
f 92/111/84 90/108/83 98/107/88
f 95/110/77 98/107/88 7/113/81
f 98/107/88 8/114/89 7/113/81
f 47/115/54 99/116/90 101/117/91
f 99/116/90 100/118/92 102/119/93
f 102/119/93 101/117/91 99/116/90
f 100/118/92 9/120/94 102/119/93
f 9/120/94 10/121/95 102/119/93
f 101/117/91 51/122/85 47/115/54
f 51/122/85 76/123/53 47/115/54
f 97/106/87 94/105/86 87/96/82
f 97/106/87 87/96/82 88/98/78
f 114/124/96 122/125/97 115/126/98
f 122/125/97 120/127/99 115/126/98
f 120/127/99 116/128/100 115/126/98
f 120/127/99 119/129/101 116/128/100
f 106/130/102 119/129/101 120/127/99
f 106/130/102 105/131/103 119/129/101
f 119/129/101 112/132/104 116/128/100
f 119/129/101 123/133/105 112/132/104
f 105/131/103 123/133/105 119/129/101
f 105/131/103 104/134/106 123/133/105
f 104/134/106 118/135/107 123/133/105
f 123/133/105 117/136/108 112/132/104
f 117/136/108 113/137/109 112/132/104
f 123/133/105 118/135/107 117/136/108
f 112/132/104 111/138/110 116/128/100
f 112/132/104 15/139/111 14/140/112
f 112/132/104 113/137/109 15/139/111
f 110/141/113 115/126/98 111/138/110
f 115/126/98 116/128/100 111/138/110
f 121/142/114 114/124/96 110/141/113
f 114/124/96 115/126/98 110/141/113
f 121/142/114 109/143/115 114/124/96
f 16/144/116 121/142/114 110/141/113
f 16/144/116 110/141/113 12/145/117
f 12/145/117 110/141/113 111/138/110
f 12/145/117 111/138/110 13/146/118
f 14/140/112 13/146/118 111/138/110
f 14/140/112 111/138/110 112/132/104
f 122/125/97 107/147/119 106/130/102
f 122/125/97 106/130/102 120/127/99
f 16/144/116 11/148/120 121/142/114
f 11/148/120 109/143/115 121/142/114
f 114/124/96 108/149/121 122/125/97
f 114/124/96 109/143/115 108/149/121
f 122/125/97 108/149/121 103/150/122
f 103/150/122 107/147/119 122/125/97
f 101/117/91 87/109/82 94/151/86
f 101/117/91 94/151/86 51/122/85
f 87/109/82 101/117/91 102/119/93
f 87/109/82 102/119/93 98/107/88
f 10/121/95 8/114/89 98/107/88
f 10/121/95 98/107/88 102/119/93
f 5/3/3 4/2/2 142/152/123
f 140/153/124 142/152/123 4/2/2
f 3/6/6 5/3/3 141/154/125
f 142/152/123 141/154/125 5/3/3
f 139/155/126 2/7/7 141/154/125
f 3/6/6 141/154/125 2/7/7
f 140/153/124 4/2/2 1/9/9
f 124/156/127 140/153/124 1/9/9
f 147/157/128 139/155/126 149/158/129
f 141/154/125 149/158/129 139/155/126
f 142/152/123 140/153/124 143/159/130
f 140/153/124 145/160/131 143/159/130
f 127/161/132 133/162/133 134/163/134
f 126/164/135 127/161/132 134/163/134
f 135/165/136 125/166/137 126/164/135
f 134/163/134 135/165/136 126/164/135
f 125/167/137 144/168/138 145/160/131
f 143/159/130 145/160/131 144/168/138
f 135/169/136 144/168/138 125/167/137
f 135/169/136 146/170/139 144/168/138
f 140/153/124 124/156/127 145/160/131
f 124/156/127 125/167/137 145/160/131
f 150/171/140 148/172/141 149/158/129
f 143/159/130 144/168/138 150/171/140
f 142/152/123 151/173/142 141/154/125
f 142/152/123 143/159/130 151/173/142
f 151/173/142 149/158/129 141/154/125
f 151/173/142 150/171/140 149/158/129
f 150/171/140 151/173/142 143/159/130
f 137/174/143 150/171/140 136/175/144
f 144/168/138 146/170/139 150/171/140
f 146/170/139 136/175/144 150/171/140
f 138/176/145 148/172/141 150/171/140
f 137/174/143 138/176/145 150/171/140
f 138/176/145 147/157/128 148/172/141
f 149/158/129 148/172/141 147/157/128
f 182/177/146 153/178/147 156/179/148
f 155/180/149 152/181/150 138/182/145
f 147/183/128 138/182/145 152/181/150
f 156/184/148 153/185/147 155/180/149
f 152/181/150 155/180/149 153/185/147
f 127/186/132 128/187/151 132/188/152
f 130/189/153 129/190/154 161/191/155
f 160/192/156 131/193/157 130/189/153
f 161/191/155 160/192/156 130/189/153
f 168/50/158 167/49/159 166/48/160
f 167/49/159 164/51/161 166/48/160
f 136/53/144 168/50/158 137/52/143
f 136/53/144 167/49/159 168/50/158
f 164/194/161 163/195/162 166/196/160
f 171/197/163 156/179/148 163/195/162
f 156/179/148 166/196/160 163/195/162
f 172/198/164 156/179/148 171/197/163
f 172/198/164 182/177/146 156/179/148
f 182/177/146 172/198/164 165/199/165
f 165/199/165 157/200/166 182/177/146
f 176/201/167 177/202/168 159/203/169
f 160/192/156 176/201/167 159/203/169
f 154/204/170 153/178/147 183/205/171
f 183/205/171 153/178/147 182/177/146
f 160/192/156 187/206/172 176/201/167
f 160/192/156 161/191/155 187/206/172
f 161/191/155 186/207/173 187/206/172
f 161/191/155 129/190/154 186/207/173
f 187/206/172 188/208/174 176/201/167
f 188/208/174 184/209/175 176/201/167
f 184/209/175 169/210/176 176/201/167
f 181/211/177 174/212/178 175/213/179
f 181/211/177 175/213/179 173/214/180
f 189/215/181 181/211/177 173/214/180
f 191/216/182 178/217/183 190/218/184
f 179/219/185 189/215/181 190/218/184
f 178/217/183 179/219/185 190/218/184
f 179/219/185 180/220/186 189/215/181
f 181/211/177 189/215/181 180/220/186
f 176/201/167 191/216/182 177/202/168
f 176/201/167 169/210/176 191/216/182
f 191/216/182 190/218/184 177/202/168
f 190/218/184 189/215/181 173/214/180
f 190/218/184 173/214/180 162/221/187
f 177/202/168 190/218/184 162/221/187
f 177/202/168 162/221/187 133/222/133
f 159/203/169 177/202/168 133/222/133
f 159/203/169 133/222/133 127/186/132
f 132/188/152 159/203/169 127/186/132
f 131/193/157 160/192/156 159/203/169
f 132/188/152 131/193/157 159/203/169
f 187/206/172 186/207/173 185/223/188
f 188/208/174 187/206/172 185/223/188
f 170/224/189 193/225/190 165/226/165
f 170/224/189 192/227/191 193/225/190
f 202/228/192 200/229/193 203/230/194
f 203/230/194 198/231/195 195/232/196
f 200/229/193 198/231/195 203/230/194
f 202/228/192 196/233/197 200/229/193
f 203/230/194 6/94/81 202/228/192
f 6/94/81 7/95/81 202/228/192
f 195/234/196 196/235/197 194/236/198
f 200/237/193 196/235/197 195/234/196
f 198/238/195 200/237/193 195/234/196
f 199/239/199 197/240/200 194/236/198
f 196/235/197 199/239/199 194/236/198
f 182/177/146 157/200/166 183/205/171
f 183/205/171 157/200/166 158/241/201
f 165/199/165 201/242/202 158/241/201
f 157/200/166 165/199/165 158/241/201
f 204/243/203 201/244/202 165/226/165
f 193/225/190 204/243/203 165/226/165
f 194/245/198 197/246/200 205/247/204
f 199/248/199 202/249/192 205/247/204
f 199/248/199 196/250/197 202/249/192
f 205/247/204 197/246/200 199/248/199
f 7/113/81 205/247/204 202/249/192
f 7/113/81 8/114/89 205/247/204
f 208/251/205 206/252/206 154/253/170
f 209/254/207 207/255/208 206/252/206
f 206/252/206 208/251/205 209/254/207
f 209/254/207 9/120/94 207/255/208
f 209/254/207 10/121/95 9/120/94
f 154/253/170 158/256/201 208/251/205
f 154/253/170 183/257/171 158/256/201
f 194/236/198 201/244/202 204/243/203
f 195/234/196 194/236/198 204/243/203
f 222/258/209 229/259/210 221/260/211
f 222/258/209 227/261/212 229/259/210
f 222/258/209 223/262/213 227/261/212
f 223/262/213 226/263/214 227/261/212
f 227/261/212 226/263/214 213/264/215
f 226/263/214 212/265/216 213/264/215
f 223/262/213 219/266/217 226/263/214
f 219/266/217 230/267/218 226/263/214
f 226/263/214 230/267/218 212/265/216
f 230/267/218 211/268/219 212/265/216
f 230/267/218 225/269/220 211/268/219
f 219/266/217 224/270/221 230/267/218
f 219/266/217 220/271/222 224/270/221
f 224/270/221 225/269/220 230/267/218
f 223/262/213 218/272/223 219/266/217
f 14/140/112 15/139/111 219/266/217
f 15/139/111 220/271/222 219/266/217
f 218/272/223 222/258/209 217/273/224
f 218/272/223 223/262/213 222/258/209
f 217/273/224 221/260/211 228/274/225
f 217/273/224 222/258/209 221/260/211
f 221/260/211 216/275/226 228/274/225
f 217/273/224 228/274/225 16/144/116
f 12/145/117 217/273/224 16/144/116
f 218/272/223 217/273/224 12/145/117
f 13/146/118 218/272/223 12/145/117
f 218/272/223 13/146/118 14/140/112
f 219/266/217 218/272/223 14/140/112
f 213/264/215 214/276/227 229/259/210
f 227/261/212 213/264/215 229/259/210
f 228/274/225 11/148/120 16/144/116
f 228/274/225 216/275/226 11/148/120
f 229/259/210 215/277/228 221/260/211
f 215/277/228 216/275/226 221/260/211
f 210/278/229 215/277/228 229/259/210
f 229/259/210 214/276/227 210/278/229
f 201/279/202 194/245/198 208/251/205
f 158/256/201 201/279/202 208/251/205
f 209/254/207 208/251/205 194/245/198
f 205/247/204 209/254/207 194/245/198
f 205/247/204 8/114/89 10/121/95
f 209/254/207 205/247/204 10/121/95
f 231/280/230 234/281/231 235/57/232
f 234/281/231 56/55/233 235/57/232
f 244/282/234 241/283/235 234/281/231
f 241/283/235 56/55/233 234/281/231
f 237/284/59 239/285/236 231/280/230
f 231/280/230 239/285/236 244/282/234
f 231/280/230 244/282/234 234/281/231
f 237/284/59 232/286/237 238/287/59
f 237/284/59 231/280/230 232/286/237
f 244/282/234 242/288/238 241/283/235
f 244/282/234 240/289/239 245/290/240
f 245/290/240 242/288/238 244/282/234
f 245/290/240 243/291/241 242/288/238
f 232/286/237 251/292/242 238/287/59
f 251/292/242 246/293/59 238/287/59
f 258/294/243 252/295/244 247/296/245
f 252/295/244 248/297/246 247/296/245
f 252/295/244 253/298/247 248/297/246
f 251/292/242 250/299/248 258/294/243
f 251/292/242 232/286/237 233/300/249
f 251/292/242 233/300/249 250/299/248
f 250/299/248 249/301/250 258/294/243
f 256/302/251 253/298/247 255/303/252
f 253/298/247 252/295/244 255/303/252
f 252/295/244 258/294/243 249/301/250
f 252/295/244 249/301/250 254/304/253
f 258/294/243 247/296/245 257/305/254
f 258/294/243 246/293/59 251/292/242
f 232/286/237 236/58/255 58/59/256
f 232/286/237 58/59/256 233/300/249
f 235/57/232 236/58/255 232/286/237
f 235/57/232 232/286/237 231/280/230
f 263/197/257 262/306/258 259/307/259
f 263/197/257 163/195/260 262/306/258
f 262/306/258 269/308/261 272/309/262
f 262/306/258 163/195/260 269/308/261
f 259/307/259 267/310/263 265/311/176
f 272/309/262 267/310/263 259/307/259
f 262/306/258 272/309/262 259/307/259
f 266/312/176 260/313/264 265/311/176
f 260/313/264 259/307/259 265/311/176
f 269/308/261 270/314/265 272/309/262
f 273/315/266 268/316/267 272/309/262
f 272/309/262 270/314/265 273/315/266
f 270/314/265 271/317/268 273/315/266
f 266/312/176 279/318/269 260/313/264
f 266/312/176 274/319/176 279/318/269
f 275/320/270 280/321/271 286/322/272
f 275/320/270 276/323/273 280/321/271
f 276/323/273 281/324/274 280/321/271
f 286/322/272 278/325/275 279/318/269
f 261/326/276 260/313/264 279/318/269
f 278/325/275 261/326/276 279/318/269
f 286/322/272 277/327/277 278/325/275
f 283/328/278 281/324/274 284/329/279
f 283/328/278 280/321/271 281/324/274
f 277/327/277 286/322/272 280/321/271
f 282/330/280 277/327/277 280/321/271
f 285/331/281 275/320/270 286/322/272
f 274/319/176 286/322/272 279/318/269
f 165/199/282 264/198/283 260/313/264
f 261/326/276 165/199/282 260/313/264
f 260/313/264 264/198/283 263/197/257
f 259/307/259 260/313/264 263/197/257
f 292/283/284 291/74/285 289/81/286
f 292/283/284 289/81/286 287/55/287
f 295/72/288 296/71/289 293/288/290
f 295/72/288 293/288/290 294/291/288
f 293/288/290 296/71/289 291/74/285
f 293/288/290 291/74/285 292/283/284
f 287/55/287 289/81/286 288/82/291
f 287/55/287 288/82/291 290/56/292
f 298/221/293 301/214/294 302/308/295
f 299/195/296 298/221/293 302/308/295
f 303/314/297 306/213/298 305/212/299
f 304/317/299 303/314/297 305/212/299
f 301/214/294 306/213/298 303/314/297
f 302/308/295 301/214/294 303/314/297
f 297/222/300 298/221/293 299/195/296
f 300/194/301 297/222/300 299/195/296
f 312/332/302 319/290/303 315/333/304
f 319/290/303 307/289/305 315/333/304
f 312/332/302 308/291/306 319/290/303
f 315/333/304 320/334/307 312/332/302
f 316/335/308 313/336/309 320/334/307
f 313/336/309 312/332/302 320/334/307
f 316/335/308 314/337/310 313/336/309
f 309/72/311 321/338/312 311/73/313
f 311/73/313 318/339/314 310/80/315
f 318/339/314 311/73/313 321/338/312
f 314/337/310 317/340/316 321/338/312
f 317/340/316 318/339/314 321/338/312
f 314/337/310 316/335/308 317/340/316
f 330/341/317 334/315/318 327/342/319
f 330/341/317 322/316/320 334/315/318
f 334/315/318 323/317/321 327/342/319
f 327/342/319 335/343/322 330/341/317
f 335/343/322 328/344/323 331/345/324
f 335/343/322 327/342/319 328/344/323
f 328/344/323 329/346/325 331/345/324
f 326/211/326 336/347/327 324/212/328
f 325/220/329 333/348/330 326/211/326
f 336/347/327 326/211/326 333/348/330
f 336/347/327 332/349/331 329/346/325
f 336/347/327 333/348/330 332/349/331
f 332/349/331 331/345/324 329/346/325
f 340/336/332 341/337/333 338/72/334
f 340/336/332 338/72/334 337/291/335
f 337/291/335 339/332/336 340/336/332
f 338/72/334 341/337/333 342/338/337
f 344/212/338 347/346/339 346/344/340
f 343/317/341 344/212/338 346/344/340
f 346/344/340 345/342/342 343/317/341
f 348/347/343 347/346/339 344/212/338
f 349/295/344 350/304/344 351/303/344
f 354/328/345 353/330/345 352/321/345
f 258/294/243 257/305/254 246/293/59
f 274/319/176 285/331/281 286/322/272
f 358/350/346 355/351/347 357/352/348
f 358/350/346 356/353/349 355/351/347
f 361/352/349 360/353/350 359/351/346
f 361/352/349 362/350/348 360/353/350
f 366/354/351 372/355/352 373/356/351
f 372/355/352 378/357/353 371/358/354
f 369/359/355 377/360/353 376/361/355
f 368/362/355 376/361/355 375/363/355
f 374/364/356 368/362/355 375/363/355
f 365/365/355 378/357/353 379/366/357
f 377/360/353 364/367/355 376/361/355
f 363/368/355 374/364/356 375/363/355
f 367/369/358 380/370/359 381/371/359
f 371/358/354 377/360/353 370/372/354
f 372/355/352 385/354/351 373/356/351
f 390/357/353 372/355/352 371/358/354
f 389/360/353 369/359/355 388/361/355
f 369/359/355 387/363/355 388/361/355
f 368/362/355 386/364/356 387/363/355
f 391/366/357 390/357/353 384/365/355
f 388/361/355 383/367/355 389/360/353
f 387/363/355 386/364/356 382/368/355
f 386/364/356 381/371/359 392/370/359
f 390/357/353 370/372/354 389/360/353
f 366/354/351 379/366/357 372/355/352
f 372/355/352 379/366/357 378/357/353
f 369/359/355 370/372/354 377/360/353
f 368/362/355 369/359/355 376/361/355
f 374/364/356 367/369/358 368/362/355
f 367/369/358 374/364/356 380/370/359
f 371/358/354 378/357/353 377/360/353
f 372/355/352 391/366/357 385/354/351
f 390/357/353 391/366/357 372/355/352
f 389/360/353 370/372/354 369/359/355
f 369/359/355 368/362/355 387/363/355
f 368/362/355 367/369/358 386/364/356
f 386/364/356 367/369/358 381/371/359
f 390/357/353 371/358/354 370/372/354
f 405/373/360 428/374/361 406/374/362
f 406/374/362 429/375/363 407/375/364
f 407/375/364 430/376/365 408/376/366
f 430/376/365 409/377/367 408/376/366
f 433/378/368 410/379/369 432/379/369
f 431/377/367 410/379/369 409/377/367
f 412/380/370 433/378/368 434/380/371
f 414/381/372 435/382/373 436/381/372
f 413/382/374 434/380/371 435/382/373
f 425/383/375 404/384/376 403/383/377
f 403/383/377 424/385/378 425/383/375
f 423/386/379 402/385/380 401/386/381
f 423/386/379 400/387/382 422/387/383
f 400/387/382 421/388/384 422/387/383
f 420/389/385 399/388/384 398/389/385
f 393/390/81 416/391/81 394/391/81
f 394/391/81 417/392/386 395/392/387
f 418/393/388 395/392/387 417/392/386
f 396/393/389 419/394/390 397/394/391
f 419/394/390 398/389/385 397/394/391
f 415/390/176 425/383/176 416/391/176
f 417/392/176 425/383/176 424/385/176
f 417/392/176 423/386/176 418/393/176
f 422/387/176 418/393/176 423/386/176
f 420/389/176 422/387/176 421/388/176
f 433/378/176 431/377/176 430/376/176
f 430/376/176 434/380/176 433/378/176
f 435/382/176 429/375/176 428/374/176
f 428/374/176 436/381/176 435/382/176
f 472/374/361 449/373/360 450/374/362
f 473/375/363 450/374/362 451/375/364
f 474/376/365 451/375/364 452/376/366
f 475/377/367 452/376/366 453/377/367
f 455/378/368 476/379/369 454/379/369
f 476/379/369 453/377/367 454/379/369
f 455/378/368 478/380/371 477/378/368
f 479/382/373 458/381/372 480/381/372
f 478/380/371 457/382/374 479/382/373
f 448/384/376 469/383/375 447/383/377
f 468/385/378 447/383/377 469/383/375
f 446/385/380 467/386/379 445/386/381
f 445/386/381 466/387/382 444/387/383
f 443/388/384 466/387/382 465/388/384
f 465/388/384 442/389/385 443/388/384
f 460/391/81 437/390/81 438/391/81
f 461/392/386 438/391/81 439/392/387
f 439/392/387 462/393/388 461/392/386
f 463/394/390 440/393/389 441/394/391
f 464/389/385 441/394/391 442/389/385
f 469/383/59 459/390/59 460/391/59
f 469/383/59 461/392/59 468/385/59
f 467/386/59 461/392/59 462/393/59
f 462/393/59 466/387/59 467/386/59
f 466/387/59 464/389/59 465/388/59
f 475/377/59 477/378/59 474/376/59
f 478/380/59 474/376/59 477/378/59
f 473/375/59 479/382/59 472/374/59
f 480/381/59 472/374/59 479/382/59
f 405/373/360 427/373/360 428/374/361
f 406/374/362 428/374/361 429/375/363
f 407/375/364 429/375/363 430/376/365
f 430/376/365 431/377/367 409/377/367
f 433/378/368 411/378/368 410/379/369
f 431/377/367 432/379/369 410/379/369
f 412/380/370 411/378/368 433/378/368
f 414/381/372 413/382/374 435/382/373
f 413/382/374 412/380/370 434/380/371
f 425/383/375 426/384/376 404/384/376
f 403/383/377 402/385/380 424/385/378
f 423/386/379 424/385/378 402/385/380
f 423/386/379 401/386/381 400/387/382
f 400/387/382 399/388/384 421/388/384
f 420/389/385 421/388/384 399/388/384
f 393/390/81 415/390/81 416/391/81
f 394/391/81 416/391/81 417/392/386
f 418/393/388 396/393/389 395/392/387
f 396/393/389 418/393/388 419/394/390
f 419/394/390 420/389/385 398/389/385
f 415/390/176 426/384/176 425/383/176
f 417/392/176 416/391/176 425/383/176
f 417/392/176 424/385/176 423/386/176
f 422/387/176 419/394/176 418/393/176
f 420/389/176 419/394/176 422/387/176
f 433/378/176 432/379/176 431/377/176
f 430/376/176 429/375/176 434/380/176
f 435/382/176 434/380/176 429/375/176
f 428/374/176 427/373/176 436/381/176
f 472/374/361 471/373/360 449/373/360
f 473/375/363 472/374/361 450/374/362
f 474/376/365 473/375/363 451/375/364
f 475/377/367 474/376/365 452/376/366
f 455/378/368 477/378/368 476/379/369
f 476/379/369 475/377/367 453/377/367
f 455/378/368 456/380/370 478/380/371
f 479/382/373 457/382/374 458/381/372
f 478/380/371 456/380/370 457/382/374
f 448/384/376 470/384/376 469/383/375
f 468/385/378 446/385/380 447/383/377
f 446/385/380 468/385/378 467/386/379
f 445/386/381 467/386/379 466/387/382
f 443/388/384 444/387/383 466/387/382
f 465/388/384 464/389/385 442/389/385
f 460/391/81 459/390/81 437/390/81
f 461/392/386 460/391/81 438/391/81
f 439/392/387 440/393/389 462/393/388
f 463/394/390 462/393/388 440/393/389
f 464/389/385 463/394/390 441/394/391
f 469/383/59 470/384/59 459/390/59
f 469/383/59 460/391/59 461/392/59
f 467/386/59 468/385/59 461/392/59
f 462/393/59 463/394/59 466/387/59
f 466/387/59 463/394/59 464/389/59
f 475/377/59 476/379/59 477/378/59
f 478/380/59 473/375/59 474/376/59
f 473/375/59 478/380/59 479/382/59
f 480/381/59 471/373/59 472/374/59
f 488/395/392 482/396/393 486/397/394
f 482/396/393 481/398/395 486/397/394
f 488/395/392 483/399/396 482/396/393
f 489/400/397 485/401/398 488/402/399
f 483/403/400 488/402/399 485/401/398
f 489/404/401 486/405/401 487/406/401
f 484/407/402 489/408/402 487/409/402
f 486/397/394 490/396/403 493/395/404
f 486/397/394 481/398/395 490/396/403
f 490/396/403 491/399/405 493/395/404
f 493/402/406 492/401/407 494/400/408
f 492/401/409 493/402/406 491/403/410
f 486/405/401 494/404/401 487/406/401
f 494/408/402 484/407/402 487/409/402
f 489/404/401 488/410/401 486/405/401
f 484/407/402 485/411/402 489/408/402
f 486/405/401 493/410/401 494/404/401
f 494/408/402 492/411/402 484/407/402
s 0
f 496/412/411 497/413/412 495/412/401
s 1
f 497/413/413 501/414/413 495/412/413
f 500/415/414 496/412/414 502/414/414
f 505/416/415 509/417/415 503/412/415
f 508/418/416 504/412/416 510/417/416
s 0
f 495/412/417 512/413/418 496/412/401
s 1
f 501/414/413 511/413/413 495/412/413
f 496/412/414 514/415/414 502/414/414
f 509/417/415 515/416/415 503/412/415
f 504/412/416 518/418/416 510/417/416
s 0
f 496/412/411 498/413/401 497/413/412
s 1
f 497/413/413 499/419/413 501/414/413
f 500/415/414 498/413/414 496/412/414
f 505/416/415 507/420/415 509/417/415
f 508/418/416 506/416/416 504/412/416
s 0
f 495/412/417 511/413/401 512/413/418
s 1
f 501/414/413 513/419/413 511/413/413
f 496/412/414 512/413/414 514/415/414
f 509/417/415 517/420/415 515/416/415
f 504/412/416 516/416/416 518/418/416
f 525/421/419 524/422/420 523/423/421
f 522/424/422 525/421/419 523/423/421
f 523/423/355 519/425/355 522/426/355
f 524/422/423 521/427/424 520/428/425
f 523/423/426 524/422/423 520/428/425
f 527/423/427 528/422/428 529/421/429
f 527/423/427 529/421/429 526/424/430
f 519/425/355 527/423/355 526/426/355
f 520/428/425 521/427/424 528/422/431
f 520/428/425 528/422/432 527/423/426
f 523/423/355 520/428/355 519/425/355
f 519/425/355 520/428/355 527/423/355
f 540/429/433 531/430/434 539/431/434
f 541/431/435 532/432/433 540/429/433
f 542/429/436 533/430/435 541/431/435
f 543/431/437 534/432/436 542/429/436
f 544/429/438 535/430/437 543/431/437
f 545/431/439 536/432/438 544/429/438
f 546/429/440 537/430/439 545/431/439
f 539/431/434 538/432/440 546/429/440
f 531/430/441 532/432/442 530/433/443
f 532/432/442 533/430/444 530/433/443
f 533/430/444 534/432/445 530/433/443
f 534/432/445 535/430/446 530/433/443
f 535/430/446 536/432/447 530/433/448
f 536/432/447 537/430/449 530/433/448
f 537/430/449 538/432/450 530/433/448
f 538/432/450 531/430/441 530/433/448
f 540/429/433 532/432/433 531/430/434
f 541/431/435 533/430/435 532/432/433
f 542/429/436 534/432/436 533/430/435
f 543/431/437 535/430/437 534/432/436
f 544/429/438 536/432/438 535/430/437
f 545/431/439 537/430/439 536/432/438
f 546/429/440 538/432/440 537/430/439
f 539/431/434 531/430/434 538/432/440
f 555/434/176 551/435/451 550/436/176
f 556/437/452 547/438/453 551/435/452
f 558/439/454 547/438/453 557/440/453
f 560/437/455 552/438/454 558/440/454
f 559/434/59 553/435/455 560/437/455
f 558/441/401 556/442/401 560/443/401
f 554/444/81 549/445/81 550/446/81
f 551/442/81 554/444/81 550/446/81
f 551/442/81 552/441/81 553/443/81
f 555/434/176 556/437/451 551/435/451
f 556/437/452 557/440/453 547/438/453
f 558/439/454 552/441/454 547/438/453
f 560/437/455 553/435/455 552/438/454
f 559/434/59 554/436/59 553/435/455
f 558/441/401 557/438/401 556/442/401
f 554/444/81 548/447/81 549/445/81
f 551/442/81 553/443/81 554/444/81
f 551/442/81 547/438/81 552/441/81
s 0
f 562/448/401 563/449/401 561/448/401
s 1
f 563/449/456 567/450/457 561/448/458
f 568/450/459 564/449/460 562/448/459
s 0
f 569/448/401 572/449/401 570/448/401
s 1
f 575/450/461 571/449/462 569/448/463
f 572/449/464 576/450/465 570/448/465
s 0
f 562/448/401 564/449/401 563/449/401
s 1
f 563/449/466 565/451/467 567/450/468
f 568/450/469 566/452/470 564/449/471
s 0
f 569/448/401 571/449/401 572/449/401
s 1
f 575/450/472 573/451/473 571/449/474
f 572/449/475 574/452/476 576/450/477
f 579/453/478 582/454/479 577/455/480
f 583/454/481 579/453/482 578/455/483
s 0
f 577/455/401 578/455/401 579/453/401
s 1
f 589/454/484 586/453/485 584/455/486
f 586/453/487 590/454/488 585/455/489
s 0
f 586/453/401 585/455/401 584/455/401
s 1
f 579/453/490 580/456/491 582/454/492
f 583/454/493 581/456/494 579/453/495
f 589/454/496 587/456/497 586/453/498
f 586/453/499 588/456/500 590/454/501
f 603/457/502 595/458/355 594/459/502
f 603/457/59 596/460/59 595/458/59
f 604/461/59 598/462/59 597/463/59
f 592/464/355 600/465/355 601/466/355
f 602/467/59 592/464/59 601/466/59
f 594/459/502 602/467/503 603/457/502
f 597/463/59 603/457/59 604/461/59
f 598/462/504 605/468/504 599/469/504
f 605/470/401 602/471/401 600/472/401
f 602/471/401 601/473/401 600/472/401
f 605/470/401 604/474/401 602/471/401
f 604/474/401 603/475/401 602/471/401
f 608/459/505 609/458/355 615/457/505
f 609/458/176 610/460/176 615/457/176
f 611/463/176 612/462/176 616/461/176
f 600/465/355 606/464/355 613/466/355
f 606/464/176 614/467/176 613/466/176
f 614/467/506 608/459/505 615/457/505
f 615/457/176 611/463/176 616/461/176
f 616/461/504 599/469/504 605/468/504
f 600/472/401 614/476/401 605/470/401
f 600/472/401 613/477/401 614/476/401
f 614/476/401 616/478/401 605/470/401
f 614/476/401 615/479/401 616/478/401
f 592/464/355 591/480/355 600/465/355
f 602/467/59 593/481/59 592/464/59
f 594/459/502 593/481/503 602/467/503
f 597/463/59 596/460/59 603/457/59
f 598/462/504 604/461/504 605/468/504
f 600/465/355 591/480/355 606/464/355
f 606/464/176 607/481/176 614/467/176
f 614/467/506 607/481/506 608/459/505
f 615/457/176 610/460/176 611/463/176
f 616/461/504 612/462/504 599/469/504
f 617/482/507 634/483/508 622/484/509
f 622/484/509 618/485/507 617/482/507
f 634/483/508 621/486/510 620/487/511
f 634/483/508 620/487/511 622/484/509
f 626/488/512 627/489/513 645/490/514
f 626/488/512 645/490/514 624/491/515
f 631/492/516 629/493/517 632/494/518
f 631/492/516 628/495/519 629/493/517
f 629/493/517 630/496/520 632/494/518
f 628/497/519 645/490/514 627/489/513
f 631/492/516 645/490/514 628/497/519
f 634/483/508 633/498/521 621/486/510
f 634/483/508 625/499/522 623/500/523
f 634/483/508 623/500/523 633/498/521
f 624/491/515 623/500/523 625/499/522
f 624/491/515 625/499/522 626/488/512
f 646/501/524 648/502/525 644/503/526
f 637/504/527 643/505/528 648/502/525
f 637/504/527 648/502/525 646/501/524
f 649/506/529 630/496/520 619/507/530
f 630/496/520 649/506/529 632/494/518
f 649/506/529 650/508/531 651/509/532
f 649/506/529 651/509/532 632/494/518
f 646/501/524 644/503/526 652/510/533
f 651/509/532 652/511/533 632/494/518
f 639/512/534 653/513/535 652/510/533
f 639/512/534 652/510/533 644/503/526
f 652/511/533 653/514/535 632/494/518
f 657/515/536 669/516/537 617/482/507
f 617/482/507 618/485/507 657/515/536
f 655/517/538 656/518/539 669/516/537
f 657/515/536 655/517/538 669/516/537
f 680/519/540 662/520/541 661/521/542
f 659/522/543 680/519/540 661/521/542
f 667/523/544 664/524/545 666/525/546
f 664/524/545 663/526/547 666/525/546
f 667/523/544 665/527/548 664/524/545
f 662/520/541 680/519/540 663/528/547
f 663/528/547 680/519/540 666/525/546
f 656/518/539 668/529/549 669/516/537
f 658/530/550 660/531/551 669/516/537
f 668/529/549 658/530/550 669/516/537
f 660/531/551 658/530/550 659/522/543
f 661/521/542 660/531/551 659/522/543
f 679/532/552 683/533/553 681/534/554
f 683/533/553 678/535/555 672/536/556
f 681/534/554 683/533/553 672/536/556
f 654/537/557 665/527/548 684/538/558
f 667/523/544 684/538/558 665/527/548
f 686/539/559 685/540/560 684/538/558
f 667/523/544 686/539/559 684/538/558
f 687/541/561 679/532/552 681/534/554
f 667/523/544 687/542/561 686/539/559
f 687/541/561 688/543/562 674/544/563
f 679/532/552 687/541/561 674/544/563
f 667/523/544 688/545/562 687/542/561
f 690/546/564 693/547/564 692/548/564
f 690/546/564 692/548/564 689/549/564
f 694/550/565 642/551/566 638/552/567
f 694/550/565 638/552/567 691/553/568
f 698/548/569 699/547/569 696/546/569
f 695/549/569 698/548/569 696/546/569
f 673/552/570 677/551/571 700/550/572
f 697/553/573 673/552/570 700/550/572
f 703/554/574 704/555/575 701/556/576
f 703/554/574 701/556/576 702/557/577
f 705/556/578 708/555/579 707/554/580
f 706/557/581 705/556/578 707/554/580
f 710/482/582 709/558/582 725/483/583
f 709/558/582 714/559/584 725/483/583
f 711/507/585 724/496/586 713/560/587
f 724/496/586 723/493/588 712/561/589
f 724/496/586 712/561/589 713/560/587
f 722/495/590 718/562/591 712/561/589
f 722/495/590 712/561/589 723/493/588
f 715/563/592 719/499/593 725/483/583
f 715/563/592 725/483/583 714/559/584
f 720/488/594 719/499/593 715/563/592
f 720/488/594 715/563/592 716/564/595
f 721/489/596 720/488/594 716/564/595
f 721/489/596 716/564/595 717/565/597
f 718/566/591 722/497/590 721/489/596
f 718/566/591 721/489/596 717/565/597
f 740/516/598 709/558/582 710/482/582
f 740/516/598 729/567/599 709/558/582
f 728/568/600 739/527/601 726/537/602
f 727/569/603 738/524/604 739/527/601
f 728/568/600 727/569/603 739/527/601
f 727/569/603 733/570/605 737/526/606
f 738/524/604 727/569/603 737/526/606
f 740/516/598 734/531/607 730/571/608
f 729/567/599 740/516/598 730/571/608
f 730/571/608 734/531/607 735/521/609
f 731/572/610 730/571/608 735/521/609
f 731/572/610 735/521/609 736/520/611
f 732/573/612 731/572/610 736/520/611
f 736/520/611 737/528/606 733/574/605
f 732/573/612 736/520/611 733/574/605
f 744/575/504 743/576/504 742/577/504
f 749/578/355 746/579/355 750/580/355
f 749/578/355 638/581/613 746/579/355
f 751/575/504 747/577/504 752/582/504
f 747/577/504 741/583/504 752/582/504
f 750/580/355 746/579/355 748/584/355
f 758/580/355 753/579/355 757/578/355
f 753/579/355 673/581/614 757/578/355
f 760/582/504 754/577/504 759/575/504
f 760/582/504 745/583/504 754/577/504
f 754/577/504 756/576/504 759/575/504
f 755/584/355 753/579/355 758/580/355
f 767/490/615 766/512/616 768/585/617
f 762/491/618 767/490/615 768/585/617
f 762/491/618 768/585/617 765/586/619
f 632/494/620 769/514/621 763/492/622
f 769/513/621 766/512/616 767/490/615
f 769/513/621 767/490/615 763/492/622
f 777/587/623 775/544/624 776/519/625
f 777/587/623 776/519/625 771/522/626
f 774/588/627 777/587/623 771/522/626
f 772/525/628 778/545/629 667/523/630
f 776/519/625 775/544/624 778/543/629
f 772/525/628 776/519/625 778/543/629
f 770/530/631 773/529/632 675/589/633
f 673/590/570 770/530/631 675/589/633
f 771/522/626 770/530/631 673/590/570
f 774/588/627 771/522/626 673/590/570
f 640/591/634 764/498/635 761/500/636
f 638/592/567 640/591/634 761/500/636
f 638/592/567 761/500/636 762/491/618
f 765/586/619 638/592/567 762/491/618
f 642/593/566 641/594/637 640/591/634
f 638/592/567 642/593/566 640/591/634
f 677/595/571 673/590/570 675/589/633
f 676/596/638 677/595/571 675/589/633
f 644/503/526 648/502/525 647/585/639
f 639/512/534 644/503/526 647/585/639
f 679/532/552 674/544/563 682/587/640
f 683/533/553 679/532/552 682/587/640
f 678/535/555 677/595/571 671/597/641
f 672/536/556 678/535/555 671/597/641
f 670/598/642 677/595/571 676/596/638
f 635/599/643 642/593/566 636/600/644
f 636/600/644 642/593/566 643/505/528
f 637/504/527 636/600/644 643/505/528
f 670/598/642 671/597/641 677/595/571
f 635/599/643 641/594/637 642/593/566
f 783/601/645 787/602/645 782/603/646
f 787/602/645 786/604/647 782/603/646
f 787/602/645 784/605/648 788/606/649
f 787/602/645 783/601/645 784/605/648
f 788/606/649 784/605/648 789/607/650
f 792/608/651 789/609/650 791/610/652
f 790/611/653 788/606/649 789/607/650
f 790/611/653 789/607/650 792/608/651
f 781/612/654 785/613/655 780/614/656
f 786/604/647 779/615/657 782/603/646
f 793/616/658 798/617/659 794/618/659
f 793/616/658 797/619/660 798/617/659
f 799/620/661 795/621/662 798/617/659
f 795/621/662 794/618/659 798/617/659
f 800/622/663 795/621/662 799/620/661
f 802/623/664 800/624/663 803/625/665
f 800/622/663 799/620/661 801/626/666
f 803/625/665 800/622/663 801/626/666
f 796/627/667 781/612/654 780/614/656
f 779/615/657 797/619/660 793/616/658
f 808/628/668 809/629/669 804/630/670
f 805/631/671 804/630/670 809/629/669
f 796/632/667 807/633/672 806/634/673
f 797/635/660 796/632/667 806/634/673
f 810/630/674 815/629/675 814/628/676
f 815/629/675 810/630/674 811/631/677
f 812/634/678 813/633/679 785/632/655
f 812/634/678 785/632/655 786/635/647
f 824/636/680 823/637/681 822/613/681
f 824/636/680 825/638/680 823/637/681
f 826/611/682 825/638/680 824/636/680
f 826/611/682 827/639/682 825/638/680
f 828/640/683 819/641/684 831/642/685
f 828/640/683 830/610/686 819/641/684
f 818/643/687 820/644/688 831/642/685
f 818/643/687 831/642/685 819/641/684
f 820/644/688 821/645/689 832/646/690
f 820/644/688 832/646/690 831/642/685
f 831/642/685 829/647/691 828/640/683
f 829/647/691 831/642/685 832/646/690
f 833/608/692 830/610/686 828/640/683
f 827/639/682 826/611/682 833/608/692
f 827/639/682 833/608/692 834/648/693
f 828/640/683 829/647/691 834/648/693
f 828/640/683 834/648/693 833/608/692
f 822/613/681 817/649/401 816/614/401
f 839/627/694 840/650/694 841/651/695
f 840/650/694 842/652/695 841/651/695
f 841/651/695 842/652/695 843/626/696
f 842/652/695 844/653/696 843/626/696
f 848/654/697 836/655/698 845/656/699
f 836/655/698 847/623/700 845/656/699
f 848/654/697 837/657/701 835/658/702
f 836/655/698 848/654/697 835/658/702
f 849/659/703 838/660/704 837/657/701
f 848/654/697 849/659/703 837/657/701
f 845/656/699 846/661/705 848/654/697
f 849/659/703 848/654/697 846/661/705
f 845/656/699 847/623/700 850/625/706
f 850/625/706 843/626/696 844/653/696
f 851/662/707 850/625/706 844/653/696
f 851/662/707 846/661/705 845/656/699
f 850/625/706 851/662/707 845/656/699
f 840/650/694 816/614/401 817/649/401
f 852/663/708 853/664/708 854/665/708
f 855/666/708 854/665/708 853/664/708
f 858/665/709 857/664/709 856/663/709
f 857/664/709 858/665/709 859/666/709
f 869/667/504 866/668/504 871/669/504
f 869/667/504 862/670/504 866/668/504
f 866/668/504 867/671/504 871/669/504
f 870/672/355 864/673/355 868/674/355
f 864/673/355 863/675/355 868/674/355
f 870/672/355 865/676/355 864/673/355
f 879/669/504 874/668/504 877/667/504
f 874/668/504 860/670/504 877/667/504
f 879/669/504 875/671/504 874/668/504
f 876/674/355 872/673/355 878/672/355
f 876/674/355 861/675/355 872/673/355
f 872/673/355 873/676/355 878/672/355
f 781/612/654 786/604/647 785/613/655
f 786/604/647 781/612/654 779/615/657
f 796/627/667 797/619/660 781/612/654
f 779/615/657 781/612/654 797/619/660
f 822/613/681 823/637/681 817/649/401
f 840/650/694 839/627/694 816/614/401
f 889/677/355 886/678/355 885/679/355
f 884/680/355 883/681/355 882/682/355
f 885/679/355 884/680/355 889/677/355
f 884/680/355 882/682/355 889/677/355
f 889/677/355 882/682/355 888/683/355
f 882/682/355 881/684/355 880/685/355
f 880/685/355 887/686/355 888/683/355
f 882/682/355 880/685/355 888/683/355
f 895/679/355 896/678/355 897/677/355
f 892/682/355 893/681/355 894/680/355
f 897/677/355 894/680/355 895/679/355
f 897/677/355 892/682/355 894/680/355
f 888/683/355 892/682/355 897/677/355
f 890/685/355 891/684/355 892/682/355
f 888/683/355 887/686/355 890/685/355
f 888/683/355 890/685/355 892/682/355
f 901/687/710 898/688/710 900/689/710
f 901/687/710 899/690/710 898/688/710
f 903/691/711 908/692/712 909/693/713
f 905/691/714 906/692/715 904/694/716
f 904/695/716 908/692/712 902/694/717
f 905/696/714 909/697/713 907/692/718
f 913/698/719 910/699/720 911/700/721
f 913/699/719 916/692/712 912/701/722
f 911/701/721 914/697/715 915/692/723
f 910/699/720 916/692/712 914/697/715
f 911/701/721 917/697/724 913/699/719
f 903/691/711 902/694/717 908/692/712
f 905/691/714 907/693/718 906/692/715
f 904/695/716 906/697/715 908/692/712
f 905/696/714 903/702/711 909/697/713
f 913/698/719 912/701/722 910/699/720
f 913/699/719 917/697/724 916/692/712
f 911/701/721 910/699/720 914/697/715
f 910/699/720 912/701/722 916/692/712
f 911/701/721 915/692/723 917/697/724
f 924/703/725 929/704/726 928/705/727
f 925/706/728 930/707/729 929/704/726
f 926/708/730 931/709/731 930/707/729
f 928/710/727 933/711/732 932/712/733
f 929/713/726 934/714/734 933/711/732
f 930/715/729 935/716/735 934/714/734
f 919/717/736 932/718/733 933/719/732
f 920/720/737 933/719/732 934/721/734
f 921/722/738 934/721/734 935/723/735
f 923/724/739 932/725/733 918/726/740
f 928/727/727 938/728/741 939/729/742
f 940/730/743 928/727/727 939/729/742
f 925/731/728 924/732/725 940/730/743
f 942/733/744 935/734/735 931/735/731
f 921/736/738 937/737/745 922/738/746
f 941/739/747 936/740/748 942/733/744
f 941/741/747 927/742/749 926/743/730
f 926/743/730 940/730/743 941/741/747
f 945/744/348 944/745/348 943/746/348
f 945/744/348 943/746/348 947/747/348
f 946/748/348 945/744/348 947/747/348
f 953/704/750 948/703/751 952/705/752
f 954/707/753 949/706/754 953/704/750
f 955/709/755 950/708/756 954/707/753
f 957/711/757 952/710/752 956/712/758
f 958/714/759 953/713/750 957/711/757
f 959/716/760 954/715/753 958/714/759
f 956/718/758 919/717/736 957/719/757
f 957/719/757 920/720/737 958/721/759
f 958/721/759 921/722/738 959/723/760
f 956/725/758 923/724/739 918/726/740
f 962/728/761 952/727/752 963/729/762
f 952/727/752 964/730/763 963/729/762
f 964/730/763 948/732/751 949/731/754
f 959/734/760 966/733/764 955/735/755
f 959/734/760 922/738/746 961/737/765
f 966/733/764 960/740/766 965/739/767
f 950/743/756 951/742/768 965/741/767
f 964/730/763 950/743/756 965/741/767
f 943/746/348 967/749/348 968/750/348
f 947/747/348 943/746/348 968/750/348
f 947/747/348 968/750/348 969/751/348
f 931/735/731 927/752/749 941/739/747
f 942/733/744 931/735/731 941/739/747
f 955/735/755 966/733/764 965/739/767
f 951/752/768 955/735/755 965/739/767
f 924/703/725 925/706/728 929/704/726
f 925/706/728 926/708/730 930/707/729
f 926/708/730 927/753/749 931/709/731
f 928/710/727 929/713/726 933/711/732
f 929/713/726 930/715/729 934/714/734
f 930/715/729 931/754/731 935/716/735
f 919/717/736 918/755/740 932/718/733
f 920/720/737 919/717/736 933/719/732
f 921/722/738 920/720/737 934/721/734
f 923/724/739 938/728/741 932/725/733
f 928/727/727 932/725/733 938/728/741
f 940/730/743 924/732/725 928/727/727
f 942/733/744 937/737/745 935/734/735
f 921/736/738 935/734/735 937/737/745
f 926/743/730 925/731/728 940/730/743
f 953/704/750 949/706/754 948/703/751
f 954/707/753 950/708/756 949/706/754
f 955/709/755 951/753/768 950/708/756
f 957/711/757 953/713/750 952/710/752
f 958/714/759 954/715/753 953/713/750
f 959/716/760 955/754/755 954/715/753
f 956/718/758 918/755/740 919/717/736
f 957/719/757 919/717/736 920/720/737
f 958/721/759 920/720/737 921/722/738
f 956/725/758 962/728/761 923/724/739
f 962/728/761 956/725/758 952/727/752
f 952/727/752 948/732/751 964/730/763
f 959/734/760 961/737/765 966/733/764
f 959/734/760 921/736/738 922/738/746
f 964/730/763 949/731/754 950/743/756
f 976/756/348 971/757/769 972/758/770
f 971/757/769 973/759/771 970/760/772
f 977/761/59 972/762/770 978/763/773
f 972/764/770 979/765/739 978/766/773
f 979/765/739 970/762/772 980/763/774
f 970/762/772 981/761/176 980/763/774
f 975/767/775 976/756/348 972/758/770
f 982/768/739 984/769/739 983/761/739
f 976/756/348 974/770/348 971/757/769
f 971/757/769 974/770/348 973/759/771
f 977/761/59 975/768/775 972/762/770
f 972/764/770 971/771/769 979/765/739
f 979/765/739 971/771/769 970/762/772
f 970/762/772 973/768/771 981/761/176
f 982/768/739 985/772/739 984/769/739
f 991/773/776 986/774/777 995/775/778
f 992/776/779 987/777/780 991/773/776
f 994/773/781 989/778/782 993/776/783
f 994/773/781 986/774/777 990/777/784
f 987/779/780 988/780/785 986/781/777
f 988/780/785 989/776/782 986/781/777
f 989/776/782 990/782/784 986/781/777
f 992/780/779 991/779/776 995/781/778
f 993/776/783 992/780/779 995/781/778
f 994/782/781 993/776/783 995/781/778
f 988/783/785 993/776/783 989/778/782
f 997/777/776 1005/775/777 996/774/778
f 998/778/779 1001/773/780 997/777/776
f 1000/777/781 1003/776/782 999/778/783
f 996/774/778 1004/773/786 1000/777/781
f 996/781/778 998/780/779 997/779/776
f 996/781/778 999/776/783 998/780/779
f 996/781/778 1000/782/781 999/776/783
f 1005/781/777 1001/779/780 1002/780/785
f 1005/781/777 1002/780/785 1003/776/782
f 1005/781/777 1003/776/782 1004/782/786
f 1002/780/785 999/778/783 1003/776/782
f 991/773/776 987/777/780 986/774/777
f 992/776/779 988/778/785 987/777/780
f 994/773/781 990/777/784 989/778/782
f 994/773/781 995/775/778 986/774/777
f 988/783/785 992/780/779 993/776/783
f 997/777/776 1001/773/780 1005/775/777
f 998/778/779 1002/776/785 1001/773/780
f 1000/777/781 1004/773/786 1003/776/782
f 996/774/778 1005/775/777 1004/773/786
f 1002/780/785 998/783/779 999/778/783
f 1009/784/787 1006/785/787 1007/786/787
f 1012/787/787 1011/784/787 1013/788/787
f 1015/784/787 1016/789/787 1017/790/787
f 1009/784/787 1008/791/787 1006/785/787
f 1012/787/787 1010/786/788 1011/784/787
f 1015/784/787 1014/786/787 1016/789/787
f 1023/792/789 1020/793/790 1021/794/791
f 1026/795/792 1031/796/793 1027/797/794
f 1025/797/795 1028/798/796 1024/795/797
f 1026/799/792 1028/800/796 1030/801/798
f 1021/802/791 1032/803/799 1033/804/800
f 1026/795/792 1033/804/800 1032/803/799
f 1022/805/801 1035/804/802 1034/803/803
f 1024/795/797 1035/804/802 1025/797/795
f 1020/806/790 1034/807/803 1032/808/799
f 1026/799/792 1034/807/803 1024/809/797
f 1028/810/796 1037/811/804 1030/812/798
f 1036/813/805 1040/814/806 1037/815/804
f 1019/816/176 1037/817/804 1040/818/806
f 1018/816/59 1036/817/805 1039/819/59
f 1030/798/798 1037/817/804 1041/819/176
f 1031/796/793 1030/798/798 1041/819/176
f 1028/798/796 1029/796/807 1039/819/59
f 1036/817/805 1028/798/796 1039/819/59
f 1023/792/789 1022/820/801 1020/793/790
f 1026/795/792 1030/798/798 1031/796/793
f 1025/797/795 1029/796/807 1028/798/796
f 1026/799/792 1024/809/797 1028/800/796
f 1021/802/791 1020/805/790 1032/803/799
f 1026/795/792 1027/797/794 1033/804/800
f 1022/805/801 1023/802/789 1035/804/802
f 1024/795/797 1034/803/803 1035/804/802
f 1020/806/790 1022/821/801 1034/807/803
f 1026/799/792 1032/808/799 1034/807/803
f 1028/810/796 1036/822/805 1037/811/804
f 1036/813/805 1038/823/808 1040/814/806
f 1019/816/176 1041/819/176 1037/817/804
f 1018/816/59 1038/818/808 1036/817/805
f 1047/824/809 1053/825/810 1052/826/811
f 1046/827/812 1047/824/813 1052/826/814
f 1045/828/815 1046/827/816 1051/829/817
f 1052/826/814 1051/829/817 1046/827/812
f 1051/830/818 1050/831/819 1045/828/820
f 1044/832/821 1045/828/822 1050/831/819
f 1049/833/823 1048/834/824 1042/835/825
f 1043/836/826 1049/833/823 1042/835/825
f 1050/837/827 1049/833/823 1043/836/826
f 1044/832/828 1050/837/827 1043/836/826
f 1042/835/825 1048/838/824 1053/839/829
f 1047/824/830 1042/835/831 1053/839/829
f 1057/828/832 1056/832/833 1055/836/834
f 1058/827/835 1057/828/832 1055/836/834
f 1058/827/835 1055/836/834 1054/835/836
f 1059/824/837 1058/827/835 1054/835/836
f 1070/826/838 1071/825/839 1065/824/840
f 1070/826/838 1065/824/840 1064/827/841
f 1069/829/842 1064/827/841 1063/828/843
f 1064/827/841 1069/829/842 1070/826/838
f 1063/828/844 1068/831/845 1069/830/846
f 1068/831/845 1063/828/844 1062/832/847
f 1060/835/848 1066/834/849 1067/833/850
f 1060/835/848 1067/833/850 1061/836/851
f 1061/836/851 1067/833/850 1068/837/852
f 1061/836/851 1068/837/853 1062/832/854
f 1071/839/855 1066/838/849 1060/835/848
f 1071/839/855 1060/835/848 1065/824/856
f 1073/836/857 1074/832/858 1075/828/859
f 1073/836/857 1075/828/859 1076/827/860
f 1072/835/861 1073/836/857 1076/827/860
f 1072/835/861 1076/827/860 1077/824/862
f 1084/840/863 1083/841/864 1082/842/865
f 1084/840/863 1085/843/866 1083/841/864
f 1082/842/865 1083/841/864 1078/844/867
f 1078/845/867 1081/846/868 1082/842/865
f 1084/840/863 1082/842/865 1081/846/868
f 1084/840/863 1081/847/868 1080/848/869
f 1080/848/869 1079/849/870 1085/843/866
f 1084/840/863 1080/848/869 1085/843/866
f 1090/842/871 1091/841/872 1092/840/873
f 1091/841/872 1093/843/874 1092/840/873
f 1086/844/875 1091/841/872 1090/842/871
f 1090/842/871 1089/846/876 1086/845/875
f 1089/846/876 1090/842/871 1092/840/873
f 1088/848/877 1089/847/876 1092/840/873
f 1093/843/874 1087/849/878 1088/848/877
f 1093/843/874 1088/848/877 1092/840/873
f 1095/850/879 1096/851/880 1094/852/881
f 1099/853/882 1096/851/880 1097/853/883
f 1095/850/879 1100/852/884 1101/850/885
f 1096/851/880 1100/852/884 1094/852/881
f 1099/853/882 1095/850/879 1101/850/885
f 1105/854/81 1102/855/81 1103/856/81
f 1095/850/879 1097/853/883 1096/851/880
f 1099/853/882 1098/851/886 1096/851/880
f 1095/850/879 1094/852/881 1100/852/884
f 1096/851/880 1098/851/886 1100/852/884
f 1099/853/882 1097/853/883 1095/850/879
f 1105/854/81 1104/857/81 1102/855/81
f 1109/858/887 1106/859/887 1107/860/887
f 1111/861/888 1108/862/889 1109/858/890
f 1113/863/891 1110/864/891 1111/861/891
f 1113/863/892 1106/859/893 1112/865/894
f 1109/858/887 1108/862/887 1106/859/887
f 1111/861/895 1110/864/896 1108/862/897
f 1113/863/891 1112/865/891 1110/864/891
f 1113/863/898 1107/860/899 1106/859/900
f 1118/866/901 1131/867/902 1130/866/903
f 1122/868/904 1124/869/905 1127/869/906
f 1123/870/907 1125/871/908 1121/870/909
f 1124/869/905 1126/872/910 1114/873/911
f 1128/874/912 1125/871/908 1115/875/913
f 1125/871/908 1129/871/914 1117/875/915
f 1115/875/913 1125/871/908 1117/875/915
f 1114/873/911 1116/873/916 1127/869/906
f 1124/869/905 1114/873/911 1127/869/906
f 1120/868/917 1122/868/904 1118/866/901
f 1130/866/903 1120/868/917 1118/866/901
f 1121/870/909 1131/867/902 1119/867/918
f 1123/870/907 1121/870/909 1119/867/918
f 1121/870/909 1125/871/908 1128/874/912
f 1131/867/902 1121/870/909 1128/874/912
f 1124/869/905 1120/868/917 1130/866/903
f 1126/872/910 1124/869/905 1130/866/903
f 1114/873/911 1126/872/910 1128/874/912
f 1115/875/913 1114/873/911 1128/874/912
f 1130/866/903 1128/874/912 1126/872/910
f 1135/876/919 1136/876/920 1137/876/920
f 1132/876/920 1139/876/920 1138/876/920
f 1136/876/920 1139/876/920 1137/876/920
f 1117/875/915 1116/873/916 1114/873/911
f 1115/875/913 1117/875/915 1114/873/911
f 1145/877/921 1156/878/922 1157/877/923
f 1150/879/924 1148/880/925 1153/879/926
f 1151/881/927 1149/882/928 1147/882/929
f 1140/883/930 1152/884/931 1150/879/924
f 1141/885/932 1151/881/927 1154/886/933
f 1143/885/934 1155/881/935 1151/881/927
f 1143/885/934 1151/881/927 1141/885/932
f 1153/879/926 1142/883/936 1140/883/930
f 1153/879/926 1140/883/930 1150/879/924
f 1144/878/937 1148/880/925 1146/880/938
f 1144/878/937 1146/880/938 1156/878/922
f 1145/877/921 1157/877/923 1147/882/929
f 1145/877/921 1147/882/929 1149/882/928
f 1154/886/933 1151/881/927 1147/882/929
f 1154/886/933 1147/882/929 1157/877/923
f 1156/878/922 1146/880/938 1150/879/924
f 1156/878/922 1150/879/924 1152/884/931
f 1154/886/933 1152/884/931 1140/883/930
f 1154/886/933 1140/883/930 1141/885/932
f 1154/886/933 1156/878/922 1152/884/931
f 1162/876/939 1161/876/940 1163/876/939
f 1165/876/939 1158/876/939 1164/876/939
f 1165/876/939 1162/876/939 1163/876/939
f 1140/883/930 1142/883/936 1143/885/934
f 1140/883/930 1143/885/934 1141/885/932
f 1118/866/901 1119/867/918 1131/867/902
f 1122/868/904 1120/868/917 1124/869/905
f 1123/870/907 1129/871/914 1125/871/908
f 1130/866/903 1131/867/902 1128/874/912
f 1135/876/919 1134/876/919 1136/876/920
f 1132/876/920 1133/876/920 1139/876/920
f 1136/876/920 1138/876/920 1139/876/920
f 1145/877/921 1144/878/937 1156/878/922
f 1150/879/924 1146/880/938 1148/880/925
f 1151/881/927 1155/881/935 1149/882/928
f 1154/886/933 1157/877/923 1156/878/922
f 1162/876/939 1160/876/940 1161/876/940
f 1165/876/939 1159/876/939 1158/876/939
f 1165/876/939 1164/876/939 1162/876/939
f 1170/887/941 1166/888/942 1168/889/943
f 1167/890/944 1171/891/945 1169/892/946
f 1168/889/943 1166/888/942 1167/890/944
f 1169/892/946 1168/889/943 1167/890/944
f 1168/889/943 1169/892/946 1171/891/945
f 1170/887/941 1168/889/943 1171/891/945
f 1174/893/947 1172/894/948 1176/895/949
f 1175/896/950 1177/897/951 1173/898/952
f 1173/898/952 1172/894/948 1174/893/947
f 1173/898/952 1174/893/947 1175/896/950
f 1177/897/951 1175/896/950 1174/893/947
f 1177/897/951 1174/893/947 1176/895/949
f 1179/899/953 1180/900/953 1178/900/953
f 1183/901/81 1180/900/81 1182/901/81
f 1182/901/954 1179/899/954 1183/901/954
f 1181/902/955 1182/903/955 1180/904/955
f 1183/901/956 1179/899/956 1178/900/956
f 1186/900/953 1185/899/953 1184/900/953
f 1186/900/81 1189/901/81 1188/901/81
f 1185/899/954 1188/901/954 1189/901/954
f 1186/905/957 1188/906/957 1187/907/957
f 1184/900/958 1185/899/958 1189/901/958
f 1179/899/953 1181/899/953 1180/900/953
f 1183/901/81 1178/900/81 1180/900/81
f 1182/901/954 1181/899/954 1179/899/954
f 1186/900/953 1187/899/953 1185/899/953
f 1186/900/81 1184/900/81 1189/901/81
f 1185/899/954 1187/899/954 1188/901/954
f 1193/908/348 1190/909/348 1192/910/348
f 1197/908/348 1194/909/348 1196/910/348
f 1193/908/348 1191/911/348 1190/909/348
f 1197/908/348 1195/911/348 1194/909/348
f 1235/912/959 1242/913/960 1219/914/961
f 1235/912/959 1234/915/962 1242/913/960
f 1235/912/959 1219/914/961 1218/916/963
f 1220/917/964 1218/916/963 1219/914/961
f 1220/917/964 1217/918/965 1218/916/963
f 1217/918/965 1220/917/964 1216/919/966
f 1220/917/964 1221/920/967 1216/919/968
f 1217/918/969 1199/921/970 1200/922/971
f 1218/923/971 1217/918/972 1200/922/971
f 1216/919/973 1198/924/973 1199/921/970
f 1217/918/969 1216/919/973 1199/921/970
f 1236/925/974 1201/926/975 1219/914/961
f 1221/920/967 1220/917/964 1202/927/976
f 1203/928/977 1221/920/967 1202/927/976
f 1201/926/975 1202/927/976 1220/917/964
f 1219/914/961 1201/926/975 1220/917/964
f 1224/929/978 1206/930/979 1236/925/974
f 1230/931/980 1207/932/981 1225/933/982
f 1230/931/980 1212/934/983 1207/932/981
f 1241/935/984 1237/936/985 1238/937/986
f 1238/937/986 1231/938/987 1230/931/980
f 1241/935/984 1238/937/986 1230/931/980
f 1236/925/974 1242/913/960 1239/939/988
f 1238/937/986 1213/940/989 1231/938/987
f 1232/941/990 1214/942/991 1215/943/992
f 1233/944/993 1232/941/990 1215/943/992
f 1213/945/989 1214/942/991 1232/941/990
f 1231/938/987 1213/945/989 1232/941/990
f 1225/933/982 1226/946/994 1223/947/995
f 1224/929/978 1225/933/982 1223/947/995
f 1226/946/994 1227/948/996 1222/949/997
f 1223/947/995 1226/946/994 1222/949/997
f 1206/930/979 1224/929/978 1205/950/998
f 1224/929/978 1223/947/995 1205/950/998
f 1223/947/995 1204/951/999 1205/950/998
f 1223/947/995 1222/949/997 1204/951/999
f 1208/952/1000 1209/953/1001 1227/948/996
f 1226/946/994 1208/952/1000 1227/948/996
f 1226/946/994 1225/933/982 1207/954/981
f 1208/952/1000 1226/946/994 1207/954/981
f 1230/931/980 1231/938/987 1232/941/990
f 1229/955/1002 1230/931/980 1232/941/990
f 1233/944/993 1228/956/1003 1229/955/1002
f 1232/941/990 1233/944/993 1229/955/1002
f 1230/931/980 1229/955/1002 1212/934/983
f 1229/955/1002 1211/957/1004 1212/934/983
f 1229/955/1002 1228/956/1003 1211/957/1004
f 1228/956/1003 1210/958/1005 1211/957/1004
f 1241/935/984 1230/931/980 1225/933/982
f 1240/959/1006 1241/935/984 1225/933/982
f 1224/929/978 1240/959/1006 1225/933/982
f 1240/959/1006 1224/929/978 1236/925/974
f 1239/939/988 1240/959/1006 1236/925/974
f 1218/916/963 1200/923/1007 1235/912/959
f 1264/914/1008 1242/913/960 1279/912/1009
f 1242/913/960 1234/915/962 1279/912/1009
f 1263/916/1010 1264/914/1008 1279/912/1009
f 1264/914/1008 1263/916/1010 1265/917/1011
f 1263/916/1010 1262/918/1012 1265/917/1011
f 1261/919/1013 1265/917/1011 1262/918/1012
f 1261/919/1013 1266/920/1014 1265/917/1011
f 1245/922/971 1244/921/1015 1262/918/972
f 1245/922/971 1262/918/972 1263/923/971
f 1244/921/1016 1243/924/973 1261/919/973
f 1244/921/1015 1261/919/973 1262/918/972
f 1264/914/1008 1246/926/975 1280/925/974
f 1247/927/976 1265/917/1011 1266/920/1014
f 1247/927/976 1266/920/1014 1248/928/977
f 1265/917/1011 1247/927/976 1246/926/975
f 1265/917/1011 1246/926/975 1264/914/1008
f 1280/925/974 1251/930/979 1269/929/1017
f 1270/933/1018 1252/932/981 1275/931/1019
f 1252/932/981 1257/934/983 1275/931/1019
f 1281/937/1020 1237/936/985 1241/935/984
f 1275/931/1019 1276/938/1021 1281/937/1020
f 1275/931/1019 1281/937/1020 1241/935/984
f 1242/913/960 1280/925/974 1239/939/988
f 1276/938/1021 1258/940/1022 1281/937/1020
f 1260/943/1023 1259/942/1024 1277/941/1025
f 1260/943/1023 1277/941/1025 1278/944/1026
f 1277/941/1025 1259/942/1024 1258/945/1022
f 1277/941/1025 1258/945/1022 1276/938/1021
f 1268/947/1027 1271/946/1028 1270/933/1018
f 1268/947/1027 1270/933/1018 1269/929/1017
f 1267/949/1029 1272/948/1030 1271/946/1028
f 1267/949/1029 1271/946/1028 1268/947/1027
f 1250/950/998 1269/929/1017 1251/930/979
f 1250/950/998 1268/947/1027 1269/929/1017
f 1250/950/998 1249/951/999 1268/947/1027
f 1249/951/999 1267/949/1029 1268/947/1027
f 1272/948/1030 1254/953/1001 1253/952/1000
f 1272/948/1030 1253/952/1000 1271/946/1028
f 1252/954/981 1270/933/1018 1271/946/1028
f 1252/954/981 1271/946/1028 1253/952/1000
f 1277/941/1025 1276/938/1021 1275/931/1019
f 1277/941/1025 1275/931/1019 1274/955/1031
f 1274/955/1031 1273/956/1032 1278/944/1026
f 1274/955/1031 1278/944/1026 1277/941/1025
f 1257/934/983 1274/955/1031 1275/931/1019
f 1257/934/983 1256/957/1033 1274/955/1031
f 1256/957/1033 1273/956/1032 1274/955/1031
f 1256/957/1033 1255/958/1034 1273/956/1032
f 1270/933/1018 1275/931/1019 1241/935/984
f 1270/933/1018 1241/935/984 1240/959/1006
f 1270/933/1018 1240/959/1006 1269/929/1017
f 1280/925/974 1269/929/1017 1240/959/1006
f 1280/925/974 1240/959/1006 1239/939/988
f 1279/912/1009 1245/923/1007 1263/916/1010
f 1236/925/974 1219/914/961 1242/913/960
f 1242/913/960 1264/914/1008 1280/925/974
f 1293/960/1035 1286/961/1036 1287/962/1035
f 1297/963/1037 1287/962/1035 1284/964/1038
f 1298/965/1039 1284/964/1038 1285/966/1040
f 1285/966/1040 1289/967/1041 1298/965/1039
f 1285/966/1040 1282/968/1042 1289/967/1041
f 1289/967/1041 1290/969/1043 1298/965/1039
f 1292/970/1044 1296/971/1045 1291/972/1046
f 1296/971/1045 1290/969/1043 1291/972/1046
f 1296/971/1045 1298/965/1039 1290/969/1043
f 1298/965/1039 1296/971/1045 1295/973/1047
f 1286/961/1048 1300/974/1049 1288/975/1050
f 1294/976/1051 1288/975/1050 1300/974/1049
f 1298/965/1039 1295/973/1047 1297/963/1037
f 1293/960/59 1300/977/59 1299/978/59
f 1311/978/1036 1287/962/1035 1286/961/1036
f 1305/960/1052 1284/964/1038 1287/962/1035
f 1284/964/1038 1310/965/1053 1285/966/1040
f 1310/965/1053 1301/967/1054 1285/966/1040
f 1301/967/1054 1282/968/1042 1285/966/1040
f 1310/965/1053 1302/969/1055 1301/967/1054
f 1303/972/1056 1308/971/1057 1304/970/1044
f 1303/972/1056 1302/969/1055 1308/971/1057
f 1302/969/1055 1310/965/1053 1308/971/1057
f 1307/973/1058 1308/971/1057 1310/965/1053
f 1311/978/1048 1288/975/1050 1312/974/1049
f 1288/975/1050 1306/976/1051 1312/974/1059
f 1309/963/1037 1307/973/1058 1310/965/1053
f 1311/978/176 1312/977/176 1305/960/176
f 1293/960/1035 1299/978/1036 1286/961/1036
f 1297/963/1037 1293/960/1035 1287/962/1035
f 1298/965/1039 1297/963/1037 1284/964/1038
f 1286/961/1048 1299/978/1048 1300/974/1049
f 1294/976/1051 1283/979/1051 1288/975/1050
f 1311/978/1036 1305/960/1052 1287/962/1035
f 1305/960/1052 1309/963/1037 1284/964/1038
f 1284/964/1038 1309/963/1037 1310/965/1053
f 1311/978/1048 1286/961/1048 1288/975/1050
f 1288/975/1050 1283/979/1051 1306/976/1051
f 1320/980/1060 1314/981/504 1324/982/1061
f 1326/983/1062 1313/984/504 1320/980/1060
f 1331/985/1063 1330/986/1064 1317/987/1065
f 1316/988/1066 1331/985/1063 1317/987/1065
f 1332/989/1067 1329/990/1068 1330/986/1064
f 1331/985/1063 1332/989/1067 1330/986/1064
f 1329/990/1068 1332/989/1067 1342/991/1069
f 1323/992/1070 1321/993/1071 1322/994/1072
f 1323/992/1070 1325/995/1073 1321/993/1071
f 1321/993/1071 1325/995/1073 1337/996/1074
f 1336/997/1075 1333/998/1076 1334/999/1077
f 1334/999/1077 1335/1000/1078 1321/993/1071
f 1327/1001/1079 1333/998/1076 1336/997/1075
f 1341/1002/1080 1327/1001/1079 1336/997/1075
f 1337/996/1074 1319/1003/1081 1336/997/1075
f 1338/1004/1082 1324/982/1061 1339/1005/1083
f 1326/1006/1062 1320/1007/1060 1340/1008/59
f 1341/1009/1080 1328/1010/1084 1342/991/1069
f 1341/1009/1080 1342/991/1069 1332/989/1067
f 1327/1011/1079 1341/1009/1080 1332/989/1067
f 1320/1007/1060 1338/1012/1082 1321/993/1071
f 1335/1000/1078 1340/1008/59 1320/1007/1060
f 1335/1000/1078 1320/1007/1060 1321/993/1071
f 1336/997/1075 1334/999/1077 1321/993/1071
f 1337/996/1074 1336/997/1075 1321/993/1071
f 1313/984/504 1349/982/1085 1314/981/504
f 1315/1013/504 1345/980/1086 1313/984/504
f 1317/987/1065 1355/986/1087 1356/985/1088
f 1317/987/1065 1356/985/1088 1316/988/1066
f 1355/986/1087 1354/990/1089 1357/989/1090
f 1355/986/1087 1357/989/1090 1356/985/1088
f 1367/991/1091 1357/989/1090 1354/990/1089
f 1347/994/1072 1346/993/1092 1348/992/1093
f 1346/993/1092 1350/995/1094 1348/992/1093
f 1362/996/1095 1350/995/1094 1346/993/1092
f 1359/999/1096 1358/998/1097 1361/997/1098
f 1346/993/1092 1360/1000/1099 1359/999/1096
f 1361/997/1098 1358/998/1097 1352/1001/1100
f 1361/997/1098 1352/1001/1100 1366/1002/1101
f 1344/1003/1102 1362/996/1095 1361/997/1098
f 1349/982/1085 1363/1004/1103 1364/1005/1104
f 1365/1008/176 1345/1007/1086 1351/1006/1105
f 1367/991/1091 1353/1010/1106 1366/1009/1101
f 1357/989/1090 1367/991/1091 1366/1009/1101
f 1357/989/1090 1366/1009/1101 1352/1011/1100
f 1346/993/1092 1363/1012/1103 1345/1007/1086
f 1345/1007/1086 1365/1008/176 1360/1000/1099
f 1346/993/1092 1345/1007/1086 1360/1000/1099
f 1346/993/1092 1359/999/1096 1361/997/1098
f 1346/993/1092 1361/997/1098 1362/996/1095
f 1320/980/1060 1313/984/504 1314/981/504
f 1326/983/1062 1315/1013/504 1313/984/504
f 1337/996/1074 1318/1014/1107 1319/1003/1081
f 1338/1004/1082 1320/980/1060 1324/982/1061
f 1313/984/504 1345/980/1086 1349/982/1085
f 1315/1013/504 1351/983/1105 1345/980/1086
f 1344/1003/1102 1343/1014/1107 1362/996/1095
f 1349/982/1085 1345/980/1086 1363/1004/1103
f 1371/1015/1108 1373/1016/1109 1372/1017/1110
f 1377/1018/1111 1376/1019/1112 1372/1017/1110
f 1373/1016/1109 1377/1018/1111 1372/1017/1110
f 1377/1018/1111 1369/1020/1113 1376/1019/1112
f 1375/1021/59 1378/1022/59 1379/1023/59
f 1380/1024/504 1382/1025/504 1381/1026/504
f 1384/1027/1114 1388/1028/1115 1387/1029/1116
f 1386/1030/81 1384/1027/1114 1385/1031/81
f 1394/1016/1117 1392/1015/1118 1393/1017/1119
f 1393/1017/1119 1397/1019/1120 1398/1018/1121
f 1393/1017/1119 1398/1018/1121 1394/1016/1117
f 1390/1020/1113 1398/1018/1121 1397/1019/1120
f 1399/1022/176 1396/1021/176 1400/1023/176
f 1404/1032/504 1402/1026/504 1403/1025/504
f 1408/1029/1122 1409/1028/1115 1405/1027/1114
f 1405/1027/1114 1407/1030/81 1406/1031/81
f 1371/1015/1108 1374/1033/1123 1373/1016/1109
f 1377/1018/1111 1368/1034/1113 1369/1020/1113
f 1375/1021/59 1370/1035/59 1378/1022/59
f 1380/1024/504 1383/1032/504 1382/1025/504
f 1386/1030/81 1388/1028/1115 1384/1027/1114
f 1394/1016/1117 1395/1033/1124 1392/1015/1118
f 1390/1020/1113 1389/1034/1113 1398/1018/1121
f 1399/1022/176 1391/1035/176 1396/1021/176
f 1404/1032/504 1401/1024/504 1402/1026/504
f 1405/1027/1114 1409/1028/1115 1407/1030/81
f 1413/1036/1125 1410/1037/1125 1411/1038/1125
f 1413/1039/176 1414/1040/176 1412/1040/176
f 1417/1041/1126 1414/1040/1126 1415/1039/1126
f 1411/1041/59 1416/1042/59 1417/1041/59
f 1412/1040/1127 1416/1042/1127 1410/1042/1127
f 1415/1039/1128 1411/1041/1128 1417/1041/1128
f 1421/1036/1129 1418/1037/1129 1419/1038/1129
f 1421/1039/59 1422/1040/59 1420/1040/59
f 1425/1041/1130 1422/1040/1130 1423/1039/1130
f 1419/1041/176 1424/1042/176 1425/1041/176
f 1420/1040/1131 1424/1042/1131 1418/1042/1131
f 1423/1039/1132 1419/1041/1132 1425/1041/1132
f 1413/1036/1125 1412/1043/1125 1410/1037/1125
f 1413/1039/176 1415/1039/176 1414/1040/176
f 1417/1041/1126 1416/1042/1126 1414/1040/1126
f 1411/1041/59 1410/1042/59 1416/1042/59
f 1412/1040/1127 1414/1040/1127 1416/1042/1127
f 1415/1039/1128 1413/1039/1128 1411/1041/1128
f 1421/1036/1129 1420/1043/1129 1418/1037/1129
f 1421/1039/59 1423/1039/59 1422/1040/59
f 1425/1041/1130 1424/1042/1130 1422/1040/1130
f 1419/1041/176 1418/1042/176 1424/1042/176
f 1420/1040/1131 1422/1040/1131 1424/1042/1131
f 1423/1039/1132 1421/1039/1132 1419/1041/1132
f 1428/1044/1133 1427/1045/1133 1426/1046/1133
f 1428/1044/1133 1429/1047/1133 1427/1045/1133
f 1433/1048/1134 1434/1049/1135 1432/1050/1136
f 1431/1048/1137 1436/1049/1138 1437/1051/1137
f 1432/1050/1136 1436/1052/1138 1430/1053/1139
f 1433/1048/1134 1435/1051/1134 1434/1049/1135
f 1431/1048/1137 1430/1050/1139 1436/1049/1138
f 1432/1050/1136 1434/1049/1135 1436/1052/1138
f 1441/1054/81 1438/1055/1140 1439/1056/81
f 1443/1057/59 1440/1058/59 1441/1054/59
f 1445/1057/401 1442/1059/401 1443/1060/401
f 1445/1057/1141 1438/1058/1141 1444/1061/1141
f 1438/1062/1140 1442/1063/1142 1444/1064/1142
f 1449/1065/1143 1447/1066/1143 1450/1067/1143
f 1450/1067/1143 1452/1068/1143 1449/1065/1143
f 1452/1068/1143 1453/1069/1143 1454/1070/1143
f 1452/1068/1143 1455/1071/1143 1451/1072/1144
f 1454/1070/1143 1448/1073/1145 1455/1071/1143
f 1441/1054/81 1440/1058/1146 1438/1055/1140
f 1443/1057/59 1442/1061/59 1440/1058/59
f 1445/1057/401 1444/1061/401 1442/1059/401
f 1445/1057/1141 1439/1054/1141 1438/1058/1141
f 1438/1062/1140 1440/1074/1146 1442/1063/1142
f 1449/1065/1143 1446/1075/1143 1447/1066/1143
f 1450/1067/1143 1453/1069/1143 1452/1068/1143
f 1452/1068/1143 1454/1070/1143 1455/1071/1143
f 1459/1076/1147 1456/1077/1148 1457/1078/1149
f 1459/1079/1147 1460/1080/1150 1458/1081/1151
f 1463/1082/1152 1460/1080/1150 1461/1083/1153
f 1457/1079/1149 1462/1080/1154 1463/1084/1152
f 1458/1081/1151 1462/1085/1154 1456/1077/1148
f 1461/1080/1153 1457/1077/1149 1463/1085/1152
f 1467/1076/1147 1464/1077/1155 1465/1078/1149
f 1467/1079/1147 1468/1080/1150 1466/1081/1151
f 1471/1082/1152 1468/1080/1150 1469/1083/1153
f 1465/1079/1149 1470/1080/1154 1471/1084/1152
f 1466/1081/1151 1470/1085/1154 1464/1077/1155
f 1469/1080/1153 1465/1077/1149 1471/1085/1152
f 1459/1076/1147 1458/1081/1151 1456/1077/1148
f 1459/1079/1147 1461/1084/1153 1460/1080/1150
f 1463/1082/1152 1462/1085/1154 1460/1080/1150
f 1457/1079/1149 1456/1081/1148 1462/1080/1154
f 1458/1081/1151 1460/1080/1150 1462/1085/1154
f 1461/1080/1153 1459/1081/1147 1457/1077/1149
f 1467/1076/1147 1466/1081/1151 1464/1077/1155
f 1467/1079/1147 1469/1084/1153 1468/1080/1150
f 1471/1082/1152 1470/1085/1154 1468/1080/1150
f 1465/1079/1149 1464/1081/1155 1470/1080/1154
f 1466/1081/1151 1468/1080/1150 1470/1085/1154
f 1469/1080/1153 1467/1081/1147 1465/1077/1149
f 1473/1066/1156 1475/1065/1156 1476/1067/1156
f 1476/1067/1156 1478/1068/1156 1479/1069/1156
f 1479/1069/1156 1478/1068/1156 1480/1070/1156
f 1478/1068/1156 1481/1071/1156 1480/1070/1156
f 1474/1073/1157 1480/1070/1156 1481/1071/1156
f 1473/1066/1156 1472/1075/1156 1475/1065/1156
f 1476/1067/1156 1475/1065/1156 1478/1068/1156
f 1478/1068/1156 1477/1072/1158 1481/1071/1156
f 1483/1086/1159 1482/1087/1160 1484/1088/1161
f 1484/1088/1161 1485/1089/1162 1483/1086/1159
f 1482/1087/1160 1491/1090/1163 1485/1089/1162
f 1484/1088/1161 1482/1087/1160 1485/1089/1162
f 1490/1091/1164 1485/1089/1162 1491/1092/1163
f 1492/1093/1165 1490/1091/1164 1491/1092/1163
f 1493/1094/1166 1489/1095/1167 1492/1093/1165
f 1490/1091/1164 1492/1093/1165 1489/1095/1167
f 1494/1096/1168 1497/1097/1169 1495/1098/1170
f 1489/1095/1167 1494/1096/1168 1488/1099/1171
f 1495/1098/1170 1487/1100/1172 1488/1099/1171
f 1494/1096/1168 1495/1098/1170 1488/1099/1171
f 1487/1100/1172 1495/1098/1170 1496/1101/1173
f 1486/1102/1173 1487/1100/1172 1496/1101/1173
f 1503/1103/1174 1502/1104/1175 1514/1105/1176
f 1514/1105/1176 1501/1106/1177 1513/1107/1177
f 1503/1103/1174 1494/1096/1168 1493/1094/1166
f 1504/1108/1178 1503/1103/1174 1493/1094/1166
f 1514/1105/1176 1497/1097/1169 1494/1096/1168
f 1503/1103/1174 1514/1105/1176 1494/1096/1168
f 1511/1109/1179 1518/1110/1180 1510/1111/1181
f 1511/1109/1179 1519/1112/1182 1518/1110/1180
f 1510/1111/1181 1517/1113/1183 1509/1114/1184
f 1510/1111/1181 1518/1110/1180 1517/1113/1183
f 1509/1114/1184 1516/1115/1185 1508/1116/1186
f 1509/1114/1184 1517/1113/1183 1516/1115/1185
f 1508/1116/1186 1515/1117/1187 1507/1118/1187
f 1508/1116/1186 1516/1115/1185 1515/1117/1187
f 1491/1090/1163 1482/1087/1160 1498/1119/1188
f 1506/1120/1189 1491/1090/1163 1498/1119/1188
f 1520/1121/1190 1512/1122/1191 1499/1123/1192
f 1500/1124/1193 1520/1121/1190 1499/1123/1192
f 1506/1125/1189 1505/1126/1194 1492/1093/1165
f 1491/1092/1163 1506/1125/1189 1492/1093/1165
f 1493/1094/1166 1492/1093/1165 1505/1126/1194
f 1504/1108/1178 1493/1094/1166 1505/1126/1194
f 1519/1112/1182 1511/1109/1179 1512/1127/1191
f 1520/1128/1190 1519/1112/1182 1512/1127/1191
f 1528/1100/1195 1527/1102/1196 1522/1129/1196
f 1524/1130/1197 1529/1099/1198 1528/1100/1195
f 1522/1129/1196 1524/1130/1197 1528/1100/1195
f 1529/1099/1198 1524/1130/1197 1523/1131/1199
f 1530/1095/1200 1529/1099/1198 1523/1131/1199
f 1525/1132/1201 1531/1091/1202 1530/1095/1200
f 1523/1131/1199 1525/1132/1201 1530/1095/1200
f 1526/1089/1203 1521/1133/1204 1483/1086/1205
f 1521/1134/1204 1526/1089/1203 1531/1091/1202
f 1525/1132/1201 1521/1134/1204 1531/1091/1202
f 1541/1116/1206 1534/1106/1207 1535/1104/1208
f 1543/1111/1209 1542/1114/1210 1536/1103/1211
f 1537/1108/1212 1543/1111/1209 1536/1103/1211
f 1535/1104/1208 1536/1103/1211 1542/1114/1210
f 1541/1116/1206 1535/1104/1208 1542/1114/1210
f 1538/1126/1213 1539/1125/1214 1545/1127/1215
f 1544/1109/1216 1538/1126/1213 1545/1127/1215
f 1544/1109/1216 1543/1111/1209 1537/1108/1212
f 1538/1126/1213 1544/1109/1216 1537/1108/1212
f 1533/1123/1217 1539/1120/1214 1532/1119/1218
f 1533/1123/1217 1545/1122/1215 1539/1120/1214
f 1548/1135/1219 1546/1136/1220 1547/1137/1221
f 1547/1137/1221 1549/1138/1222 1548/1135/1219
f 1549/1138/1222 1554/1139/1223 1546/1136/1220
f 1549/1138/1222 1546/1136/1220 1548/1135/1219
f 1554/1140/1223 1549/1138/1222 1553/1141/1224
f 1554/1140/1223 1553/1141/1224 1555/1142/1225
f 1555/1142/1225 1552/1143/1226 1556/1144/1227
f 1552/1143/1226 1555/1142/1225 1553/1141/1224
f 1558/1145/1228 1559/1146/1229 1557/1147/1230
f 1557/1147/1230 1552/1143/1226 1551/1148/1231
f 1551/1148/1231 1550/1149/1232 1558/1145/1228
f 1551/1148/1231 1558/1145/1228 1557/1147/1230
f 1496/1101/1173 1558/1145/1228 1550/1149/1232
f 1496/1101/1173 1550/1149/1232 1486/1102/1173
f 1573/1150/1233 1563/1151/1234 1564/1152/1235
f 1501/1106/1177 1573/1150/1233 1513/1107/1177
f 1556/1144/1227 1557/1147/1230 1564/1152/1235
f 1556/1144/1227 1564/1152/1235 1565/1153/1236
f 1557/1147/1230 1559/1146/1229 1573/1150/1233
f 1557/1147/1230 1573/1150/1233 1564/1152/1235
f 1570/1154/1237 1576/1155/1238 1571/1156/1239
f 1576/1155/1238 1577/1157/1240 1571/1156/1239
f 1569/1158/1241 1575/1159/1242 1570/1154/1237
f 1575/1159/1242 1576/1155/1238 1570/1154/1237
f 1568/1160/1243 1574/1161/1244 1569/1158/1241
f 1574/1161/1244 1575/1159/1242 1569/1158/1241
f 1507/1118/1187 1515/1117/1187 1568/1160/1243
f 1515/1117/1187 1574/1161/1244 1568/1160/1243
f 1560/1162/1245 1546/1136/1220 1554/1139/1223
f 1560/1162/1245 1554/1139/1223 1567/1163/1246
f 1561/1164/1247 1572/1165/1248 1578/1166/1249
f 1561/1164/1247 1578/1166/1249 1562/1167/1250
f 1555/1142/1225 1566/1168/1251 1567/1169/1246
f 1555/1142/1225 1567/1169/1246 1554/1140/1223
f 1566/1168/1251 1555/1142/1225 1556/1144/1227
f 1566/1168/1251 1556/1144/1227 1565/1153/1236
f 1572/1170/1248 1571/1156/1239 1577/1157/1240
f 1572/1170/1248 1577/1157/1240 1578/1171/1249
f 1522/1129/1196 1527/1102/1196 1584/1149/1252
f 1584/1149/1252 1585/1148/1253 1581/1172/1254
f 1584/1149/1252 1581/1172/1254 1522/1129/1196
f 1580/1173/1255 1581/1172/1254 1585/1148/1253
f 1580/1173/1255 1585/1148/1253 1586/1143/1256
f 1586/1143/1256 1587/1141/1257 1582/1174/1258
f 1586/1143/1256 1582/1174/1258 1580/1173/1255
f 1547/1137/1259 1579/1175/1260 1583/1138/1261
f 1587/1141/1257 1583/1138/1261 1579/1176/1260
f 1587/1141/1257 1579/1176/1260 1582/1174/1258
f 1534/1106/1207 1595/1160/1262 1590/1151/1263
f 1591/1152/1264 1596/1158/1265 1597/1154/1266
f 1591/1152/1264 1597/1154/1266 1592/1153/1267
f 1596/1158/1265 1591/1152/1264 1590/1151/1263
f 1596/1158/1265 1590/1151/1263 1595/1160/1262
f 1599/1170/1268 1594/1169/1269 1593/1168/1270
f 1599/1170/1268 1593/1168/1270 1598/1156/1271
f 1592/1153/1267 1597/1154/1266 1598/1156/1271
f 1592/1153/1267 1598/1156/1271 1593/1168/1270
f 1588/1162/1272 1594/1163/1269 1589/1164/1273
f 1594/1163/1269 1599/1165/1268 1589/1164/1273
f 1489/1095/1167 1493/1094/1166 1494/1096/1168
f 1514/1105/1176 1502/1104/1175 1501/1106/1177
f 1541/1116/1206 1540/1118/1207 1534/1106/1207
f 1557/1147/1230 1556/1144/1227 1552/1143/1226
f 1501/1106/1177 1563/1151/1234 1573/1150/1233
f 1534/1106/1207 1540/1118/1207 1595/1160/1262
f 1602/1177/1274 1600/1178/1275 1601/1179/1276
f 1604/1180/1277 1602/1177/1274 1603/1181/1278
f 1606/1182/1279 1604/1180/1277 1605/1183/355
f 1606/1182/1279 1607/1184/1280 1604/1180/1277
f 1607/1184/1280 1600/1178/1275 1602/1177/1274
f 1604/1180/1277 1607/1184/1280 1602/1177/1274
f 1601/1179/1276 1600/1178/1275 1608/1177/1281
f 1609/1181/1282 1608/1177/1281 1610/1180/1283
f 1611/1183/355 1610/1180/1283 1612/1182/1284
f 1610/1180/1283 1613/1184/1285 1612/1182/1284
f 1608/1177/1281 1600/1178/1275 1613/1184/1285
f 1608/1177/1281 1613/1184/1285 1610/1180/1283
f 1615/1185/1286 1616/1186/1287 1618/1187/1288
f 1619/1188/1289 1615/1185/1286 1618/1187/1288
f 1619/1188/1289 1617/1189/1290 1614/1190/1290
f 1615/1185/1286 1619/1188/1289 1614/1190/1290
f 1624/1187/1291 1622/1186/1292 1621/1185/1293
f 1624/1187/1291 1621/1185/1293 1625/1188/1294
f 1620/1190/1290 1623/1189/1290 1625/1188/1294
f 1620/1190/1290 1625/1188/1294 1621/1185/1293
f 1634/1191/429 1631/1192/430 1632/1193/427
f 1633/1194/428 1634/1191/429 1632/1193/427
f 1627/1191/59 1630/1194/59 1629/1193/59
f 1629/1193/59 1626/1192/59 1627/1191/59
f 1632/1193/355 1626/1195/355 1629/1196/355
f 1629/1196/1295 1628/1197/1296 1633/1194/1297
f 1632/1193/426 1629/1196/1295 1633/1194/1297
f 1641/1193/421 1640/1192/422 1643/1191/419
f 1641/1193/421 1643/1191/419 1642/1194/420
f 1638/1193/176 1639/1194/176 1636/1191/176
f 1636/1191/176 1635/1192/176 1638/1193/176
f 1635/1195/355 1641/1193/355 1638/1196/355
f 1642/1194/1298 1637/1197/1299 1638/1196/1300
f 1642/1194/1298 1638/1196/1300 1641/1193/426
f 1632/1193/355 1631/1198/355 1626/1195/355
f 1635/1195/355 1640/1198/355 1641/1193/355
f 1645/1199/1301 1651/1200/1302 1652/1201/1303
f 1662/1202/1304 1645/1199/1301 1663/1203/1305
f 1663/1203/1305 1659/1204/1306 1662/1202/1304
f 1656/1205/1307 1650/1206/1308 1657/1207/1309
f 1657/1207/1309 1653/1208/1310 1656/1205/1307
f 1670/1209/1311 1668/1210/1312 1669/1211/1313
f 1659/1204/1306 1650/1206/1308 1649/1212/1314
f 1662/1213/1304 1659/1214/1306 1661/1215/1315
f 1663/1203/1305 1647/1216/1316 1660/1217/1317
f 1668/1210/1312 1653/1208/1310 1654/1218/1318
f 1655/1219/1319 1670/1220/1311 1666/1221/1320
f 1665/1222/1321 1661/1215/1315 1659/1214/1306
f 1660/1217/1317 1647/1216/1316 1658/1223/1322
f 1670/1220/1311 1664/1224/1323 1653/1225/1310
f 1670/1220/1311 1653/1225/1310 1667/1226/1324
f 1669/1211/1313 1660/1217/1317 1658/1223/1322
f 1668/1210/1312 1654/1218/1318 1660/1217/1317
f 1668/1210/1312 1660/1217/1317 1669/1211/1313
f 1657/1207/1309 1650/1206/1308 1660/1217/1317
f 1657/1207/1309 1660/1217/1317 1654/1218/1318
f 1664/1224/1323 1665/1222/1321 1659/1214/1306
f 1652/1201/1303 1680/1227/1325 1681/1228/1326
f 1677/1229/1327 1681/1228/1326 1680/1227/1325
f 1672/1230/1328 1675/1231/1329 1676/1232/1330
f 1673/1233/1331 1676/1232/1330 1675/1231/1329
f 1684/1234/1332 1666/1235/1320 1685/1236/1333
f 1672/1230/1328 1677/1229/1327 1671/1237/1334
f 1646/1238/1315 1677/1239/1327 1680/1240/1325
f 1678/1241/1335 1679/1242/1336 1681/1228/1326
f 1673/1233/1331 1684/1234/1332 1674/1243/1337
f 1677/1239/1327 1646/1238/1315 1648/1244/1321
f 1682/1245/1338 1679/1242/1336 1678/1241/1335
f 1673/1246/1331 1655/1219/1319 1666/1221/1320
f 1683/1247/1339 1673/1246/1331 1666/1221/1320
f 1680/1240/1325 1651/1248/1302 1646/1238/1315
f 1682/1245/1338 1678/1241/1335 1685/1236/1333
f 1678/1241/1335 1674/1243/1337 1684/1234/1332
f 1685/1236/1333 1678/1241/1335 1684/1234/1332
f 1678/1241/1335 1672/1230/1328 1676/1232/1330
f 1674/1243/1337 1678/1241/1335 1676/1232/1330
f 1677/1239/1327 1648/1244/1321 1655/1219/1319
f 1685/1236/1333 1658/1223/1322 1682/1245/1338
f 1681/1228/1326 1679/1242/1336 1652/1201/1303
f 1664/1224/1323 1648/1244/1321 1665/1222/1321
f 1673/1246/1331 1677/1239/1327 1655/1219/1319
f 1653/1225/1310 1664/1224/1323 1659/1214/1306
f 1656/1249/1307 1653/1225/1310 1659/1214/1306
f 1656/1249/1307 1659/1214/1306 1649/1250/1314
f 1677/1239/1327 1673/1246/1331 1675/1251/1329
f 1677/1239/1327 1675/1251/1329 1671/1252/1334
f 1645/1199/1301 1647/1216/1316 1663/1203/1305
f 1644/1253/1340 1662/1213/1304 1661/1215/1315
f 1651/1248/1302 1661/1215/1315 1646/1238/1315
f 1647/1216/1316 1652/1201/1303 1679/1242/1336
f 1687/1254/1341 1690/1255/1342 1691/1256/1343
f 1693/1256/1344 1690/1257/1342 1692/1255/1345
f 1693/1256/1344 1688/1258/1346 1689/1254/1347
f 1686/1257/1348 1689/1256/1347 1688/1255/1346
f 1694/1259/1302 1702/1201/1301 1701/1200/1340
f 1695/1199/1303 1712/1202/1325 1713/1203/1349
f 1709/1204/1327 1713/1203/1349 1712/1202/1325
f 1700/1206/1328 1706/1205/1329 1707/1207/1330
f 1703/1208/1331 1707/1207/1330 1706/1205/1329
f 1718/1210/1332 1720/1209/1320 1719/1211/1333
f 1700/1206/1328 1709/1204/1327 1699/1212/1334
f 1711/1215/1315 1709/1214/1327 1712/1213/1325
f 1710/1217/1335 1697/1216/1336 1713/1203/1349
f 1703/1208/1331 1718/1210/1332 1704/1218/1337
f 1714/1224/1319 1716/1221/1311 1720/1220/1320
f 1709/1214/1327 1711/1215/1315 1715/1222/1321
f 1708/1223/1322 1697/1216/1336 1710/1217/1335
f 1703/1225/1331 1714/1224/1319 1720/1220/1320
f 1717/1226/1339 1703/1225/1331 1720/1220/1320
f 1708/1223/1322 1710/1217/1335 1719/1211/1333
f 1710/1217/1335 1704/1218/1337 1718/1210/1332
f 1719/1211/1333 1710/1217/1335 1718/1210/1332
f 1710/1217/1335 1700/1206/1328 1707/1207/1330
f 1704/1218/1337 1710/1217/1335 1707/1207/1330
f 1709/1214/1327 1715/1222/1321 1714/1224/1319
f 1730/1227/1304 1702/1201/1301 1731/1228/1350
f 1731/1228/1350 1727/1229/1306 1730/1227/1304
f 1725/1231/1307 1722/1230/1308 1726/1232/1309
f 1726/1232/1309 1723/1233/1310 1725/1231/1307
f 1716/1235/1311 1734/1234/1312 1735/1236/1313
f 1727/1229/1306 1722/1230/1308 1721/1237/1314
f 1730/1240/1304 1727/1239/1306 1696/1238/1315
f 1731/1228/1350 1729/1242/1316 1728/1241/1317
f 1734/1234/1312 1723/1233/1310 1724/1243/1318
f 1698/1244/1321 1696/1238/1315 1727/1239/1306
f 1728/1241/1317 1729/1242/1316 1732/1245/1338
f 1716/1221/1311 1705/1219/1323 1723/1246/1310
f 1716/1221/1311 1723/1246/1310 1733/1247/1324
f 1696/1238/1315 1701/1248/1340 1730/1240/1304
f 1735/1236/1313 1728/1241/1317 1732/1245/1338
f 1734/1234/1312 1724/1243/1318 1728/1241/1317
f 1734/1234/1312 1728/1241/1317 1735/1236/1313
f 1726/1232/1309 1722/1230/1308 1728/1241/1317
f 1726/1232/1309 1728/1241/1317 1724/1243/1318
f 1705/1219/1323 1698/1244/1321 1727/1239/1306
f 1719/1211/1333 1732/1245/1338 1708/1223/1322
f 1702/1201/1301 1729/1242/1316 1731/1228/1350
f 1705/1219/1323 1715/1222/1321 1698/1244/1321
f 1705/1219/1323 1727/1239/1306 1723/1246/1310
f 1709/1214/1327 1714/1224/1319 1703/1225/1331
f 1709/1214/1327 1703/1225/1331 1706/1249/1329
f 1699/1250/1334 1709/1214/1327 1706/1249/1329
f 1725/1251/1307 1723/1246/1310 1727/1239/1306
f 1721/1252/1314 1725/1251/1307 1727/1239/1306
f 1713/1203/1349 1697/1216/1336 1695/1199/1303
f 1711/1215/1315 1712/1213/1325 1694/1253/1302
f 1711/1215/1315 1701/1248/1340 1696/1238/1315
f 1702/1201/1301 1697/1216/1336 1729/1242/1316
f 1736/1258/1342 1741/1256/1341 1740/1255/1348
f 1740/1257/1348 1743/1256/1347 1742/1255/1346
f 1742/1255/1346 1739/1254/1344 1738/1258/1345
f 1739/1256/1344 1736/1257/1342 1738/1255/1345
f 1645/1199/1301 1644/1259/1340 1651/1200/1302
f 1662/1202/1304 1644/1259/1340 1645/1199/1301
f 1663/1203/1305 1660/1217/1317 1659/1204/1306
f 1656/1205/1307 1649/1212/1314 1650/1206/1308
f 1657/1207/1309 1654/1218/1318 1653/1208/1310
f 1670/1209/1311 1667/1260/1324 1668/1210/1312
f 1659/1204/1306 1660/1217/1317 1650/1206/1308
f 1668/1210/1312 1667/1260/1324 1653/1208/1310
f 1655/1219/1319 1664/1224/1323 1670/1220/1311
f 1652/1201/1303 1651/1200/1302 1680/1227/1325
f 1677/1229/1327 1678/1241/1335 1681/1228/1326
f 1672/1230/1328 1671/1237/1334 1675/1231/1329
f 1673/1233/1331 1674/1243/1337 1676/1232/1330
f 1684/1234/1332 1683/1261/1339 1666/1235/1320
f 1672/1230/1328 1678/1241/1335 1677/1229/1327
f 1673/1233/1331 1683/1261/1339 1684/1234/1332
f 1685/1236/1333 1669/1211/1313 1658/1223/1322
f 1664/1224/1323 1655/1219/1319 1648/1244/1321
f 1651/1248/1302 1644/1253/1340 1661/1215/1315
f 1647/1216/1316 1645/1199/1301 1652/1201/1303
f 1687/1254/1341 1686/1258/1348 1690/1255/1342
f 1693/1256/1344 1691/1262/1343 1690/1257/1342
f 1693/1256/1344 1692/1255/1345 1688/1258/1346
f 1686/1257/1348 1687/1262/1341 1689/1256/1347
f 1694/1259/1302 1695/1199/1303 1702/1201/1301
f 1695/1199/1303 1694/1259/1302 1712/1202/1325
f 1709/1204/1327 1710/1217/1335 1713/1203/1349
f 1700/1206/1328 1699/1212/1334 1706/1205/1329
f 1703/1208/1331 1704/1218/1337 1707/1207/1330
f 1718/1210/1332 1717/1260/1339 1720/1209/1320
f 1700/1206/1328 1710/1217/1335 1709/1204/1327
f 1703/1208/1331 1717/1260/1339 1718/1210/1332
f 1714/1224/1319 1705/1219/1323 1716/1221/1311
f 1730/1227/1304 1701/1200/1340 1702/1201/1301
f 1731/1228/1350 1728/1241/1317 1727/1229/1306
f 1725/1231/1307 1721/1237/1314 1722/1230/1308
f 1726/1232/1309 1724/1243/1318 1723/1233/1310
f 1716/1235/1311 1733/1261/1324 1734/1234/1312
f 1727/1229/1306 1728/1241/1317 1722/1230/1308
f 1734/1234/1312 1733/1261/1324 1723/1233/1310
f 1719/1211/1333 1735/1236/1313 1732/1245/1338
f 1705/1219/1323 1714/1224/1319 1715/1222/1321
f 1711/1215/1315 1694/1253/1302 1701/1248/1340
f 1702/1201/1301 1695/1199/1303 1697/1216/1336
f 1736/1258/1342 1737/1254/1343 1741/1256/1341
f 1740/1257/1348 1741/1262/1341 1743/1256/1347
f 1742/1255/1346 1743/1256/1347 1739/1254/1344
f 1739/1256/1344 1737/1262/1343 1736/1257/1342
f 1755/1263/1351 1744/1264/1352 1749/1265/1353
f 1750/1264/1354 1747/1263/1355 1754/1265/1356
f 1754/1264/1356 1753/1266/1357 1752/1267/1358
f 1753/1266/1357 1745/1268/1359 1752/1267/1358
f 1749/1269/1353 1750/1270/1354 1754/1271/1356
f 1747/1272/1355 1751/1273/1360 1755/1274/1351
f 1747/1272/1355 1755/1274/1351 1753/1275/1357
f 1755/1274/1351 1746/1276/1361 1753/1275/1357
f 1745/1277/1359 1749/1269/1353 1754/1271/1356
f 1745/1277/1359 1754/1271/1356 1752/1278/1358
f 1759/1266/1362 1750/1264/1354 1758/1267/1363
f 1756/1268/1364 1759/1266/1362 1758/1267/1363
f 1759/1279/1362 1751/1273/1360 1748/1280/1365
f 1759/1279/1362 1757/1281/1366 1751/1273/1360
f 1750/1270/1354 1744/1282/1352 1756/1283/1364
f 1758/1284/1363 1750/1270/1354 1756/1283/1364
f 1744/1285/1352 1751/1286/1360 1757/1287/1366
f 1756/1268/1364 1744/1285/1352 1757/1287/1366
f 1749/1285/1353 1745/1268/1359 1746/1287/1361
f 1755/1286/1351 1749/1285/1353 1746/1287/1361
f 1767/1288/1351 1765/1265/1352 1760/1264/1353
f 1764/1288/1355 1770/1265/1354 1763/1263/1365
f 1769/1266/1362 1770/1264/1354 1768/1267/1363
f 1761/1268/1364 1769/1266/1362 1768/1267/1363
f 1760/1282/1353 1770/1271/1354 1766/1270/1356
f 1764/1280/1355 1771/1274/1360 1767/1273/1351
f 1769/1275/1362 1771/1274/1360 1763/1272/1365
f 1769/1275/1362 1762/1276/1366 1771/1274/1360
f 1770/1271/1354 1765/1269/1352 1761/1277/1364
f 1768/1278/1363 1770/1271/1354 1761/1277/1364
f 1766/1264/1356 1775/1266/1357 1774/1267/1358
f 1775/1266/1357 1772/1268/1359 1774/1267/1358
f 1764/1280/1355 1767/1273/1351 1775/1279/1357
f 1767/1273/1351 1773/1281/1361 1775/1279/1357
f 1772/1283/1359 1760/1282/1353 1766/1270/1356
f 1772/1283/1359 1766/1270/1356 1774/1284/1358
f 1773/1287/1361 1767/1286/1351 1760/1285/1353
f 1773/1287/1361 1760/1285/1353 1772/1268/1359
f 1762/1287/1366 1761/1268/1364 1765/1285/1352
f 1762/1287/1366 1765/1285/1352 1771/1286/1360
f 1755/1263/1351 1751/1288/1360 1744/1264/1352
f 1750/1264/1354 1748/1288/1365 1747/1263/1355
f 1754/1264/1356 1747/1288/1355 1753/1266/1357
f 1753/1266/1357 1746/1287/1361 1745/1268/1359
f 1749/1269/1353 1744/1282/1352 1750/1270/1354
f 1747/1272/1355 1748/1280/1365 1751/1273/1360
f 1759/1266/1362 1748/1288/1365 1750/1264/1354
f 1756/1268/1364 1757/1287/1366 1759/1266/1362
f 1767/1288/1351 1771/1263/1360 1765/1265/1352
f 1764/1288/1355 1766/1264/1356 1770/1265/1354
f 1769/1266/1362 1763/1288/1365 1770/1264/1354
f 1761/1268/1364 1762/1287/1366 1769/1266/1362
f 1760/1282/1353 1765/1269/1352 1770/1271/1354
f 1764/1280/1355 1763/1272/1365 1771/1274/1360
f 1766/1264/1356 1764/1288/1355 1775/1266/1357
f 1775/1266/1357 1773/1287/1361 1772/1268/1359
f 1787/1289/1367 1785/1290/1368 1786/1291/1368
f 1787/1289/1367 1790/1292/1368 1791/1293/1367
f 1783/1294/1369 1790/1292/1368 1786/1291/1368
f 1785/1290/1368 1783/1294/1369 1786/1291/1368
f 1784/1295/1368 1789/1296/1370 1780/1297/1371
f 1782/1298/1372 1789/1296/1370 1790/1292/1368
f 1779/1299/1373 1783/1300/1369 1777/1301/1374
f 1783/1300/1369 1781/1302/1375 1777/1301/1374
f 1788/1303/1376 1782/1304/1372 1778/1305/1377
f 1788/1303/1376 1789/1296/1370 1782/1304/1372
f 1779/1299/1373 1782/1304/1372 1783/1300/1369
f 1789/1296/1370 1776/1306/504 1780/1297/1371
f 1790/1292/1368 1784/1295/1368 1791/1293/1367
f 1804/1307/1378 1800/1308/1379 1796/1309/1380
f 1803/1310/1381 1804/1307/1378 1796/1309/1380
f 1799/1311/1382 1810/1312/1383 1797/1313/1384
f 1801/1314/1385 1799/1311/1382 1797/1313/1384
f 1800/1308/1379 1797/1313/1384 1796/1309/1380
f 1803/1310/1381 1795/1315/1386 1802/1316/1387
f 1804/1307/1378 1802/1316/1387 1798/1317/1388
f 1793/1318/1389 1805/1319/1390 1807/1320/1390
f 1794/1321/1389 1807/1320/1390 1808/1322/1391
f 1795/1315/1386 1811/1323/1392 1809/1324/1392
f 1805/1319/1390 1811/1323/1392 1807/1320/1390
f 1796/1309/1380 1812/1325/1393 1811/1323/1392
f 1807/1320/1390 1812/1325/1393 1808/1322/1391
f 1806/1326/1394 1812/1325/1393 1810/1312/1383
f 1812/1325/1393 1797/1313/1384 1810/1312/1383
f 1794/1321/1389 1808/1322/1391 1806/1326/1394
f 1820/1291/1368 1819/1290/1368 1821/1289/1367
f 1824/1292/1368 1821/1289/1367 1791/1293/1367
f 1817/1298/1395 1820/1291/1368 1824/1292/1368
f 1818/1294/1396 1819/1290/1368 1820/1291/1368
f 1823/1296/1397 1784/1295/1368 1780/1297/1371
f 1824/1292/1368 1823/1296/1397 1817/1298/1395
f 1813/1301/1398 1818/1300/1396 1815/1299/1399
f 1813/1301/1398 1816/1302/1400 1818/1300/1396
f 1814/1305/1401 1817/1304/1395 1822/1303/1402
f 1817/1304/1395 1823/1296/1397 1822/1303/1402
f 1817/1304/1395 1815/1299/1399 1818/1300/1396
f 1822/1303/1402 1780/1297/1371 1776/1306/504
f 1791/1293/1367 1784/1295/1368 1824/1292/1368
f 1827/1309/1403 1830/1308/1404 1833/1307/1405
f 1827/1309/1403 1833/1307/1405 1832/1310/1406
f 1828/1313/1407 1837/1312/1408 1829/1311/1409
f 1828/1313/1407 1829/1311/1409 1831/1314/1410
f 1828/1313/1407 1830/1308/1404 1827/1309/1403
f 1795/1315/1386 1832/1310/1406 1802/1316/1387
f 1832/1310/1406 1798/1317/1388 1802/1316/1387
f 1792/1327/1389 1835/1320/1390 1805/1319/1390
f 1825/1318/1389 1836/1322/1411 1835/1320/1390
f 1827/1309/1403 1809/1324/1392 1838/1323/1392
f 1809/1324/1392 1835/1320/1390 1838/1323/1392
f 1839/1325/1412 1827/1309/1403 1838/1323/1392
f 1838/1323/1392 1836/1322/1411 1839/1325/1412
f 1839/1325/1412 1834/1326/1413 1837/1312/1408
f 1837/1312/1408 1828/1313/1407 1839/1325/1412
f 1834/1326/1413 1836/1322/1411 1826/1321/1389
f 1787/1289/1367 1786/1291/1368 1790/1292/1368
f 1783/1294/1369 1782/1298/1372 1790/1292/1368
f 1785/1290/1368 1781/1328/1375 1783/1294/1369
f 1784/1295/1368 1790/1292/1368 1789/1296/1370
f 1779/1299/1373 1778/1305/1377 1782/1304/1372
f 1789/1296/1370 1788/1303/1376 1776/1306/504
f 1800/1308/1379 1801/1314/1385 1797/1313/1384
f 1803/1310/1381 1796/1309/1380 1795/1315/1386
f 1804/1307/1378 1803/1310/1381 1802/1316/1387
f 1793/1318/1389 1792/1327/1389 1805/1319/1390
f 1794/1321/1389 1793/1318/1389 1807/1320/1390
f 1795/1315/1386 1796/1309/1380 1811/1323/1392
f 1805/1319/1390 1809/1324/1392 1811/1323/1392
f 1796/1309/1380 1797/1313/1384 1812/1325/1393
f 1807/1320/1390 1811/1323/1392 1812/1325/1393
f 1806/1326/1394 1808/1322/1391 1812/1325/1393
f 1824/1292/1368 1820/1291/1368 1821/1289/1367
f 1817/1298/1395 1818/1294/1396 1820/1291/1368
f 1818/1294/1396 1816/1328/1400 1819/1290/1368
f 1823/1296/1397 1824/1292/1368 1784/1295/1368
f 1817/1304/1395 1814/1305/1401 1815/1299/1399
f 1822/1303/1402 1823/1296/1397 1780/1297/1371
f 1828/1313/1407 1831/1314/1410 1830/1308/1404
f 1795/1315/1386 1827/1309/1403 1832/1310/1406
f 1832/1310/1406 1833/1307/1405 1798/1317/1388
f 1792/1327/1389 1825/1318/1389 1835/1320/1390
f 1825/1318/1389 1826/1321/1389 1836/1322/1411
f 1827/1309/1403 1795/1315/1386 1809/1324/1392
f 1809/1324/1392 1805/1319/1390 1835/1320/1390
f 1839/1325/1412 1828/1313/1407 1827/1309/1403
f 1838/1323/1392 1835/1320/1390 1836/1322/1411
f 1839/1325/1412 1836/1322/1411 1834/1326/1413
f 1841/1329/1414 1842/1330/1415 1840/1331/1416
f 1844/1329/1417 1845/1331/1418 1843/1330/1419
f 1845/1332/1418 1842/1333/1415 1843/1334/1419
f 1842/1333/1415 1855/1335/1420 1843/1334/1419
f 1845/1334/1418 1852/1336/1421 1840/1333/1416
f 1846/1337/59 1859/1338/1422 1858/1339/1423
f 1847/1340/1424 1860/1341/1425 1859/1342/1422
f 1854/1336/1426 1860/1341/1425 1855/1335/1420
f 1848/1343/1427 1861/1339/1428 1860/1338/1425
f 1849/1337/176 1862/1344/1429 1861/1339/1428
f 1850/1345/1430 1863/1342/1431 1862/1341/1429
f 1857/1335/1432 1863/1342/1431 1852/1336/1421
f 1851/1346/1433 1858/1339/1423 1863/1344/1431
f 1856/1347/1434 1861/1339/1428 1862/1344/1429
f 1857/1348/1432 1856/1347/1434 1862/1344/1429
f 1845/1331/1418 1844/1329/1417 1856/1347/1434
f 1857/1348/1432 1845/1331/1418 1856/1347/1434
f 1853/1347/1435 1841/1329/1414 1840/1331/1416
f 1852/1348/1421 1853/1347/1435 1840/1331/1416
f 1853/1347/1435 1852/1348/1421 1863/1344/1431
f 1858/1339/1423 1853/1347/1435 1863/1344/1431
f 1853/1347/1435 1854/1349/1426 1842/1330/1415
f 1841/1329/1414 1853/1347/1435 1842/1330/1415
f 1856/1347/1434 1844/1329/1417 1843/1330/1419
f 1855/1349/1420 1856/1347/1434 1843/1330/1419
f 1856/1347/1434 1855/1349/1420 1860/1338/1425
f 1861/1339/1428 1856/1347/1434 1860/1338/1425
f 1859/1338/1422 1854/1349/1426 1853/1347/1435
f 1858/1339/1423 1859/1338/1422 1853/1347/1435
f 1845/1332/1418 1840/1350/1416 1842/1333/1415
f 1842/1333/1415 1854/1336/1426 1855/1335/1420
f 1845/1334/1418 1857/1335/1432 1852/1336/1421
f 1846/1337/59 1847/1343/1424 1859/1338/1422
f 1847/1340/1424 1848/1345/1427 1860/1341/1425
f 1854/1336/1426 1859/1342/1422 1860/1341/1425
f 1848/1343/1427 1849/1337/176 1861/1339/1428
f 1849/1337/176 1850/1346/1430 1862/1344/1429
f 1850/1345/1430 1851/1340/1433 1863/1342/1431
f 1857/1335/1432 1862/1341/1429 1863/1342/1431
f 1851/1346/1433 1846/1337/59 1858/1339/1423
f 1867/1351/1436 1864/1352/1437 1865/1353/1438
f 1869/1353/1439 1866/1354/1440 1867/1351/1436
f 1871/1351/1441 1868/1352/1442 1869/1353/1439
f 1871/1351/1441 1864/1352/1437 1870/1354/1443
f 1866/1354/1440 1870/1355/1443 1864/1356/1437
f 1867/1351/1436 1866/1354/1440 1864/1352/1437
f 1869/1353/1439 1868/1352/1442 1866/1354/1440
f 1871/1351/1441 1870/1354/1443 1868/1352/1442
f 1871/1351/1441 1865/1353/1438 1864/1352/1437
f 1866/1354/1440 1868/1352/1442 1870/1355/1443
f 1881/1357/1444 1873/1358/1445 1880/1359/1445
f 1882/1360/1446 1872/1361/1444 1881/1357/1444
f 1882/1360/1446 1875/1362/1447 1874/1363/1446
f 1884/1357/1448 1875/1363/1447 1883/1360/1447
f 1885/1359/1449 1876/1361/1450 1884/1357/1448
f 1885/1357/1449 1878/1363/1451 1877/1361/1452
f 1887/1357/1453 1878/1358/1451 1886/1359/1451
f 1887/1360/1453 1873/1361/1445 1879/1363/1453
f 1877/1364/348 1879/1365/348 1873/1366/348
f 1873/1366/348 1876/1367/348 1877/1364/348
f 1874/1363/348 1876/1367/348 1872/1368/348
f 1881/1357/1444 1872/1361/1444 1873/1358/1445
f 1882/1360/1446 1874/1363/1446 1872/1361/1444
f 1882/1360/1446 1883/1369/1447 1875/1362/1447
f 1884/1357/1448 1876/1361/1450 1875/1363/1447
f 1885/1359/1449 1877/1358/1452 1876/1361/1450
f 1885/1357/1449 1886/1360/1451 1878/1363/1451
f 1887/1357/1453 1879/1361/1453 1878/1358/1451
f 1887/1360/1453 1880/1357/1445 1873/1361/1445
f 1877/1364/348 1878/1370/348 1879/1365/348
f 1873/1366/348 1872/1368/348 1876/1367/348
f 1874/1363/348 1875/1362/348 1876/1367/348
f 1893/1371/1454 1889/1372/355 1888/1373/355
f 1892/1371/1455 1889/1372/348 1891/1374/348
f 1893/1374/1456 1890/1373/504 1892/1371/1457
f 1892/1371/1458 1891/1374/1454 1893/1375/1454
f 1893/1371/1454 1891/1374/1454 1889/1372/355
f 1892/1371/1457 1890/1373/504 1889/1372/348
f 1893/1374/1456 1888/1372/1459 1890/1373/504
f 1901/1376/1460 1900/1377/1461 1899/1378/1462
f 1895/1379/791 1898/1380/1463 1901/1381/1460
f 1896/1381/1464 1905/1382/1465 1904/1380/1466
f 1896/1381/1464 1902/1383/1467 1903/1379/789
f 1900/1377/1461 1904/1380/1466 1905/1382/1465
f 1897/1384/1468 1904/1381/1466 1898/1376/1463
f 1899/1378/1462 1896/1381/1464 1901/1376/1460
f 1901/1376/1460 1903/1385/789 1895/1384/791
f 1900/1377/1461 1894/1386/1469 1899/1378/1462
f 1901/1376/1460 1898/1387/1463 1900/1377/1461
f 1895/1379/791 1897/1383/1468 1898/1380/1463
f 1896/1381/1464 1894/1386/1469 1905/1382/1465
f 1896/1381/1464 1904/1380/1466 1902/1383/1467
f 1900/1377/1461 1898/1387/1463 1904/1380/1466
f 1897/1384/1468 1902/1385/1467 1904/1381/1466
f 1899/1378/1462 1894/1386/1469 1896/1381/1464
f 1901/1376/1460 1896/1381/1464 1903/1385/789
f 1900/1377/1461 1905/1382/1465 1894/1386/1469
f 1907/1388/1470 1908/1389/1470 1906/1390/1470
f 1907/1388/1470 1909/1391/1470 1908/1389/1470
f 1914/1392/176 1915/1393/176 1912/1394/176
f 1911/1393/59 1910/1392/59 1913/1394/59
f 1911/1395/1471 1914/1392/1471 1910/1396/1471
f 1912/1394/1472 1916/1397/1473 1914/1392/1474
f 1916/1397/1473 1913/1398/1475 1910/1396/1476
f 1914/1392/1474 1916/1397/1473 1910/1396/1476
f 1911/1395/1471 1915/1399/1471 1914/1392/1471
f 1925/1400/1477 1924/1401/1478 1923/1402/1479
f 1933/1403/1480 1925/1400/1477 1930/1404/1481
f 1928/1405/1482 1926/1406/1483 1933/1407/1480
f 1928/1408/1484 1927/1409/1485 1929/1410/1486
f 1933/1407/1480 1930/1411/1481 1934/1412/1487
f 1921/1413/1488 1928/1405/1482 1933/1407/1480
f 1929/1410/1486 1932/1414/1489 1930/1404/1481
f 1930/1404/1481 1932/1414/1489 1934/1415/1487
f 1932/1414/1489 1931/1416/1490 1934/1415/1487
f 1923/1402/1491 1924/1417/1492 1928/1408/1484
f 1923/1402/1491 1928/1408/1484 1929/1410/1486
f 1923/1402/1479 1929/1410/1486 1930/1404/1481
f 1923/1402/1479 1930/1404/1481 1925/1400/1477
f 1921/1413/1488 1934/1412/1487 1922/1418/1493
f 1922/1418/1493 1931/1419/1490 1919/1420/1494
f 1931/1416/1495 1932/1414/1489 1920/1421/1496
f 1931/1416/1495 1920/1421/1496 1919/1422/1495
f 1918/1423/1497 1917/1424/1498 1927/1409/1485
f 1918/1423/1497 1927/1409/1485 1928/1425/1484
f 1917/1424/1498 1920/1421/1496 1932/1414/1489
f 1917/1424/1498 1932/1414/1489 1927/1409/1485
f 1936/1426/1499 1937/1427/1500 1935/1428/1501
f 1937/1427/1500 1945/1429/1502 1942/1430/1503
f 1938/1431/1504 1940/1432/1505 1945/1433/1502
f 1941/1434/1506 1939/1435/1507 1940/1436/1508
f 1946/1437/1509 1942/1438/1503 1945/1433/1502
f 1918/1439/355 1945/1433/1502 1940/1432/1505
f 1944/1440/1510 1941/1434/1506 1942/1430/1503
f 1946/1441/1509 1944/1440/1510 1942/1430/1503
f 1946/1441/1509 1943/1442/1511 1944/1440/1510
f 1940/1436/1508 1936/1443/1512 1935/1428/1513
f 1941/1434/1506 1940/1436/1508 1935/1428/1513
f 1942/1430/1503 1941/1434/1506 1935/1428/1501
f 1937/1427/1500 1942/1430/1503 1935/1428/1501
f 1945/1433/1502 1922/1418/1493 1946/1437/1509
f 1943/1444/1511 1922/1418/1493 1919/1420/1494
f 1920/1421/1496 1944/1440/1510 1943/1442/1495
f 1919/1422/1495 1920/1421/1496 1943/1442/1495
f 1939/1435/1507 1917/1424/1498 1918/1423/1497
f 1940/1445/1508 1939/1435/1507 1918/1423/1497
f 1944/1440/1510 1920/1421/1496 1917/1424/1498
f 1939/1435/1507 1944/1440/1510 1917/1424/1498
f 1925/1400/1477 1926/1446/1483 1924/1401/1478
f 1933/1403/1480 1926/1447/1483 1925/1400/1477
f 1928/1405/1482 1924/1448/1478 1926/1406/1483
f 1921/1413/1488 1918/1439/355 1928/1405/1482
f 1929/1410/1486 1927/1409/1485 1932/1414/1489
f 1921/1413/1488 1933/1407/1480 1934/1412/1487
f 1922/1418/1493 1934/1412/1487 1931/1419/1490
f 1936/1426/1499 1938/1449/1504 1937/1427/1500
f 1937/1427/1500 1938/1450/1504 1945/1429/1502
f 1938/1431/1504 1936/1451/1499 1940/1432/1505
f 1918/1439/355 1921/1413/1488 1945/1433/1502
f 1944/1440/1510 1939/1435/1507 1941/1434/1506
f 1945/1433/1502 1921/1413/1488 1922/1418/1493
f 1943/1444/1511 1946/1437/1509 1922/1418/1493
f 1950/1452/1514 1947/1453/1515 1948/1452/1516
f 1952/1454/1517 1949/1453/1518 1950/1452/1514
f 1954/1454/1519 1951/1455/1520 1952/1454/1517
f 1954/1454/1519 1947/1453/1515 1953/1455/1521
f 1957/1456/1515 1956/1457/1522 1955/1456/1518
f 1957/1456/1515 1960/1458/1519 1958/1457/1516
f 1961/1459/1523 1960/1458/1519 1959/1459/1521
f 1955/1456/1518 1962/1458/1517 1961/1459/1523
f 1950/1452/1514 1949/1453/1518 1947/1453/1515
f 1952/1454/1517 1951/1455/1520 1949/1453/1518
f 1954/1454/1519 1953/1455/1521 1951/1455/1520
f 1954/1454/1519 1948/1452/1516 1947/1453/1515
f 1957/1456/1515 1958/1457/1516 1956/1457/1522
f 1957/1456/1515 1959/1459/1521 1960/1458/1519
f 1961/1459/1523 1962/1458/1517 1960/1458/1519
f 1955/1456/1518 1956/1457/1522 1962/1458/1517
f 1968/1460/1524 1964/1461/1525 1963/1462/1524
f 1967/1463/1526 1964/1461/1526 1966/1464/1526
f 1968/1460/1524 1965/1465/1527 1967/1463/1528
f 1964/1461/1529 1965/1465/1529 1963/1462/1529
f 1967/1463/1530 1966/1464/1530 1968/1460/1530
f 1974/1460/1531 1970/1461/1532 1969/1462/1531
f 1972/1464/1533 1971/1465/1533 1970/1461/1533
f 1974/1460/1531 1971/1465/1534 1973/1463/1535
f 1970/1461/1536 1971/1465/1536 1969/1462/1536
f 1973/1463/1537 1972/1464/1537 1974/1460/1537
f 1968/1460/1524 1966/1464/1538 1964/1461/1525
f 1967/1463/1526 1965/1465/1526 1964/1461/1526
f 1968/1460/1524 1963/1462/1524 1965/1465/1527
f 1974/1460/1531 1972/1464/1539 1970/1461/1532
f 1972/1464/1533 1973/1463/1533 1971/1465/1533
f 1974/1460/1531 1969/1462/1531 1971/1465/1534
f 1979/1466/1540 1978/1467/1540 1980/1468/1540
f 1981/1469/1541 1978/1467/1542 1982/1470/1543
f 1976/1471/1544 1981/1469/1541 1982/1470/1543
f 1978/1467/1545 1983/1472/1546 1982/1470/1547
f 1976/1471/1548 1983/1472/1549 1977/1473/1548
f 1983/1472/1550 1980/1468/1551 1981/1469/1552
f 1975/1474/1553 1983/1472/1550 1981/1469/1552
f 1988/1466/1554 1987/1467/1554 1989/1468/1554
f 1990/1469/1555 1987/1467/1556 1991/1470/1557
f 1985/1471/1558 1990/1469/1555 1991/1470/1557
f 1987/1467/1559 1992/1472/1560 1991/1470/1561
f 1985/1471/1562 1992/1472/1560 1986/1473/1562
f 1992/1472/1563 1989/1468/1564 1990/1469/1565
f 1984/1474/1566 1992/1472/1563 1990/1469/1565
f 1981/1469/1541 1980/1468/1542 1978/1467/1542
f 1976/1471/1544 1975/1474/1544 1981/1469/1541
f 1978/1467/1545 1979/1466/1545 1983/1472/1546
f 1976/1471/1567 1982/1470/1547 1983/1472/1546
f 1983/1472/1550 1979/1466/1551 1980/1468/1551
f 1975/1474/1553 1977/1473/1553 1983/1472/1550
f 1990/1469/1555 1989/1468/1556 1987/1467/1556
f 1985/1471/1558 1984/1474/1558 1990/1469/1555
f 1987/1467/1559 1988/1466/1559 1992/1472/1560
f 1985/1471/1568 1991/1470/1561 1992/1472/1560
f 1992/1472/1563 1988/1466/1564 1989/1468/1564
f 1984/1474/1566 1986/1473/1566 1992/1472/1563
f 1994/1475/1569 1993/1476/1569 1995/1477/1569
f 1995/1477/1570 1993/1476/1570 1996/1478/1570
f 1993/1476/1571 1994/1475/1571 1996/1479/1571
f 1994/1475/1572 1995/1477/1572 1996/1480/1572
f 2002/1460/1573 1998/1461/1574 1997/1462/1575
f 2000/1464/1576 1999/1465/1577 1998/1461/1577
f 2002/1460/1573 1999/1465/1578 2001/1463/1578
f 1998/1461/1579 1999/1465/1579 1997/1462/1579
f 2001/1463/1580 2000/1464/1580 2002/1460/1580
f 2002/1460/1573 2000/1464/1574 1998/1461/1574
f 2000/1464/1576 2001/1463/1576 1999/1465/1577
f 2002/1460/1573 1997/1462/1575 1999/1465/1578
f 2009/1481/1581 2004/1482/1582 2008/1483/1583
f 2010/1483/1584 2005/1484/1585 2009/1481/1581
f 2011/1481/1586 2006/1482/1587 2010/1483/1584
f 2004/1485/1582 2005/1484/1585 2003/1486/176
f 2005/1484/1585 2006/1482/1587 2003/1486/176
f 2006/1482/1587 2007/1487/1588 2003/1486/176
f 2009/1484/1581 2008/1485/1583 2012/1486/59
f 2010/1482/1584 2009/1484/1581 2012/1486/59
f 2011/1487/1586 2010/1482/1584 2012/1486/59
f 2015/1484/1581 2018/1483/1582 2014/1482/1583
f 2016/1482/1584 2019/1481/1585 2015/1484/1581
f 2017/1484/1586 2020/1483/1587 2016/1482/1584
f 2013/1486/59 2015/1484/1581 2014/1485/1583
f 2013/1486/59 2016/1482/1584 2015/1484/1581
f 2013/1486/59 2017/1487/1586 2016/1482/1584
f 2022/1486/176 2018/1485/1582 2019/1484/1585
f 2022/1486/176 2019/1484/1585 2020/1482/1587
f 2022/1486/176 2020/1482/1587 2021/1487/1588
f 2009/1481/1581 2005/1484/1585 2004/1482/1582
f 2010/1483/1584 2006/1482/1587 2005/1484/1585
f 2011/1481/1586 2007/1484/1588 2006/1482/1587
f 2015/1484/1581 2019/1481/1585 2018/1483/1582
f 2016/1482/1584 2020/1483/1587 2019/1481/1585
f 2017/1484/1586 2021/1481/1588 2020/1483/1587
